Workbook
Name AREAland.C: [1]input!$L$287
Name AREAland.R: [1]input!$L$259
Name AREAsea.C: [1]input!$L$288
Name AREAsea.R: [1]input!$L$260
Name DEPTHfreshwater.C: [1]input!$L$300
Name DEPTHfreshwater.R: [1]input!$L$270
Name DEPTHlake.C: [1]input!$L$299
Name DEPTHlake.R: [1]input!$L$269
Name FRACagsoil.C: [1]input!$L$294
Name FRACfresh.C: [1]input!$L$292
Name FRAClake.C: [1]input!$L$291
Name FRACnatsoil.C: [1]input!$L$293
Name FRACothersoil.C: [1]input!$L$295
Name période_sélectionnée: [2]Echéancier!$H$2
Name PériodeDansPlan: [2]Echéancier!A$5=MEDIAN([2]Echéancier!A$5,[2]Echéancier!$C1,[2]Echéancier!$C1+[2]Echéancier!$D1-1)
Name PériodeDansRéel: [2]Echéancier!A$5=MEDIAN([2]Echéancier!A$5,[2]Echéancier!$E1,[2]Echéancier!$E1+[2]Echéancier!$F1-1)
Name Plan: PériodeDansPlan*([2]Echéancier!$C1>0)
Name PourcentageAccompli: PourcentageAccompliAuDelà*PériodeDansPlan
Name Réel: (PériodeDansRéel*([2]Echéancier!$E1>0))*PériodeDansPlan
Name RéelAuDelà: PériodeDansRéel*([2]Echéancier!$E1>0)
Name RegionBaseRowNr: [3]Run!$F$10
Name SYSTEMAREA.C: [1]continental!$L$16
Name SYSTEMAREA.R: [1]regional!$L$16

Sheet Cover page
B3: SUPPORTING INFORMATION FOR:
B5: Saadi, N., Hajjar, C., Ospital, L., Quik, J., Corella-Puertas, E., Hids, A., Lebrun, M., Louvet, J., Tang, Y., Thonemann, N., Boulay, A.-M. (under review). MarILCA Characterization Factors for Microplastics, Tire Particles and Cellulosic Fibers in Life Cycle Assessment : Regionalized impacts in marine, freshwater and terrestrial ecosystems.
B9: Description:
B10: Supplementary information with derivation of input data for SimpleBox object-oriented (SBoo): degradation data, landscape data, UV intensity calculations, exposure and effect factors (EEFs), Species richness distribution.
B14: Table of content | D14: Description
B15: 1. Degradation data | D15: - Specific surface degradation rates (SSDRs) obtained in literature or derived in previous studies, per compartment and per polymer. A range of values is given to reprsent the full range of degradation rate data available, used in the uncertainty analysis. - PlasticFADE degradation model data given in Tang et al. (under reivew). SimpleBox uses these inputs by default, if available for a specific polymer.
C16: 1.1. SSDRs for water compartments
C17: 1.2. SSDRs for sediment compartments
C18: 1.3. SSDRs for soil compartments
C19: 1.4. PlasticFADE constants
B20: 2. Transfer rates in the marine environment | D20: Default sedimentation rates are input when SBoo returns a settling velocity of 0 m/s (for particles with density lower than that of water). However, for the marine environment, these default settling velocities are not used, as TrackMPD is used to derive settling velocities from water surface to water column, from water column to sediments, at continental and global scales. These settling velocities can be found here.
C21: 2.1. Default sedimentation rates for low density polymers
C22: 2.2. TrackMPD results
B23: 3. SimpleBox object-oriented input | D23: SimpleBox directly reads these sheets to retrive data for fate factors and characterization factors calculations. The sheet contains regional landscape data (e.g. rainrate, wind speed, depth of compartments), polymer data (e.g. degradation rates, density), TrackMPD transfer rates, exposure and effect data (in water, soil, and sediments), and confidence intervals (distribution) when available.
C24: 3.1. Regional landscape data
C25: 3.2. Polymer data
C26: 3.3. Polymer data for uncertainty analysis
C27: 3.4. Exposure and effect factors per compartment with their distribution
C28: 3.5. TrackMPD transfer rates between marine compartments
B29: 4.1. Aggregation data | D29: - Data used to derive the percentage of species in marine environments, for each continent and the global scale (IUCN). - GEP values per continent, per ecosystem used for GLAM compatible units. - Data on emissions to the environment, per polymer type. The ratio of emissions is used for polymer emission-weighted default CFs.
C30: 4.1. Marine species richness data
C31: 4.2. Global exctinction probability (GEP)
C32: 4.3. Polymer emissions data for default CFs
B33: 5. USEtox data | D33: USEtox HC20s for water, used to compare to the HC20 of microplastics. This data was only used to generate comparison graphs (Figure S.8). Data taken from Douziech et al. (2024).
C34: 5.1. Effect factors
C35: 5.2. Characterization factors
B36: References | D36: Full bibliography of this supplementary Information.

Sheet 1.1.SSDR_water
B2: SSDR water
B4: SSDR values are taken from Louvet et al. (2026), Saadi et al. (2025), Saadi & Boulay (2026), and Corella-Puertas et al. (2023). SBoo requires [m/s] as an input for Kssdr. It is assumed that SSDRs are log-normally distributed (Corella-Puertas et al., 2023), and that the lower to upper limit represents the 99% confidence interval (CI), from which the distribution parameters are derived and used as an input in SBoo (for probabilistic solver). However, when plasticFADE model empirical degradation constants (and their CI) are available, they are used as input to compute degradation rates, ignoring the values below.
I5: log-normal distribution | J5: z_0.995 = | K5: 2.576
B6: Polymer type | C6: Geometric mean SSDR [µm/year] | D6: Lower limit SSDR [µm/year] | E6: Upper limit SSDR [µm/year] | F6: Geometric mean SSDR [m/s] | G6: Lower limit SSDR [m/s] | H6: Upper limit SSDR [m/s] | I6: mu | J6: sigma | K6: Model used
B7: EPS | C7: =GEOMEAN(D7,E7) -> 0.031622777 | D7: 0.001 | E7: 1 | F7: =GEOMEAN(G7:H7) -> 1.0027517e-15 | G7: =(D7*0.000001)/(365*24*3600) -> 3.1709792e-17 | H7: =(E7*0.000001)/(365*24*3600) -> 3.1709792e-14 | I7: =LN(F7) -> -34.536029 | J7: =(LN(H7)-LN(G7))/(2*$K$5) -> 1.340791 | K7: SSDR
B8: HDPE | C8: =GEOMEAN(D8,E8) -> 0.10954451 | D8: 0.001 | E8: 12 | F8: =GEOMEAN(G8:H8) -> 3.4736337e-15 | G8: =(D8*0.000001)/(365*24*3600) -> 3.1709792e-17 | H8: =(E8*0.000001)/(365*24*3600) -> 3.805175e-13 | I8: =LN(F8) -> -33.293575 | J8: =(LN(H8)-LN(G8))/(2*$K$5) -> 1.8231098 | K8: PlasticFADE
B9: LDPE | C9: =GEOMEAN(D9,E9) -> 0.19498718 | D9: 0.001 | E9: 38.02 | F9: =GEOMEAN(G9:H9) -> 6.1830029e-15 | G9: =(D9*0.000001)/(365*24*3600) -> 3.1709792e-17 | H9: =(E9*0.000001)/(365*24*3600) -> 1.2056063e-12 | I9: =LN(F9) -> -32.716972 | J9: =(LN(H9)-LN(G9))/(2*$K$5) -> 2.0469464 | K9: PlasticFADE
B10: PA_Nylon | C10: =GEOMEAN(D10,E10) -> 3.2 | D10: 0.032 | E10: 320 | F10: =GEOMEAN(G10:H10) -> 1.0147133e-13 | G10: =(D10*0.000001)/(365*24*3600) -> 1.0147133e-15 | H10: =(E10*0.000001)/(365*24*3600) -> 1.0147133e-11 | I10: =LN(F10) -> -29.919 | J10: =(LN(H10)-LN(G10))/(2*$K$5) -> 1.7877213 | K10: SSDR
B11: PET | C11: =GEOMEAN(D11,E11) -> 0.32403703 | D11: 0.001 | E11: 105 | F11: =GEOMEAN(G11:H11) -> 1.0275147e-14 | G11: =(D11*0.000001)/(365*24*3600) -> 3.1709792e-17 | H11: =(E11*0.000001)/(365*24*3600) -> 3.3295282e-12 | I11: =LN(F11) -> -32.209048 | J11: =(LN(H11)-LN(G11))/(2*$K$5) -> 2.2441218 | K11: PlasticFADE
B12: PP | C12: =GEOMEAN(D12,E12) -> 1.2328828 | D12: 0.2 | E12: 7.6 | F12: =GEOMEAN(G12:H12) -> 3.9094457e-14 | G12: =(D12*0.000001)/(365*24*3600) -> 6.3419584e-15 | H12: =(E12*0.000001)/(365*24*3600) -> 2.4099442e-13 | I12: =LN(F12) -> -30.872796 | J12: =(LN(H12)-LN(G12))/(2*$K$5) -> 0.70605321 | K12: PlasticFADE
B13: PS | C13: =GEOMEAN(D13,E13) -> 0.031622777 | D13: 0.001 | E13: 1 | F13: =GEOMEAN(G13:H13) -> 1.0027517e-15 | G13: =(D13*0.000001)/(365*24*3600) -> 3.1709792e-17 | H13: =(E13*0.000001)/(365*24*3600) -> 3.1709792e-14 | I13: =LN(F13) -> -34.536029 | J13: =(LN(H13)-LN(G13))/(2*$K$5) -> 1.340791 | K13: PlasticFADE
B14: PVC | C14: =GEOMEAN(D14,E14) -> 0.01 | D14: 0.001 | E14: 0.1 | F14: =GEOMEAN(G14:H14) -> 3.1709792e-16 | G14: =(D14*0.000001)/(365*24*3600) -> 3.1709792e-17 | H14: =(E14*0.000001)/(365*24*3600) -> 3.1709792e-15 | I14: =LN(F14) -> -35.687321 | J14: =(LN(H14)-LN(G14))/(2*$K$5) -> 0.89386067 | K14: SSDR
B15: PU | C15: =GEOMEAN(D15,E15) -> 0.25248762 | D15: 0.001 | E15: 63.75 | F15: =GEOMEAN(G15:H15) -> 8.00633e-15 | G15: =(D15*0.000001)/(365*24*3600) -> 3.1709792e-17 | H15: =(E15*0.000001)/(365*24*3600) -> 2.0214992e-12 | I15: =LN(F15) -> -32.458544 | J15: =(LN(H15)-LN(G15))/(2*$K$5) -> 2.1472679 | K15: SSDR
B16: PAN | C16: =GEOMEAN(D16,E16) -> 0.01 | D16: 0.001 | E16: 0.1 | F16: =GEOMEAN(G16:H16) -> 3.1709792e-16 | G16: =(D16*0.000001)/(365*24*3600) -> 3.1709792e-17 | H16: =(E16*0.000001)/(365*24*3600) -> 3.1709792e-15 | I16: =LN(F16) -> -35.687321 | J16: =(LN(H16)-LN(G16))/(2*$K$5) -> 0.89386067 | K16: SSDR
B17: TRWP | C17: - | D17: - | E17: - | F17: =GEOMEAN(G17:H17) -> 3.3287916e-15 | G17: 3.16881e-17 | H17: 3.49685e-13 | I17: =LN(F17) -> -33.336167 | J17: =(LN(H17)-LN(G17))/(2*$K$5) -> 1.8068414 | K17: SSDR
B18: PHA | C18: =GEOMEAN(D18,E18) -> 112.62327 | D18: 7.55 | E18: 1680 | F18: =GEOMEAN(G18:H18) -> 3.5712603e-12 | G18: =(D18*0.000001)/(365*24*3600) -> 2.3940893e-13 | H18: =(E18*0.000001)/(365*24*3600) -> 5.3272451e-11 | I18: =LN(F18) -> -26.358103 | J18: =(LN(H18)-LN(G18))/(2*$K$5) -> 1.0491074 | K18: SSDR
B19: PLA | C19: =GEOMEAN(D19,E19) -> 0.08660254 | D19: 0.001 | E19: 7.5 | F19: =GEOMEAN(G19:H19) -> 2.7461485e-15 | G19: =(D19*0.000001)/(365*24*3600) -> 3.1709792e-17 | H19: =(E19*0.000001)/(365*24*3600) -> 2.3782344e-13 | I19: =LN(F19) -> -33.528577 | J19: =(LN(H19)-LN(G19))/(2*$K$5) -> 1.7318824 | K19: SSDR
B20: PCL | C20: =GEOMEAN(D20,E20) -> 14.839903 | D20: 1.31416 | E20: 167.5768 | F20: =GEOMEAN(G20:H20) -> 4.7057024e-13 | G20: =(D20*0.000001)/(365*24*3600) -> 4.167174e-14 | H20: =(E20*0.000001)/(365*24*3600) -> 5.3138255e-12 | I20: =LN(F20) -> -28.384831 | J20: =(LN(H20)-LN(G20))/(2*$K$5) -> 0.94104116 | K20: SSDR
B21: PBSA | C21: =GEOMEAN(D21,E21) -> 1.5655184 | D21: 0.608 | E21: 4.031 | F21: =GEOMEAN(G21:H21) -> 4.9642264e-14 | G21: =(D21*0.000001)/(365*24*3600) -> 1.9279554e-14 | H21: =(E21*0.000001)/(365*24*3600) -> 1.2782217e-13 | I21: =LN(F21) -> -30.633934 | J21: =(LN(H21)-LN(G21))/(2*$K$5) -> 0.36715739 | K21: SSDR
B22: starch_blend | C22: 101.29 | D22: =C22/10 -> 10.129 | E22: =C22*10 -> 1012.9 | F22: =GEOMEAN(G22:H22) -> 3.2118848e-12 | G22: =(D22*0.000001)/(365*24*3600) -> 3.2118848e-13 | H22: =(E22*0.000001)/(365*24*3600) -> 3.2118848e-11 | I22: =LN(F22) -> -26.464163 | J22: =(LN(H22)-LN(G22))/(2*$K$5) -> 0.89386067 | K22: SSDR
B23: PBAT | C23: =GEOMEAN(D23,E23) -> 11.752936 | D23: 10.27 | E23: 13.45 | F23: =GEOMEAN(G23:H23) -> 3.7268315e-13 | G23: =(D23*0.000001)/(365*24*3600) -> 3.2565956e-13 | H23: =(E23*0.000001)/(365*24*3600) -> 4.264967e-13 | I23: =LN(F23) -> -28.618048 | J23: =(LN(H23)-LN(G23))/(2*$K$5) -> 0.052358712 | K23: SSDR
B24: Cotton | C24: =GEOMEAN(D24,E24) -> 26.796854 | D24: 5.9971847 | E24: 119.73475 | F24: =GEOMEAN(G24:H24) -> 8.4972267e-13 | G24: =(D24*0.000001)/(365*24*3600) -> 1.9016948e-13 | H24: =(E24*0.000001)/(365*24*3600) -> 3.7967639e-12 | I24: =LN(F24) -> -27.793866 | J24: =(LN(H24)-LN(G24))/(2*$K$5) -> 0.58113135 | K24: SSDR
B25: Linen | C25: =GEOMEAN(D25,E25) -> 32.689902 | D25: 21.74 | E25: 49.155 | F25: =GEOMEAN(G25:H25) -> 1.03659e-12 | G25: =(D25*0.000001)/(365*24*3600) -> 6.8937088e-13 | H25: =(E25*0.000001)/(365*24*3600) -> 1.5586948e-12 | I25: =LN(F25) -> -27.595085 | J25: =(LN(H25)-LN(G25))/(2*$K$5) -> 0.15835107 | K25: SSDR
B26: Viscose | C26: =GEOMEAN(D26,E26) -> 31.363267 | D26: 21.922321 | E26: 44.87 | F26: =GEOMEAN(G26:H26) -> 9.9452268e-13 | G26: =(D26*0.000001)/(365*24*3600) -> 6.9515223e-13 | H26: =(E26*0.000001)/(365*24*3600) -> 1.4228184e-12 | I26: =LN(F26) -> -27.636513 | J26: =(LN(H26)-LN(G26))/(2*$K$5) -> 0.13902642 | K26: SSDR
B27: Rayon | C27: =GEOMEAN(D27,E27) -> 31.363267 | D27: 21.922321 | E27: 44.87 | F27: =GEOMEAN(G27:H27) -> 9.9452268e-13 | G27: =(D27*0.000001)/(365*24*3600) -> 6.9515223e-13 | H27: =(E27*0.000001)/(365*24*3600) -> 1.4228184e-12 | I27: =LN(F27) -> -27.636513 | J27: =(LN(H27)-LN(G27))/(2*$K$5) -> 0.13902642 | K27: SSDR
B28: Lyocell | C28: =GEOMEAN(D28,E28) -> 60.679111 | D28: 37.799367 | E28: 97.407836 | F28: =GEOMEAN(G28:H28) -> 1.924122e-12 | G28: =(D28*0.000001)/(365*24*3600) -> 1.1986101e-12 | H28: =(E28*0.000001)/(365*24*3600) -> 3.0887822e-12 | I28: =LN(F28) -> -26.976551 | J28: =(LN(H28)-LN(G28))/(2*$K$5) -> 0.18373725 | K28: SSDR
B29: Modal | C29: =GEOMEAN(D29,E29) -> 54.945003 | D29: 49.834159 | E29: 60.58 | F29: =GEOMEAN(G29:H29) -> 1.7422946e-12 | G29: =(D29*0.000001)/(365*24*3600) -> 1.5802308e-12 | H29: =(E29*0.000001)/(365*24*3600) -> 1.9209792e-12 | I29: =LN(F29) -> -27.075818 | J29: =(LN(H29)-LN(G29))/(2*$K$5) -> 0.037900646 | K29: SSDR

Sheet 1.2.SSDR_sediment
B2: SSDR sediment
B4: SSDR values are taken from Louvet et al. (2026), Saadi et al. (2025), Saadi & Boulay (2026), and Corella-Puertas et al. (2023). SBoo requires [m/s] as an input for Kssdr. It is assumed that SSDRs are log-normally distributed (Corella-Puertas et al., 2023), and that the lower to upper limit represents the 99% confidence interval (CI), from which the distribution parameters are derived and used as an input in SBoo (for probabilistic solver). However, when plasticFADE model empirical degradation constants (and their CI) are available, they are used as input to compute degradation rates, ignoring the values below.
I5: log-normal distribution | J5: z_0.995 = | K5: 2.576
B6: Polymer type | C6: Geometric mean SSDR [µm/year] | D6: Lower limit SSDR [µm/year] | E6: Upper limit SSDR [µm/year] | F6: Geometric mean SSDR [m/s] | G6: Lower limit SSDR [m/s] | H6: Upper limit SSDR [m/s] | I6: mu | J6: sigma | K6: Model used
B7: EPS | C7: =GEOMEAN(D7,E7) -> 0.031622777 | D7: 0.001 | E7: 1 | F7: =GEOMEAN(G7:H7) -> 1.0027517e-15 | G7: =(D7*0.000001)/(365*24*3600) -> 3.1709792e-17 | H7: =(E7*0.000001)/(365*24*3600) -> 3.1709792e-14 | I7: =LN(F7) -> -34.536029 | J7: =(LN(H7)-LN(G7))/(2*$K$5) -> 1.340791 | K7: SSDR
B8: HDPE | C8: =GEOMEAN(D8,E8) -> 0.10954451 | D8: 0.001 | E8: 12 | F8: =GEOMEAN(G8:H8) -> 3.4736337e-15 | G8: =(D8*0.000001)/(365*24*3600) -> 3.1709792e-17 | H8: =(E8*0.000001)/(365*24*3600) -> 3.805175e-13 | I8: =LN(F8) -> -33.293575 | J8: =(LN(H8)-LN(G8))/(2*$K$5) -> 1.8231098 | K8: PlasticFADE
B9: LDPE | C9: =GEOMEAN(D9,E9) -> 0.70413067 | D9: 0.67 | E9: 0.74 | F9: =GEOMEAN(G9:H9) -> 2.2327837e-14 | G9: =(D9*0.000001)/(365*24*3600) -> 2.1245561e-14 | H9: =(E9*0.000001)/(365*24*3600) -> 2.3465246e-14 | I9: =LN(F9) -> -31.432942 | J9: =(LN(H9)-LN(G9))/(2*$K$5) -> 0.019288135 | K9: PlasticFADE
B10: PA_Nylon | C10: =GEOMEAN(D10,E10) -> 3.2 | D10: 0.032 | E10: 320 | F10: =GEOMEAN(G10:H10) -> 1.0147133e-13 | G10: =(D10*0.000001)/(365*24*3600) -> 1.0147133e-15 | H10: =(E10*0.000001)/(365*24*3600) -> 1.0147133e-11 | I10: =LN(F10) -> -29.919 | J10: =(LN(H10)-LN(G10))/(2*$K$5) -> 1.7877213 | K10: SSDR
B11: PET | C11: =GEOMEAN(D11,E11) -> 0.32403703 | D11: 0.001 | E11: 105 | F11: =GEOMEAN(G11:H11) -> 1.0275147e-14 | G11: =(D11*0.000001)/(365*24*3600) -> 3.1709792e-17 | H11: =(E11*0.000001)/(365*24*3600) -> 3.3295282e-12 | I11: =LN(F11) -> -32.209048 | J11: =(LN(H11)-LN(G11))/(2*$K$5) -> 2.2441218 | K11: PlasticFADE
B12: PP | C12: =GEOMEAN(D12,E12) -> 1.2328828 | D12: 0.2 | E12: 7.6 | F12: =GEOMEAN(G12:H12) -> 3.9094457e-14 | G12: =(D12*0.000001)/(365*24*3600) -> 6.3419584e-15 | H12: =(E12*0.000001)/(365*24*3600) -> 2.4099442e-13 | I12: =LN(F12) -> -30.872796 | J12: =(LN(H12)-LN(G12))/(2*$K$5) -> 0.70605321 | K12: PlasticFADE
B13: PS | C13: =GEOMEAN(D13,E13) -> 0.031622777 | D13: 0.001 | E13: 1 | F13: =GEOMEAN(G13:H13) -> 1.0027517e-15 | G13: =(D13*0.000001)/(365*24*3600) -> 3.1709792e-17 | H13: =(E13*0.000001)/(365*24*3600) -> 3.1709792e-14 | I13: =LN(F13) -> -34.536029 | J13: =(LN(H13)-LN(G13))/(2*$K$5) -> 1.340791 | K13: PlasticFADE
B14: PVC | C14: =GEOMEAN(D14,E14) -> 0.01 | D14: 0.001 | E14: 0.1 | F14: =GEOMEAN(G14:H14) -> 3.1709792e-16 | G14: =(D14*0.000001)/(365*24*3600) -> 3.1709792e-17 | H14: =(E14*0.000001)/(365*24*3600) -> 3.1709792e-15 | I14: =LN(F14) -> -35.687321 | J14: =(LN(H14)-LN(G14))/(2*$K$5) -> 0.89386067 | K14: SSDR
B15: PU | C15: =GEOMEAN(D15,E15) -> 0.25248762 | D15: 0.001 | E15: 63.75 | F15: =GEOMEAN(G15:H15) -> 8.00633e-15 | G15: =(D15*0.000001)/(365*24*3600) -> 3.1709792e-17 | H15: =(E15*0.000001)/(365*24*3600) -> 2.0214992e-12 | I15: =LN(F15) -> -32.458544 | J15: =(LN(H15)-LN(G15))/(2*$K$5) -> 2.1472679 | K15: SSDR
B16: PAN | C16: =GEOMEAN(D16,E16) -> 0.01 | D16: 0.001 | E16: 0.1 | F16: =GEOMEAN(G16:H16) -> 3.1709792e-16 | G16: =(D16*0.000001)/(365*24*3600) -> 3.1709792e-17 | H16: =(E16*0.000001)/(365*24*3600) -> 3.1709792e-15 | I16: =LN(F16) -> -35.687321 | J16: =(LN(H16)-LN(G16))/(2*$K$5) -> 0.89386067 | K16: SSDR
B17: TRWP | C17: - | D17: - | E17: - | F17: =GEOMEAN(G17:H17) -> 3.3287916e-15 | G17: 3.16881e-17 | H17: 3.49685e-13 | I17: =LN(F17) -> -33.336167 | J17: =(LN(H17)-LN(G17))/(2*$K$5) -> 1.8068414 | K17: SSDR
B18: PHA | C18: =GEOMEAN(D18,E18) -> 6.1773214 | D18: 0.23 | E18: 165.91 | F18: =GEOMEAN(G18:H18) -> 1.9588158e-13 | G18: =(D18*0.000001)/(365*24*3600) -> 7.2932522e-15 | H18: =(E18*0.000001)/(365*24*3600) -> 5.2609716e-12 | I18: =LN(F18) -> -29.261266 | J18: =(LN(H18)-LN(G18))/(2*$K$5) -> 1.2773916 | K18: SSDR
B19: PLA | C19: =GEOMEAN(D19,E19) -> 0.08660254 | D19: 0.001 | E19: 7.5 | F19: =GEOMEAN(G19:H19) -> 2.7461485e-15 | G19: =(D19*0.000001)/(365*24*3600) -> 3.1709792e-17 | H19: =(E19*0.000001)/(365*24*3600) -> 2.3782344e-13 | I19: =LN(F19) -> -33.528577 | J19: =(LN(H19)-LN(G19))/(2*$K$5) -> 1.7318824 | K19: SSDR
B20: PCL | C20: =GEOMEAN(D20,E20) -> 14.839903 | D20: 1.31416 | E20: 167.5768 | F20: =GEOMEAN(G20:H20) -> 4.7057024e-13 | G20: =(D20*0.000001)/(365*24*3600) -> 4.167174e-14 | H20: =(E20*0.000001)/(365*24*3600) -> 5.3138255e-12 | I20: =LN(F20) -> -28.384831 | J20: =(LN(H20)-LN(G20))/(2*$K$5) -> 0.94104116 | K20: SSDR
B21: PBSA | C21: =GEOMEAN(D21,E21) -> 1.5655184 | D21: 0.608 | E21: 4.031 | F21: =GEOMEAN(G21:H21) -> 4.9642264e-14 | G21: =(D21*0.000001)/(365*24*3600) -> 1.9279554e-14 | H21: =(E21*0.000001)/(365*24*3600) -> 1.2782217e-13 | I21: =LN(F21) -> -30.633934 | J21: =(LN(H21)-LN(G21))/(2*$K$5) -> 0.36715739 | K21: SSDR
B22: starch_blend | C22: 101.29 | D22: =C22/10 -> 10.129 | E22: =C22*10 -> 1012.9 | F22: =GEOMEAN(G22:H22) -> 3.2118848e-12 | G22: =(D22*0.000001)/(365*24*3600) -> 3.2118848e-13 | H22: =(E22*0.000001)/(365*24*3600) -> 3.2118848e-11 | I22: =LN(F22) -> -26.464163 | J22: =(LN(H22)-LN(G22))/(2*$K$5) -> 0.89386067 | K22: SSDR
B23: PBAT | C23: =GEOMEAN(D23,E23) -> 11.752936 | D23: 10.27 | E23: 13.45 | F23: =GEOMEAN(G23:H23) -> 3.7268315e-13 | G23: =(D23*0.000001)/(365*24*3600) -> 3.2565956e-13 | H23: =(E23*0.000001)/(365*24*3600) -> 4.264967e-13 | I23: =LN(F23) -> -28.618048 | J23: =(LN(H23)-LN(G23))/(2*$K$5) -> 0.052358712 | K23: SSDR
B24: Cotton | C24: =GEOMEAN(D24,E24) -> 26.796854 | D24: 5.9971847 | E24: 119.73475 | F24: =GEOMEAN(G24:H24) -> 8.4972267e-13 | G24: =(D24*0.000001)/(365*24*3600) -> 1.9016948e-13 | H24: =(E24*0.000001)/(365*24*3600) -> 3.7967639e-12 | I24: =LN(F24) -> -27.793866 | J24: =(LN(H24)-LN(G24))/(2*$K$5) -> 0.58113135 | K24: SSDR
B25: Linen | C25: =GEOMEAN(D25,E25) -> 32.689902 | D25: 21.74 | E25: 49.155 | F25: =GEOMEAN(G25:H25) -> 1.03659e-12 | G25: =(D25*0.000001)/(365*24*3600) -> 6.8937088e-13 | H25: =(E25*0.000001)/(365*24*3600) -> 1.5586948e-12 | I25: =LN(F25) -> -27.595085 | J25: =(LN(H25)-LN(G25))/(2*$K$5) -> 0.15835107 | K25: SSDR
B26: Viscose | C26: =GEOMEAN(D26,E26) -> 31.363267 | D26: 21.922321 | E26: 44.87 | F26: =GEOMEAN(G26:H26) -> 9.9452268e-13 | G26: =(D26*0.000001)/(365*24*3600) -> 6.9515223e-13 | H26: =(E26*0.000001)/(365*24*3600) -> 1.4228184e-12 | I26: =LN(F26) -> -27.636513 | J26: =(LN(H26)-LN(G26))/(2*$K$5) -> 0.13902642 | K26: SSDR
B27: Rayon | C27: =GEOMEAN(D27,E27) -> 31.363267 | D27: 21.922321 | E27: 44.87 | F27: =GEOMEAN(G27:H27) -> 9.9452268e-13 | G27: =(D27*0.000001)/(365*24*3600) -> 6.9515223e-13 | H27: =(E27*0.000001)/(365*24*3600) -> 1.4228184e-12 | I27: =LN(F27) -> -27.636513 | J27: =(LN(H27)-LN(G27))/(2*$K$5) -> 0.13902642 | K27: SSDR
B28: Lyocell | C28: =GEOMEAN(D28,E28) -> 60.679111 | D28: 37.799367 | E28: 97.407836 | F28: =GEOMEAN(G28:H28) -> 1.924122e-12 | G28: =(D28*0.000001)/(365*24*3600) -> 1.1986101e-12 | H28: =(E28*0.000001)/(365*24*3600) -> 3.0887822e-12 | I28: =LN(F28) -> -26.976551 | J28: =(LN(H28)-LN(G28))/(2*$K$5) -> 0.18373725 | K28: SSDR
B29: Modal | C29: =GEOMEAN(D29,E29) -> 54.945003 | D29: 49.834159 | E29: 60.58 | F29: =GEOMEAN(G29:H29) -> 1.7422946e-12 | G29: =(D29*0.000001)/(365*24*3600) -> 1.5802308e-12 | H29: =(E29*0.000001)/(365*24*3600) -> 1.9209792e-12 | I29: =LN(F29) -> -27.075818 | J29: =(LN(H29)-LN(G29))/(2*$K$5) -> 0.037900646 | K29: SSDR

Sheet 1.3.SSDR_soil
B2: SSDR soil
B4: SSDR values are taken from Louvet et al. (2026), Saadi et al. (2025), Saadi & Boulay (2026), and Corella-Puertas et al. (2023). SBoo requires [m/s] as an input for Kssdr. It is assumed that SSDRs are log-normally distributed (Corella-Puertas et al., 2023), and that the lower to upper limit represents the 99% confidence interval (CI), from which the distribution parameters are derived and used as an input in SBoo (for probabilistic solver). However, when plasticFADE model empirical degradation constants (and their CI) are available, they are used as input to compute degradation rates, ignoring the values below.
I5: log-normal distribution | J5: z_0.995 = | K5: 2.576
B6: Polymer type | C6: Geometric mean SSDR [µm/year] | D6: Lower limit SSDR [µm/year] | E6: Upper limit SSDR [µm/year] | F6: Geometric mean SSDR [m/s] | G6: Lower limit SSDR [m/s] | H6: Upper limit SSDR [m/s] | I6: mu | J6: sigma | K6: Model used | L6: Note
B7: EPS | C7: =GEOMEAN(D7,E7) -> 0.031622777 | D7: 0.001 | E7: 1 | F7: =GEOMEAN(G7:H7) -> 1.0027517e-15 | G7: =(D7*0.000001)/(365*24*3600) -> 3.1709792e-17 | H7: =(E7*0.000001)/(365*24*3600) -> 3.1709792e-14 | I7: =LN(F7) -> -34.536029 | J7: =(LN(H7)-LN(G7))/(2*$K$5) -> 1.340791 | K7: SSDR
B8: HDPE | C8: =GEOMEAN(D8,E8) -> 1.1401754 | D8: 1 | E8: 1.3 | F8: =GEOMEAN(G8:H8) -> 3.6154726e-14 | G8: =(D8*0.000001)/(365*24*3600) -> 3.1709792e-14 | H8: =(E8*0.000001)/(365*24*3600) -> 4.122273e-14 | I8: =LN(F8) -> -30.950969 | J8: =(LN(H8)-LN(G8))/(2*$K$5) -> 0.050924741 | K8: PlasticFADE
B9: LDPE | C9: =GEOMEAN(D9,E9) -> 15.556349 | D9: 11 | E9: 22 | F9: =GEOMEAN(G9:H9) -> 4.932886e-13 | G9: =(D9*0.000001)/(365*24*3600) -> 3.4880771e-13 | H9: =(E9*0.000001)/(365*24*3600) -> 6.9761542e-13 | I9: =LN(F9) -> -28.337682 | J9: =(LN(H9)-LN(G9))/(2*$K$5) -> 0.13453944 | K9: PlasticFADE
B10: PA_Nylon | C10: =GEOMEAN(D10,E10) -> 3.2 | D10: 0.032 | E10: 320 | F10: =GEOMEAN(G10:H10) -> 1.0147133e-13 | G10: =(D10*0.000001)/(365*24*3600) -> 1.0147133e-15 | H10: =(E10*0.000001)/(365*24*3600) -> 1.0147133e-11 | I10: =LN(F10) -> -29.919 | J10: =(LN(H10)-LN(G10))/(2*$K$5) -> 1.7877213 | K10: SSDR
B11: PET | C11: =GEOMEAN(D11,E11) -> 0.59219929 | D11: 0.21 | E11: 1.67 | F11: =GEOMEAN(G11:H11) -> 1.8778516e-14 | G11: =(D11*0.000001)/(365*24*3600) -> 6.6590563e-15 | H11: =(E11*0.000001)/(365*24*3600) -> 5.2955353e-14 | I11: =LN(F11) -> -31.606063 | J11: =(LN(H11)-LN(G11))/(2*$K$5) -> 0.40245951 | K11: PlasticFADE
B12: PP | C12: =GEOMEAN(D12,E12) -> 0.69107852 | D12: 0.29775984 | E12: 1.603942 | F12: =GEOMEAN(G12:H12) -> 2.1913956e-14 | G12: =(D12*0.000001)/(365*24*3600) -> 9.4419026e-15 | H12: =(E12*0.000001)/(365*24*3600) -> 5.0860667e-14 | I12: =LN(F12) -> -31.451653 | J12: =(LN(H12)-LN(G12))/(2*$K$5) -> 0.32685023 | K12: PlasticFADE
B13: PS | C13: =GEOMEAN(D13,E13) -> 0.031622777 | D13: 0.001 | E13: 1 | F13: =GEOMEAN(G13:H13) -> 1.0027517e-15 | G13: =(D13*0.000001)/(365*24*3600) -> 3.1709792e-17 | H13: =(E13*0.000001)/(365*24*3600) -> 3.1709792e-14 | I13: =LN(F13) -> -34.536029 | J13: =(LN(H13)-LN(G13))/(2*$K$5) -> 1.340791 | K13: PlasticFADE
B14: PVC | C14: =GEOMEAN(D14,E14) -> 0.01 | D14: 0.001 | E14: 0.1 | F14: =GEOMEAN(G14:H14) -> 3.1709792e-16 | G14: =(D14*0.000001)/(365*24*3600) -> 3.1709792e-17 | H14: =(E14*0.000001)/(365*24*3600) -> 3.1709792e-15 | I14: =LN(F14) -> -35.687321 | J14: =(LN(H14)-LN(G14))/(2*$K$5) -> 0.89386067 | K14: SSDR
B15: PU | C15: =GEOMEAN(D15,E15) -> 0.25248762 | D15: 0.001 | E15: 63.75 | F15: =GEOMEAN(G15:H15) -> 8.00633e-15 | G15: =(D15*0.000001)/(365*24*3600) -> 3.1709792e-17 | H15: =(E15*0.000001)/(365*24*3600) -> 2.0214992e-12 | I15: =LN(F15) -> -32.458544 | J15: =(LN(H15)-LN(G15))/(2*$K$5) -> 2.1472679 | K15: SSDR
B16: PAN | C16: =GEOMEAN(D16,E16) -> 0.01 | D16: 0.001 | E16: 0.1 | F16: =GEOMEAN(G16:H16) -> 3.1709792e-16 | G16: =(D16*0.000001)/(365*24*3600) -> 3.1709792e-17 | H16: =(E16*0.000001)/(365*24*3600) -> 3.1709792e-15 | I16: =LN(F16) -> -35.687321 | J16: =(LN(H16)-LN(G16))/(2*$K$5) -> 0.89386067 | K16: SSDR
B17: TRWP | C17: - | D17: - | E17: - | F17: =GEOMEAN(G17:H17) -> 2.6740142e-13 | G17: 6.15047e-14 | H17: 1.16257e-12 | I17: =LN(F17) -> -28.950025 | J17: =(LN(H17)-LN(G17))/(2*$K$5) -> 0.5705114 | K17: SSDR
B18: PHA | C18: =GEOMEAN(D18,E18) -> 1194.7446 | D18: 912.5 | E18: 1564.29 | F18: =GEOMEAN(G18:H18) -> 3.7885102e-11 | G18: =(D18*0.000001)/(365*24*3600) -> 2.8935185e-11 | H18: =(E18*0.000001)/(365*24*3600) -> 4.9603311e-11 | I18: =LN(F18) -> -23.996463 | J18: =(LN(H18)-LN(G18))/(2*$K$5) -> 0.10461942 | K18: SSDR
B19: PLA | C19: =GEOMEAN(D19,E19) -> 121.05227 | D19: 78.69 | E19: 186.22 | F19: =GEOMEAN(G19:H19) -> 3.8385423e-12 | G19: =(D19*0.000001)/(365*24*3600) -> 2.4952435e-12 | H19: =(E19*0.000001)/(365*24*3600) -> 5.9049975e-12 | I19: =LN(F19) -> -26.285928 | J19: =(LN(H19)-LN(G19))/(2*$K$5) -> 0.16719967 | K19: SSDR
B20: PCL | C20: =GEOMEAN(D20,E20) -> 14.839903 | D20: 1.31416 | E20: 167.5768 | F20: =GEOMEAN(G20:H20) -> 4.7057024e-13 | G20: =(D20*0.000001)/(365*24*3600) -> 4.167174e-14 | H20: =(E20*0.000001)/(365*24*3600) -> 5.3138255e-12 | I20: =LN(F20) -> -28.384831 | J20: =(LN(H20)-LN(G20))/(2*$K$5) -> 0.94104116 | K20: SSDR
B21: PBSA | C21: =GEOMEAN(D21,E21) -> 44.72287 | D21: 39.673913 | E21: 50.414365 | F21: =GEOMEAN(G21:H21) -> 1.4181529e-12 | G21: =(D21*0.000001)/(365*24*3600) -> 1.2580515e-12 | H21: =(E21*0.000001)/(365*24*3600) -> 1.598629e-12 | I21: =LN(F21) -> -27.281666 | J21: =(LN(H21)-LN(G21))/(2*$K$5) -> 0.046502771 | K21: SSDR
B22: starch_blend | C22: 101.29 | D22: 42.74 | E22: 2556.9 | F22: =GEOMEAN(G22:H22) -> 1.0482564e-11 | G22: =(D22*0.000001)/(365*24*3600) -> 1.3552765e-12 | H22: =(E22*0.000001)/(365*24*3600) -> 8.1078767e-11 | I22: =LN(F22) -> -25.281308 | J22: =(LN(H22)-LN(G22))/(2*$K$5) -> 0.79414123 | K22: SSDR
B23: PBAT | C23: =GEOMEAN(D23,E23) -> 5.4221767 | D23: 1.96 | E23: 15 | F23: =GEOMEAN(G23:H23) -> 1.7193609e-13 | G23: =(D23*0.000001)/(365*24*3600) -> 6.2151192e-14 | H23: =(E23*0.000001)/(365*24*3600) -> 4.7564688e-13 | I23: =LN(F23) -> -29.391654 | J23: =(LN(H23)-LN(G23))/(2*$K$5) -> 0.39501276 | K23: SSDR
B24: Cotton | C24: =GEOMEAN(D24,E24) -> 3.9632422 | D24: =H35 -> 1.8766595 | E24: =H36 -> 8.3698127 | F24: =GEOMEAN(G24:H24) -> 1.2567359e-13 | G24: =(D24*0.000001)/(365*24*3600) -> 5.9508483e-14 | H24: =(E24*0.000001)/(365*24*3600) -> 2.6540502e-13 | I24: =LN(F24) -> -29.705088 | J24: =(LN(H24)-LN(G24))/(2*$K$5) -> 0.29020539 | K24: SSDR | L24: Smith et al. (2021)
B25: Linen | C25: =GEOMEAN(D25,E25) -> 10.917417 | D25: 8.7 | E25: 13.7 | F25: =GEOMEAN(G25:H25) -> 3.4618903e-13 | G25: =(D25*0.000001)/(365*24*3600) -> 2.7587519e-13 | H25: =(E25*0.000001)/(365*24*3600) -> 4.3442415e-13 | I25: =LN(F25) -> -28.691791 | J25: =(LN(H25)-LN(G25))/(2*$K$5) -> 0.08813525 | K25: SSDR | L25: Alliance for European Flax-Linen & Hemp
B26: Viscose | C26: =GEOMEAN(D26,E26) -> 13.252074 | D26: 9.2919153 | E26: 18.900028 | F26: =GEOMEAN(G26:H26) -> 4.202205e-13 | G26: =(D26*0.000001)/(365*24*3600) -> 2.946447e-13 | H26: =(E26*0.000001)/(365*24*3600) -> 5.9931595e-13 | I26: =LN(F26) -> -28.497997 | J26: =(LN(H26)-LN(G26))/(2*$K$5) -> 0.13781419 | K26: SSDR | L26: For regenerated cellulose, degradation data in soil is only available for Lyocell (Lott et al., 2025). This SSDR value for lyocell was applied to all regenerated cellulose, before more data becomes available.
B27: Rayon | C27: =GEOMEAN(D27,E27) -> 13.252074 | D27: =D26 -> 9.2919153 | E27: =E26 -> 18.900028 | F27: =GEOMEAN(G27:H27) -> 4.202205e-13 | G27: =(D27*0.000001)/(365*24*3600) -> 2.946447e-13 | H27: =(E27*0.000001)/(365*24*3600) -> 5.9931595e-13 | I27: =LN(F27) -> -28.497997 | J27: =(LN(H27)-LN(G27))/(2*$K$5) -> 0.13781419 | K27: SSDR
B28: Lyocell | C28: =GEOMEAN(D28,E28) -> 13.252074 | D28: =D27 -> 9.2919153 | E28: =E27 -> 18.900028 | F28: =GEOMEAN(G28:H28) -> 4.202205e-13 | G28: =(D28*0.000001)/(365*24*3600) -> 2.946447e-13 | H28: =(E28*0.000001)/(365*24*3600) -> 5.9931595e-13 | I28: =LN(F28) -> -28.497997 | J28: =(LN(H28)-LN(G28))/(2*$K$5) -> 0.13781419 | K28: SSDR
B29: Modal | C29: =GEOMEAN(D29,E29) -> 13.252074 | D29: =D28 -> 9.2919153 | E29: =E28 -> 18.900028 | F29: =GEOMEAN(G29:H29) -> 4.202205e-13 | G29: =(D29*0.000001)/(365*24*3600) -> 2.946447e-13 | H29: =(E29*0.000001)/(365*24*3600) -> 5.9931595e-13 | I29: =LN(F29) -> -28.497997 | J29: =(LN(H29)-LN(G29))/(2*$K$5) -> 0.13781419 | K29: SSDR
B32: Additional SSDRs are computed, based on the approach of Maga et al. (2022), for materials not included in previous MarILCA studies.
B34: Material | C34: Reference | D34: shape factor (1, 2, 3) | E34: % Reduction in mass | F34: time (yr) | G34: Initial size (um) | H34: SSDR (um/yr) | I34: SSDR (m/s)
B35: Cotton | C35: Smith et al. (2021) | D35: 2 | E35: 0.2 | F35: =154/365 -> 0.42191781 | G35: 15 | H35: =1/2*G35/F35*(1-(1-E35)^(1/D35)) -> 1.8766595 | I35: =H35/(365*24*3600)/1000000 -> 5.9508483e-14
B36: Cotton | C36: Smith et al. (2021) | D36: 2 | E36: 0.72 | F36: =154/365 -> 0.42191781 | G36: 15 | H36: =1/2*G36/F36*(1-(1-E36)^(1/D36)) -> 8.3698127 | I36: =H36/(365*24*3600)/1000000 -> 2.6540502e-13
B37: Cotton | C37: Li et al. (2010) | D37: 2 | E37: 0.16 | F37: =90/365 -> 0.24657534 | G37: 15 | H37: =1/2*G37/F37*(1-(1-E37)^(1/D37)) -> 2.5393312 | I37: =H37/(365*24*3600)/1000000 -> 8.0521664e-14
B38: Cotton | C38: Li et al. (2010) | D38: 2 | E38: 0.28 | F38: =90/365 -> 0.24657534 | G38: 15 | H38: =1/2*G38/F38*(1-(1-E38)^(1/D38)) -> 4.6072692 | I38: =H38/(365*24*3600)/1000000 -> 1.4609555e-13

Sheet 1.4.plasticFADE constants
B2: PlasticFADE
B4: plasticFADE empirical constants (deg: x, y, z, tau, theta and eta) are taken from Tang et al. (under review). SBoo takes the empirical constants as an input, when available, and combines them with compartment and region specific UV intensity, as well as compartment specific microbial concentration. To derive the uncertainty associated with the degradation model, the mean and standard deviation of plasticFADE are used. The standard deviation defined in plasticFADE corresponds to the std. dev. of normal distribution in log-space, while the fitted value is the mean value from which we take the log.
C6: HDPE | G6: LDPE | K6: PET | O6: PP | S6: PS
B7: Polymer type | C7: Fitted value | D7: Standard deviation | E7: mu | F7: sigma | G7: Fitted value | H7: Standard deviation | I7: mu | J7: sigma | K7: Fitted value | L7: Standard deviation | M7: mu | N7: sigma | O7: Fitted value | P7: Standard deviation | Q7: mu | R7: sigma | S7: Fitted value | T7: Standard deviation | U7: mu | V7: sigma
B8: degx | C8: 0.010262753 | D8: 0.00088522569 | E8: =LN(C8) -> -4.5792341 | F8: =D8 -> 0.00088522569 | G8: 0.01105059 | H8: 0.0057046217 | I8: =LN(G8) -> -4.5052715 | J8: =H8 -> 0.0057046217 | K8: 0.00024327627 | L8: 0.00029524826 | M8: =LN(K8) -> -8.3213129 | N8: =L8 -> 0.00029524826 | O8: 0.0054981915 | P8: 0.0050951617 | Q8: =LN(O8) -> -5.2033361 | R8: =P8 -> 0.0050951617 | S8: 0.00027325415 | T8: 0.00020039698 | U8: =LN(S8) -> -8.2051082 | V8: =T8 -> 0.00020039698
B9: degtau | C9: 3.3584081e-11 | D9: 0.18031552 | E9: =LN(C9) -> -24.116969 | F9: =D9 -> 0.18031552 | G9: 5e-13 | H9: 0.10974721 | I9: =LN(G9) -> -28.324168 | J9: =H9 -> 0.10974721 | K9: 0.79097577 | L9: 0.1933289 | M9: =LN(K9) -> -0.23448794 | N9: =L9 -> 0.1933289 | O9: 0.013720791 | P9: 0.11216725 | Q9: =LN(O9) -> -4.288843 | R9: =P9 -> 0.11216725 | S9: 0.24329239 | T9: 0.067550473 | U9: =LN(S9) -> -1.4134913 | V9: =T9 -> 0.067550473
B10: degy | C10: 0.0021825284 | D10: 0.004283861 | E10: =LN(C10) -> -6.1272713 | F10: =D10 -> 0.004283861 | G10: 0.01031456 | H10: 0.0061122893 | I10: =LN(G10) -> -4.5741988 | J10: =H10 -> 0.0061122893 | K10: 1.3261956e-05 | L10: 2.1960389e-05 | M10: =LN(K10) -> -11.230611 | N10: =L10 -> 2.1960389e-05 | O10: 0.01724523 | P10: 0.0016245855 | Q10: =LN(O10) -> -4.0602197 | R10: =P10 -> 0.0016245855 | S10: 0.014446952 | T10: 4.3872181e-06 | U10: =LN(S10) -> -4.2372718 | V10: =T10 -> 4.3872181e-06
B11: degtheta | C11: 0.29904863 | D11: 0.56576349 | E11: =LN(C11) -> -1.2071491 | F11: =D11 -> 0.56576349 | G11: 0.0043620223 | H11: 3.6211087e-05 | I11: =LN(G11) -> -5.4348195 | J11: =H11 -> 3.6211087e-05 | K11: 1.8763022 | L11: 0.22318783 | M11: =LN(K11) -> 0.62930293 | N11: =L11 -> 0.22318783 | O11: 0.70549282 | P11: 0.3804722 | Q11: =LN(O11) -> -0.34885869 | R11: =P11 -> 0.3804722 | S11: 1.0090732 | T11: 0.16004413 | U11: =LN(S11) -> 0.0090322632 | V11: =T11 -> 0.16004413
B12: degz | C12: 0.00037803206 | D12: 0.0010821863 | E12: =LN(C12) -> -7.8805316 | F12: =D12 -> 0.0010821863 | G12: 0.00010475543 | H12: 0.00044412819 | I12: =LN(G12) -> -9.1638822 | J12: =H12 -> 0.00044412819 | K12: 0.015217891 | L12: 4.4013893e-06 | M12: =LN(K12) -> -4.1852835 | N12: =L12 -> 4.4013893e-06 | O12: 1.6158544e-05 | P12: 3.8147496e-05 | Q12: =LN(O12) -> -11.033062 | R12: =P12 -> 3.8147496e-05 | S12: 6.2330522e-05 | T12: 0.00017657694 | U12: =LN(S12) -> -9.6830593 | V12: =T12 -> 0.00017657694
B13: degeta | C13: 0.21648777 | D13: 0.17415974 | E13: =LN(C13) -> -1.5302212 | F13: =D13 -> 0.17415974 | G13: 0.32405972 | H13: 0.19223313 | I13: =LN(G13) -> -1.1268275 | J13: =H13 -> 0.19223313 | K13: 0.07846195 | L13: 0.045684842 | M13: =LN(K13) -> -2.5451415 | N13: =L13 -> 0.045684842 | O13: 0.44210919 | P13: 0.11138573 | Q13: =LN(O13) -> -0.8161984 | R13: =P13 -> 0.11138573 | S13: 0.49603679 | T13: 0.1221179 | U13: =LN(S13) -> -0.70110518 | V13: =T13 -> 0.1221179

Sheet 1.5.UVintensity
A1: Adjustment factor per region | G1: Global average UV intensity | K1: Region- and compartment-specific UV intensity [W*m-2]
A2: Region | B2: Latitude range [º] | C2: Longitude range [º] | E2: Adjustment factor [-] | G2: Region | H2: Value [W*m-2] | I2: Reference | K2: Compartment | L2: SBoo compartment name | M2: North America | N2: Latin America | O2: Europe | P2: Africa & Middle East | Q2: Central Asia | R2: Southeast Asia | S2: Northern regions | T2: Oceania | U2: Global scale
A3: North America | B3: (15, 75) | C3: (-170, -50) | E3: 0.802 | G3: Default | H3: 10 | I3: Tang et al. (under review) | K3: Air | L3: air | M3: ='1.5.UVintensity'!$H$3*'1.5.UVintensity'!$E$3*'1.5.UVintensity'!E14 -> 8.02 | N3: ='1.5.UVintensity'!$H$3*'1.5.UVintensity'!$E$4*'1.5.UVintensity'!E14 -> 11.78 | O3: ='1.5.UVintensity'!$H$3*'1.5.UVintensity'!$E$5*'1.5.UVintensity'!E14 -> 5.23 | P3: ='1.5.UVintensity'!$H$3*'1.5.UVintensity'!$E$6*'1.5.UVintensity'!E14 -> 13.82 | Q3: ='1.5.UVintensity'!$H$3*'1.5.UVintensity'!$E$7*'1.5.UVintensity'!E14 -> 5.63 | R3: ='1.5.UVintensity'!$H$3*'1.5.UVintensity'!$E$8*'1.5.UVintensity'!E14 -> 13.65 | S3: ='1.5.UVintensity'!$H$3*'1.5.UVintensity'!$E$9*'1.5.UVintensity'!E14 -> 3.64 | T3: ='1.5.UVintensity'!$H$3*'1.5.UVintensity'!$E$10*'1.5.UVintensity'!E14 -> 11.85 | U3: =H3 -> 10
A4: Latin America | B4: (-60, 15) | C4: (-90, -30) | E4: 1.178 | K4: Agricultural soil | L4: agriculturalsoil | M4: ='1.5.UVintensity'!$H$3*'1.5.UVintensity'!$E$3*'1.5.UVintensity'!E15 -> 0 | N4: ='1.5.UVintensity'!$H$3*'1.5.UVintensity'!$E$4*'1.5.UVintensity'!E15 -> 0 | O4: ='1.5.UVintensity'!$H$3*'1.5.UVintensity'!$E$5*'1.5.UVintensity'!E15 -> 0 | P4: ='1.5.UVintensity'!$H$3*'1.5.UVintensity'!$E$6*'1.5.UVintensity'!E15 -> 0 | Q4: ='1.5.UVintensity'!$H$3*'1.5.UVintensity'!$E$7*'1.5.UVintensity'!E15 -> 0 | R4: ='1.5.UVintensity'!$H$3*'1.5.UVintensity'!$E$8*'1.5.UVintensity'!E15 -> 0 | S4: ='1.5.UVintensity'!$H$3*'1.5.UVintensity'!$E$9*'1.5.UVintensity'!E15 -> 0 | T4: ='1.5.UVintensity'!$H$3*'1.5.UVintensity'!$E$10*'1.5.UVintensity'!E15 -> 0 | U4: =AVERAGE(M4:T4) -> 0
A5: Europe | B5: (35, 70) | C5: (40, 140) | E5: 0.523 | G5: Compartment | H5: K_d [m-1] | I5: Reference | K5: Natural soil | L5: naturalsoil | M5: ='1.5.UVintensity'!$H$3*'1.5.UVintensity'!$E$3*'1.5.UVintensity'!E16 -> 0 | N5: ='1.5.UVintensity'!$H$3*'1.5.UVintensity'!$E$4*'1.5.UVintensity'!E16 -> 0 | O5: ='1.5.UVintensity'!$H$3*'1.5.UVintensity'!$E$5*'1.5.UVintensity'!E16 -> 0 | P5: ='1.5.UVintensity'!$H$3*'1.5.UVintensity'!$E$6*'1.5.UVintensity'!E16 -> 0 | Q5: ='1.5.UVintensity'!$H$3*'1.5.UVintensity'!$E$7*'1.5.UVintensity'!E16 -> 0 | R5: ='1.5.UVintensity'!$H$3*'1.5.UVintensity'!$E$8*'1.5.UVintensity'!E16 -> 0 | S5: ='1.5.UVintensity'!$H$3*'1.5.UVintensity'!$E$9*'1.5.UVintensity'!E16 -> 0 | T5: ='1.5.UVintensity'!$H$3*'1.5.UVintensity'!$E$10*'1.5.UVintensity'!E16 -> 0 | U5: =AVERAGE(M5:T5) -> 0
A6: Africa & Middle East | B6: (-35, 35) | C6: (-20, 60) | E6: 1.382 | G6: Freshwater (river) | H6: 10 | I6: Belmont et al. (2007) | K6: Other soil | L6: othersoil | M6: ='1.5.UVintensity'!$H$3*'1.5.UVintensity'!$E$3*'1.5.UVintensity'!E17 -> 0 | N6: ='1.5.UVintensity'!$H$3*'1.5.UVintensity'!$E$4*'1.5.UVintensity'!E17 -> 0 | O6: ='1.5.UVintensity'!$H$3*'1.5.UVintensity'!$E$5*'1.5.UVintensity'!E17 -> 0 | P6: ='1.5.UVintensity'!$H$3*'1.5.UVintensity'!$E$6*'1.5.UVintensity'!E17 -> 0 | Q6: ='1.5.UVintensity'!$H$3*'1.5.UVintensity'!$E$7*'1.5.UVintensity'!E17 -> 0 | R6: ='1.5.UVintensity'!$H$3*'1.5.UVintensity'!$E$8*'1.5.UVintensity'!E17 -> 0 | S6: ='1.5.UVintensity'!$H$3*'1.5.UVintensity'!$E$9*'1.5.UVintensity'!E17 -> 0 | T6: ='1.5.UVintensity'!$H$3*'1.5.UVintensity'!$E$10*'1.5.UVintensity'!E17 -> 0 | U6: =AVERAGE(M6:T6) -> 0
A7: Central Asia | B7: (35, 70) | C7: (40, 140) | E7: 0.563 | G7: Lake | H7: 4 | I7: Morris et al. (1995) | K7: Cloudwater | L7: cloudwater | M7: ='1.5.UVintensity'!$H$3*'1.5.UVintensity'!$E$3*'1.5.UVintensity'!E18 -> 8.02 | N7: ='1.5.UVintensity'!$H$3*'1.5.UVintensity'!$E$4*'1.5.UVintensity'!E18 -> 11.78 | O7: ='1.5.UVintensity'!$H$3*'1.5.UVintensity'!$E$5*'1.5.UVintensity'!E18 -> 5.23 | P7: ='1.5.UVintensity'!$H$3*'1.5.UVintensity'!$E$6*'1.5.UVintensity'!E18 -> 13.82 | Q7: ='1.5.UVintensity'!$H$3*'1.5.UVintensity'!$E$7*'1.5.UVintensity'!E18 -> 5.63 | R7: ='1.5.UVintensity'!$H$3*'1.5.UVintensity'!$E$8*'1.5.UVintensity'!E18 -> 13.65 | S7: ='1.5.UVintensity'!$H$3*'1.5.UVintensity'!$E$9*'1.5.UVintensity'!E18 -> 3.64 | T7: ='1.5.UVintensity'!$H$3*'1.5.UVintensity'!$E$10*'1.5.UVintensity'!E18 -> 11.85 | U7: =H3 -> 10
A8: Southeast Asia | B8: (-10, 35) | C8: (60, 150) | E8: 1.365 | G8: Seawater surface | H8: 0.2 | I8: Llabrés et al. (2010) | K8: Freshwater | L8: river | M8: ='1.5.UVintensity'!$H$3*'1.5.UVintensity'!E3*'1.5.UVintensity'!E19 -> 0.33416667 | N8: ='1.5.UVintensity'!$H$3*'1.5.UVintensity'!E4*'1.5.UVintensity'!E20 -> 0.26772727 | O8: ='1.5.UVintensity'!$H$3*'1.5.UVintensity'!E5*'1.5.UVintensity'!E21 -> 0.27526316 | P8: ='1.5.UVintensity'!$H$3*'1.5.UVintensity'!E6*'1.5.UVintensity'!E22 -> 0.5528 | Q8: ='1.5.UVintensity'!$H$3*'1.5.UVintensity'!E7*'1.5.UVintensity'!E23 -> 0.25590909 | R8: ='1.5.UVintensity'!$H$3*'1.5.UVintensity'!E8*'1.5.UVintensity'!E24 -> 0.41363636 | S8: ='1.5.UVintensity'!$H$3*'1.5.UVintensity'!E9*'1.5.UVintensity'!E25 -> 0.12551724 | T8: ='1.5.UVintensity'!$H$3*'1.5.UVintensity'!E10*'1.5.UVintensity'!E26 -> 1.1849462 | U8: =AVERAGE(M8:T8) -> 0.42624575
A9: Northern regions | B9: (70, 90) | C9: (-180, 180) | E9: 0.364 | K9: Freshwater sediment | L9: freshwatersediment | M9: ='1.5.UVintensity'!$H$3*'1.5.UVintensity'!$E$3*'1.5.UVintensity'!E27 -> 0 | N9: ='1.5.UVintensity'!$H$3*'1.5.UVintensity'!$E$4*'1.5.UVintensity'!E27 -> 0 | O9: ='1.5.UVintensity'!$H$3*'1.5.UVintensity'!$E$5*'1.5.UVintensity'!E27 -> 0 | P9: ='1.5.UVintensity'!$H$3*'1.5.UVintensity'!$E$6*'1.5.UVintensity'!E27 -> 0 | Q9: ='1.5.UVintensity'!$H$3*'1.5.UVintensity'!$E$7*'1.5.UVintensity'!E27 -> 0 | R9: ='1.5.UVintensity'!$H$3*'1.5.UVintensity'!$E$8*'1.5.UVintensity'!E27 -> 0 | S9: ='1.5.UVintensity'!$H$3*'1.5.UVintensity'!$E$9*'1.5.UVintensity'!E27 -> 0 | T9: ='1.5.UVintensity'!$H$3*'1.5.UVintensity'!$E$10*'1.5.UVintensity'!E27 -> 0 | U9: =AVERAGE(M9:T9) -> 0
A10: Oceania | B10: (-50, 0) | C10: (110, 180) | E10: 1.185 | K10: Lake | L10: lake | M10: ='1.5.UVintensity'!$H$3*'1.5.UVintensity'!E3*'1.5.UVintensity'!E28 -> 0.067966102 | N10: ='1.5.UVintensity'!$H$3*'1.5.UVintensity'!E4*'1.5.UVintensity'!E29 -> 0.11459144 | O10: ='1.5.UVintensity'!$H$3*'1.5.UVintensity'!E5*'1.5.UVintensity'!E30 -> 0.048605948 | P10: ='1.5.UVintensity'!$H$3*'1.5.UVintensity'!E6*'1.5.UVintensity'!E31 -> 0.029810181 | Q10: ='1.5.UVintensity'!$H$3*'1.5.UVintensity'!E7*'1.5.UVintensity'!E32 -> 0.042522659 | R10: ='1.5.UVintensity'!$H$3*'1.5.UVintensity'!E8*'1.5.UVintensity'!E33 -> 0.19612069 | S10: ='1.5.UVintensity'!$H$3*'1.5.UVintensity'!E9*'1.5.UVintensity'!E34 -> 0.006899166 | T10: ='1.5.UVintensity'!$H$3*'1.5.UVintensity'!E10*'1.5.UVintensity'!E35 -> 0.33664773 | U10: =AVERAGE(M10:T10) -> 0.10539549
K11: Lake sediment | L11: lakesediment | M11: ='1.5.UVintensity'!$H$3*'1.5.UVintensity'!$E$3*'1.5.UVintensity'!E36 -> 0 | N11: ='1.5.UVintensity'!$H$3*'1.5.UVintensity'!$E$4*'1.5.UVintensity'!E36 -> 0 | O11: ='1.5.UVintensity'!$H$3*'1.5.UVintensity'!$E$5*'1.5.UVintensity'!E36 -> 0 | P11: ='1.5.UVintensity'!$H$3*'1.5.UVintensity'!$E$6*'1.5.UVintensity'!E36 -> 0 | Q11: ='1.5.UVintensity'!$H$3*'1.5.UVintensity'!$E$7*'1.5.UVintensity'!E36 -> 0 | R11: ='1.5.UVintensity'!$H$3*'1.5.UVintensity'!$E$8*'1.5.UVintensity'!E36 -> 0 | S11: ='1.5.UVintensity'!$H$3*'1.5.UVintensity'!$E$9*'1.5.UVintensity'!E36 -> 0 | T11: ='1.5.UVintensity'!$H$3*'1.5.UVintensity'!$E$10*'1.5.UVintensity'!E36 -> 0 | U11: =AVERAGE(M11:T11) -> 0
A12: Scaling factor per region & compartment - Following Beer-Lambert law | K12: Seawater surface | L12: sea | M12: ='1.5.UVintensity'!$H$3*'1.5.UVintensity'!E3*'1.5.UVintensity'!E37 -> 6.2824029 | N12: ='1.5.UVintensity'!$H$3*'1.5.UVintensity'!E4*'1.5.UVintensity'!E38 -> 8.4842488 | O12: ='1.5.UVintensity'!$H$3*'1.5.UVintensity'!E5*'1.5.UVintensity'!E39 -> 2.9094139 | P12: ='1.5.UVintensity'!$H$3*'1.5.UVintensity'!E6*'1.5.UVintensity'!E40 -> 7.1304795 | Q12: ='1.5.UVintensity'!$H$3*'1.5.UVintensity'!E7*'1.5.UVintensity'!E41 -> 4.9576137 | R12: ='1.5.UVintensity'!$H$3*'1.5.UVintensity'!E8*'1.5.UVintensity'!E42 -> 10.815945 | S12: ='1.5.UVintensity'!$H$3*'1.5.UVintensity'!E9*'1.5.UVintensity'!E43 -> 2.8644568 | T12: ='1.5.UVintensity'!$H$3*'1.5.UVintensity'!E10*'1.5.UVintensity'!E44 -> 6.9007072 | U12: =AVERAGE(M12:T12) -> 6.2931585
A13: Compartment | B13: Region | C13: Depth [m] | D13: K_d [m-1] | E13: Scaling factor [%] | K13: Seawater column | L13: deepocean | M13: ='1.5.UVintensity'!$H$3*'1.5.UVintensity'!$E$3*'1.5.UVintensity'!E45 -> 0 | N13: ='1.5.UVintensity'!$H$3*'1.5.UVintensity'!$E$4*'1.5.UVintensity'!E45 -> 0 | O13: ='1.5.UVintensity'!$H$3*'1.5.UVintensity'!$E$5*'1.5.UVintensity'!E45 -> 0 | P13: ='1.5.UVintensity'!$H$3*'1.5.UVintensity'!$E$6*'1.5.UVintensity'!E45 -> 0 | Q13: ='1.5.UVintensity'!$H$3*'1.5.UVintensity'!$E$7*'1.5.UVintensity'!E45 -> 0 | R13: ='1.5.UVintensity'!$H$3*'1.5.UVintensity'!$E$8*'1.5.UVintensity'!E45 -> 0 | S13: ='1.5.UVintensity'!$H$3*'1.5.UVintensity'!$E$9*'1.5.UVintensity'!E45 -> 0 | T13: ='1.5.UVintensity'!$H$3*'1.5.UVintensity'!$E$10*'1.5.UVintensity'!E45 -> 0 | U13: =AVERAGE(M13:T13) -> 0
A14: Air | B14: – | C14: – | D14: – | E14: 1 | K14: Marine sediment | L14: marinesediment | M14: ='1.5.UVintensity'!$H$3*'1.5.UVintensity'!$E$3*'1.5.UVintensity'!E46 -> 0 | N14: ='1.5.UVintensity'!$H$3*'1.5.UVintensity'!$E$4*'1.5.UVintensity'!E46 -> 0 | O14: ='1.5.UVintensity'!$H$3*'1.5.UVintensity'!$E$5*'1.5.UVintensity'!E46 -> 0 | P14: ='1.5.UVintensity'!$H$3*'1.5.UVintensity'!$E$6*'1.5.UVintensity'!E46 -> 0 | Q14: ='1.5.UVintensity'!$H$3*'1.5.UVintensity'!$E$7*'1.5.UVintensity'!E46 -> 0 | R14: ='1.5.UVintensity'!$H$3*'1.5.UVintensity'!$E$8*'1.5.UVintensity'!E46 -> 0 | S14: ='1.5.UVintensity'!$H$3*'1.5.UVintensity'!$E$9*'1.5.UVintensity'!E46 -> 0 | T14: ='1.5.UVintensity'!$H$3*'1.5.UVintensity'!$E$10*'1.5.UVintensity'!E46 -> 0 | U14: =AVERAGE(M14:T14) -> 0
A15: Agricultural soil | B15: – | C15: – | D15: – | E15: 0
A16: Natural soil | B16: – | C16: – | D16: – | E16: 0
A17: Other soil | B17: – | C17: – | D17: – | E17: 0
A18: Cloudwater | B18: – | C18: – | D18: – | E18: 1
A19: Freshwater | B19: North America | C19: 2.4 | D19: =$H$6 -> 10 | E19: =(1-EXP(-D19*C19))/(D19*C19) -> 0.041666667
B20: Latin America | C20: 4.4 | D20: =$H$6 -> 10 | E20: =(1-EXP(-D20*C20))/(D20*C20) -> 0.022727273
B21: Europe | C21: 1.9 | D21: =$H$6 -> 10 | E21: =(1-EXP(-D21*C21))/(D21*C21) -> 0.052631579
B22: Africa & Middle East | C22: 2.5 | D22: =$H$6 -> 10 | E22: =(1-EXP(-D22*C22))/(D22*C22) -> 0.04
B23: Central Asia | C23: 2.2 | D23: =$H$6 -> 10 | E23: =(1-EXP(-D23*C23))/(D23*C23) -> 0.045454545
B24: Southeast Asia | C24: 3.3 | D24: =$H$6 -> 10 | E24: =(1-EXP(-D24*C24))/(D24*C24) -> 0.03030303
B25: Northern regions | C25: 2.9 | D25: =$H$6 -> 10 | E25: =(1-EXP(-D25*C25))/(D25*C25) -> 0.034482759
B26: Oceania | C26: 1 | D26: =$H$6 -> 10 | E26: =(1-EXP(-D26*C26))/(D26*C26) -> 0.09999546
A27: Freshwater sediment | B27: – | C27: – | D27: – | E27: 0
A28: Lake | B28: North America | C28: 29.5 | D28: =$H$7 -> 4 | E28: =(1-EXP(-D28*C28))/(D28*C28) -> 0.0084745763
B29: Latin America | C29: 25.7 | D29: =$H$7 -> 4 | E29: =(1-EXP(-D29*C29))/(D29*C29) -> 0.0097276265
B30: Europe | C30: 26.9 | D30: =$H$7 -> 4 | E30: =(1-EXP(-D30*C30))/(D30*C30) -> 0.0092936803
B31: Africa & Middle East | C31: 115.9 | D31: =$H$7 -> 4 | E31: =(1-EXP(-D31*C31))/(D31*C31) -> 0.0021570319
B32: Central Asia | C32: 33.1 | D32: =$H$7 -> 4 | E32: =(1-EXP(-D32*C32))/(D32*C32) -> 0.0075528701
B33: Southeast Asia | C33: 17.4 | D33: =$H$7 -> 4 | E33: =(1-EXP(-D33*C33))/(D33*C33) -> 0.014367816
B34: Northern regions | C34: 131.9 | D34: =$H$7 -> 4 | E34: =(1-EXP(-D34*C34))/(D34*C34) -> 0.0018953753
B35: Oceania | C35: 8.8 | D35: =$H$7 -> 4 | E35: =(1-EXP(-D35*C35))/(D35*C35) -> 0.028409091
A36: Lake sediment | B36: – | C36: – | D36: – | E36: 0
A37: Seawater surface | B37: North America | C37: ='3.1.regional_data'!F23 -> 2.55 | D37: =$H$8 -> 0.2 | E37: =(1-EXP(-D37*C37))/(D37*C37) -> 0.783342
B38: Latin America | C38: ='3.1.regional_data'!G23 -> 3.4833333 | D38: =$H$8 -> 0.2 | E38: =(1-EXP(-D38*C38))/(D38*C38) -> 0.72022486
B39: Europe | C39: ='3.1.regional_data'!H23 -> 6.575 | D39: =$H$8 -> 0.2 | E39: =(1-EXP(-D39*C39))/(D39*C39) -> 0.55629329
B40: Africa & Middle East | C40: ='3.1.regional_data'!I23 -> 7.55 | D40: =$H$8 -> 0.2 | E40: =(1-EXP(-D40*C40))/(D40*C40) -> 0.51595366
B41: Central Asia | C41: ='3.1.regional_data'!J23 -> 1.3 | D41: =$H$8 -> 0.2 | E41: =(1-EXP(-D41*C41))/(D41*C41) -> 0.88057082
B42: Southeast Asia | C42: ='3.1.regional_data'!K23 -> 2.425 | D42: =$H$8 -> 0.2 | E42: =(1-EXP(-D42*C42))/(D42*C42) -> 0.79237691
B43: Northern regions | C43: ='3.1.regional_data'!L23 -> 2.5 | D43: =$H$8 -> 0.2 | E43: =(1-EXP(-D43*C43))/(D43*C43) -> 0.78693868
B44: Oceania | C44: ='3.1.regional_data'!M23 -> 6 | D44: =$H$8 -> 0.2 | E44: =(1-EXP(-D44*C44))/(D44*C44) -> 0.58233816
A45: Seawater column | B45: – | C45: – | D45: – | E45: 0
A46: Marine sediment | B46: – | C46: – | D46: – | E46: 0
A47: Note: Since cloudwater is discontinuous droplets in air, we neglect the UV attenuation in cloudwater (K_d is defined for continuous water columns)

Sheet 2.1.sed_rates
B2: Default sedimentation rates for low-density polymers
B4: Default sedimentation rates are taken from Corella-Puertas et al. (2023). They are only used when SBoo returns a settling velocity of 0 m/s (for particles with density lower than that of water). For the marine environment, these default settling velocities are not used, as TrackMPD is used to derive settling velocities. TrackMPD value are shown for comparison only.
D5: 100 | E5: m
B6: polymer type | C6: default sed rate [s-1] | D6: default sed velocity [m.s-1]
B7: EPS | C7: 8.35e-13 | D7: =C7*$D$5 -> 8.35e-11 | E7: m/s
B8: PP | C8: 5.67e-10 | D8: =C8*$D$5 -> 5.67e-08 | E8: m/s
B9: HDPE | C9: 5.67e-10 | D9: =C9*$D$5 -> 5.67e-08 | E9: m/s
B10: LDPE | C10: 5.67e-10 | D10: =C10*$D$5 -> 5.67e-08 | E10: m/s

Sheet 2.1.trackMPD
B2: Settling and transfer rates derived from TrackMPD
B4: Regional transfer from water surface to water column, and water column to sediments, at continental and global scale was determine through TrackMPD. Transfer from continental to global water is also derived from TrackMPD. More information can be found in Hajjar et al. (2025) on how the model is parametrized. If a velocity is not available, SBoo will compute it.
A5: a | I5: m/d | J5: m/d | K5: d-1 | L5: d-1 | M5: m/d | N5: m/d | AB5: average for the global ocean
A6: Region | B6: Country_all | C6: Polymer_all | D6: Density_code | E6: Density_all | F6: Shape_all | G6: Size_all | H6: Diameter_all | I6: v_Surf2Col_cont_median_all | J6: v_Col2Sed_cont_median_all | K6: k_Surf2glo_median_all | L6: k_Col2glo_median_all | M6: v_Surf2Col_glo_median_all | N6: v_Col2Sed_glo_median_all | R6: Polymer | S6: Density | T6: Code | V6: Region | W6: Density_code | X6: Density_all | Y6: Shape_all | Z6: Size_all | AA6: Diameter_all | AB6: v_Surf2Col_glo_median_all | AC6: v_Col2Sed_glo_median_all | AJ6: USEtox continent | AK6: Northern regions | AL6: Central Asia | AM6: Southeast Asia | AO6: Oceania | AP6: Europe | AR6: Africa&Middle east | AU6: North America | AV6: Latin America
A7: Northern regions | B7: KaraSea | C7: EPS | D7: 1 | E7: 0.03 | F7: Fiber | G7: 5e-05 | H7: 1e-06 | I7: 0.022418312 | J7: 1.0501735 | K7: 0 | L7: 0 | M7: 0 | N7: 0 | R7: EPS | S7: 36.5 | T7: 1 | V7: Global | W7: 1 | X7: 0.03 | Y7: Sphere | Z7: 0.005 | AA7: 0.005 | AB7: =AVERAGEIFS('2.1.trackMPD'!M:M,'2.1.trackMPD'!D:D,W7,'2.1.trackMPD'!F:F,Y7,'2.1.trackMPD'!H:H,AA7,'2.1.trackMPD'!M:M,"<>0") -> 0.094723709 | AC7: =AVERAGEIFS('2.1.trackMPD'!N:N,'2.1.trackMPD'!D:D,W7,'2.1.trackMPD'!F:F,Y7,'2.1.trackMPD'!H:H,AA7,'2.1.trackMPD'!N:N,"<>0") -> 15.004203 | AJ7: receiving sea | AK7: KaraSea | AL7: SeaOkhotsk | AM7: EC-Japan | AN7: BayBengal | AO7: Oceania | AP7: Greece | AQ7: NorthSea | AR7: Nile | AS7: GG_Ext | AT7: Congo | AU7: NorthAmerica | AV7: SouthAmerica
A8: Northern regions | B8: KaraSea | C8: EPS | D8: 1 | E8: 0.03 | F8: Fiber | G8: 0.0001 | H8: 1e-05 | I8: 0.20106031 | J8: 3.6710467 | K8: 0 | L8: 0 | M8: 0 | N8: 0 | R8: HDPE | S8: 955 | T8: 4 | V8: Global | W8: 1 | X8: 0.03 | Y8: Sphere | Z8: 0.001 | AA8: 0.001 | AB8: =AVERAGEIFS('2.1.trackMPD'!M:M,'2.1.trackMPD'!D:D,W8,'2.1.trackMPD'!F:F,Y8,'2.1.trackMPD'!H:H,AA8,'2.1.trackMPD'!M:M,"<>0") -> 0.15476092 | AC8: =AVERAGEIFS('2.1.trackMPD'!N:N,'2.1.trackMPD'!D:D,W8,'2.1.trackMPD'!F:F,Y8,'2.1.trackMPD'!H:H,AA8,'2.1.trackMPD'!N:N,"<>0") -> 156.62442 | AJ8: Microplastic load Model 1 [tons y-1] (Schmidt et al., 2017) | AK8: 795.54958 | AL8: 38267.5 | AM8: 1469480.8 | AN8: 72844.777 | AO8: 1526.2218 | AP8: 73.158823 | AQ8: 472.68921 | AR8: 84791.834 | AS8: 35195.802 | AT8: 13445.699 | AU8: 572.01341 | AV8: 3729.1249
A9: Northern regions | B9: KaraSea | C9: EPS | D9: 1 | E9: 0.03 | F9: Fiber | G9: 0.001 | H9: 0.0001 | I9: 0.043597282 | J9: 3.0857715 | K9: 0 | L9: 0 | M9: 0 | N9: 0 | R9: LDPE | S9: 925 | T9: 3 | V9: Global | W9: 1 | X9: 0.03 | Y9: Sphere | Z9: 0.0001 | AA9: 0.0001 | AB9: =AVERAGEIFS('2.1.trackMPD'!M:M,'2.1.trackMPD'!D:D,W9,'2.1.trackMPD'!F:F,Y9,'2.1.trackMPD'!H:H,AA9,'2.1.trackMPD'!M:M,"<>0") -> 2.9516123 | AC9: =AVERAGEIFS('2.1.trackMPD'!N:N,'2.1.trackMPD'!D:D,W9,'2.1.trackMPD'!F:F,Y9,'2.1.trackMPD'!H:H,AA9,'2.1.trackMPD'!N:N,"<>0") -> 42.528847
A10: Northern regions | B10: KaraSea | C10: EPS | D10: 1 | E10: 0.03 | F10: Fiber | G10: 0.005 | H10: 0.001 | I10: 0.019459275 | J10: 0.9959554 | K10: 0 | L10: 0 | M10: 0 | N10: 0 | R10: PA_Nylon | S10: 1240 | T10: 6 | V10: Global | W10: 1 | X10: 0.03 | Y10: Sphere | Z10: 1e-05 | AA10: 1e-05 | AB10: =AVERAGEIFS('2.1.trackMPD'!M:M,'2.1.trackMPD'!D:D,W10,'2.1.trackMPD'!F:F,Y10,'2.1.trackMPD'!H:H,AA10,'2.1.trackMPD'!M:M,"<>0") -> 1.0955051 | AC10: =AVERAGEIFS('2.1.trackMPD'!N:N,'2.1.trackMPD'!D:D,W10,'2.1.trackMPD'!F:F,Y10,'2.1.trackMPD'!H:H,AA10,'2.1.trackMPD'!N:N,"<>0") -> 14.33553
A11: Northern regions | B11: KaraSea | C11: EPS | D11: 1 | E11: 0.03 | F11: Fiber | G11: 0.025 | H11: 0.005 | I11: 0.019975065 | J11: 1.0491399 | K11: 0 | L11: 0 | M11: 0 | N11: 0 | R11: PET | S11: 1350 | T11: 6 | V11: Global | W11: 1 | X11: 0.03 | Y11: Sphere | Z11: 1e-06 | AA11: 1e-06 | AB11: =AVERAGEIFS('2.1.trackMPD'!M:M,'2.1.trackMPD'!D:D,W11,'2.1.trackMPD'!F:F,Y11,'2.1.trackMPD'!H:H,AA11,'2.1.trackMPD'!M:M,"<>0") -> 1.1451909 | AC11: =AVERAGEIFS('2.1.trackMPD'!N:N,'2.1.trackMPD'!D:D,W11,'2.1.trackMPD'!F:F,Y11,'2.1.trackMPD'!H:H,AA11,'2.1.trackMPD'!N:N,"<>0") -> 7.0288087
A12: Northern regions | B12: KaraSea | C12: EPS | D12: 1 | E12: 0.03 | F12: Film | G12: 1e-06 | H12: 1e-06 | I12: 0.17463922 | J12: 1.8364483 | K12: 0 | L12: 0 | M12: 0 | N12: 0 | R12: PP | S12: 885 | T12: 2 | V12: Global | W12: 1 | X12: 0.03 | Y12: Fiber | Z12: 0.005 | AA12: 0.001 | AB12: =AVERAGEIFS('2.1.trackMPD'!M:M,'2.1.trackMPD'!D:D,W12,'2.1.trackMPD'!F:F,Y12,'2.1.trackMPD'!H:H,AA12,'2.1.trackMPD'!M:M,"<>0") -> 0.12149204 | AC12: =AVERAGEIFS('2.1.trackMPD'!N:N,'2.1.trackMPD'!D:D,W12,'2.1.trackMPD'!F:F,Y12,'2.1.trackMPD'!H:H,AA12,'2.1.trackMPD'!N:N,"<>0") -> 55.292713
A13: Northern regions | B13: KaraSea | C13: EPS | D13: 1 | E13: 0.03 | F13: Film | G13: 1e-05 | H13: 1e-05 | I13: 0.11892636 | J13: 7.789566 | K13: 0 | L13: 0 | M13: 0 | N13: 0 | R13: PS | S13: 1040 | T13: 5 | V13: Global | W13: 1 | X13: 0.03 | Y13: Fiber | Z13: 0.001 | AA13: 0.0001 | AB13: =AVERAGEIFS('2.1.trackMPD'!M:M,'2.1.trackMPD'!D:D,W13,'2.1.trackMPD'!F:F,Y13,'2.1.trackMPD'!H:H,AA13,'2.1.trackMPD'!M:M,"<>0") -> 1.2252248 | AC13: =AVERAGEIFS('2.1.trackMPD'!N:N,'2.1.trackMPD'!D:D,W13,'2.1.trackMPD'!F:F,Y13,'2.1.trackMPD'!H:H,AA13,'2.1.trackMPD'!N:N,"<>0") -> 81.245933
A14: Northern regions | B14: KaraSea | C14: EPS | D14: 1 | E14: 0.03 | F14: Film | G14: 0.0001 | H14: 0.0001 | I14: 0.019609678 | J14: 1.3505849 | K14: 0 | L14: 0 | M14: 0 | N14: 0 | R14: PVC | S14: 1380 | T14: 6 | V14: Global | W14: 1 | X14: 0.03 | Y14: Fiber | Z14: 0.0001 | AA14: 1e-05 | AB14: =AVERAGEIFS('2.1.trackMPD'!M:M,'2.1.trackMPD'!D:D,W14,'2.1.trackMPD'!F:F,Y14,'2.1.trackMPD'!H:H,AA14,'2.1.trackMPD'!M:M,"<>0") -> 1.552725 | AC14: =AVERAGEIFS('2.1.trackMPD'!N:N,'2.1.trackMPD'!D:D,W14,'2.1.trackMPD'!F:F,Y14,'2.1.trackMPD'!H:H,AA14,'2.1.trackMPD'!N:N,"<>0") -> 33.561827
A15: Northern regions | B15: KaraSea | C15: EPS | D15: 1 | E15: 0.03 | F15: Sphere | G15: 1e-06 | H15: 1e-06 | I15: 0.02423362 | J15: 1.0160945 | K15: 0 | L15: 0 | M15: 0 | N15: 0 | R15: PU | S15: 1200 | T15: 5 | V15: Global | W15: 1 | X15: 0.03 | Y15: Fiber | Z15: 5e-05 | AA15: 1e-06 | AB15: =AVERAGEIFS('2.1.trackMPD'!M:M,'2.1.trackMPD'!D:D,W15,'2.1.trackMPD'!F:F,Y15,'2.1.trackMPD'!H:H,AA15,'2.1.trackMPD'!M:M,"<>0") -> 0.76689924 | AC15: =AVERAGEIFS('2.1.trackMPD'!N:N,'2.1.trackMPD'!D:D,W15,'2.1.trackMPD'!F:F,Y15,'2.1.trackMPD'!H:H,AA15,'2.1.trackMPD'!N:N,"<>0") -> 26.061068
A16: Northern regions | B16: KaraSea | C16: EPS | D16: 1 | E16: 0.03 | F16: Sphere | G16: 1e-05 | H16: 1e-05 | I16: 0.13200285 | J16: 1.5469725 | K16: 0 | L16: 0 | M16: 0 | N16: 0 | R16: PAN | S16: 1184 | T16: 5 | V16: Global | W16: 1 | X16: 0.03 | Y16: Fiber | Z16: 0.025 | AA16: 0.005 | AB16: =AVERAGEIFS('2.1.trackMPD'!M:M,'2.1.trackMPD'!D:D,W16,'2.1.trackMPD'!F:F,Y16,'2.1.trackMPD'!H:H,AA16,'2.1.trackMPD'!M:M,"<>0") -> 0.4777008 | AC16: =AVERAGEIFS('2.1.trackMPD'!N:N,'2.1.trackMPD'!D:D,W16,'2.1.trackMPD'!F:F,Y16,'2.1.trackMPD'!H:H,AA16,'2.1.trackMPD'!N:N,"<>0") -> 30.747332
A17: Northern regions | B17: KaraSea | C17: EPS | D17: 1 | E17: 0.03 | F17: Sphere | G17: 0.0001 | H17: 0.0001 | I17: 0.072653091 | J17: 3.8850991 | K17: 0 | L17: 0 | M17: 0 | N17: 0 | R17: TRWP | S17: 1800 | T17: 6 | V17: Global | W17: 1 | X17: 0.03 | Y17: Film | AA17: 1e-06 | AB17: =AVERAGEIFS('2.1.trackMPD'!M:M,'2.1.trackMPD'!D:D,W17,'2.1.trackMPD'!F:F,Y17,'2.1.trackMPD'!H:H,AA17,'2.1.trackMPD'!M:M,"<>0") -> 1.2643598 | AC17: =AVERAGEIFS('2.1.trackMPD'!N:N,'2.1.trackMPD'!D:D,W17,'2.1.trackMPD'!F:F,Y17,'2.1.trackMPD'!H:H,AA17,'2.1.trackMPD'!N:N,"<>0") -> 6.2838466
A18: Northern regions | B18: KaraSea | C18: EPS | D18: 1 | E18: 0.03 | F18: Sphere | G18: 0.001 | H18: 0.001 | I18: 0.017726037 | J18: 1.2368373 | K18: 0 | L18: 0 | M18: 0 | N18: 0 | R18: PHA | S18: 1220 | T18: 6 | V18: Global | W18: 1 | X18: 0.03 | Y18: Film | AA18: 1e-05 | AB18: =AVERAGEIFS('2.1.trackMPD'!M:M,'2.1.trackMPD'!D:D,W18,'2.1.trackMPD'!F:F,Y18,'2.1.trackMPD'!H:H,AA18,'2.1.trackMPD'!M:M,"<>0") -> 3.4759972 | AC18: =AVERAGEIFS('2.1.trackMPD'!N:N,'2.1.trackMPD'!D:D,W18,'2.1.trackMPD'!F:F,Y18,'2.1.trackMPD'!H:H,AA18,'2.1.trackMPD'!N:N,"<>0") -> 45.082221
A19: Northern regions | B19: KaraSea | C19: EPS | D19: 1 | E19: 0.03 | F19: Sphere | G19: 0.005 | H19: 0.005 | I19: 0.018047303 | J19: 1.0907678 | K19: 0 | L19: 0 | M19: 0 | N19: 0 | R19: PLA | S19: 1240 | T19: 6 | V19: Global | W19: 1 | X19: 0.03 | Y19: Film | AA19: 0.0001 | AB19: =AVERAGEIFS('2.1.trackMPD'!M:M,'2.1.trackMPD'!D:D,W19,'2.1.trackMPD'!F:F,Y19,'2.1.trackMPD'!H:H,AA19,'2.1.trackMPD'!M:M,"<>0") -> 0.30931868 | AC19: =AVERAGEIFS('2.1.trackMPD'!N:N,'2.1.trackMPD'!D:D,W19,'2.1.trackMPD'!F:F,Y19,'2.1.trackMPD'!H:H,AA19,'2.1.trackMPD'!N:N,"<>0") -> 147.06179
A20: Northern regions | B20: KaraSea | C20: HDPE | D20: 4 | E20: 0.953 | F20: Fiber | G20: 5e-05 | H20: 1e-06 | I20: 0.025523145 | J20: 0.92657175 | K20: 0 | L20: 0 | M20: 0 | N20: 0 | R20: PCL | S20: 1150 | T20: 5 | V20: Global | W20: 4 | X20: 0.953 | Y20: Sphere | Z20: 0.005 | AA20: 0.005 | AB20: =AVERAGEIFS('2.1.trackMPD'!M:M,'2.1.trackMPD'!D:D,W20,'2.1.trackMPD'!F:F,Y20,'2.1.trackMPD'!H:H,AA20,'2.1.trackMPD'!M:M,"<>0") -> 0.29475037 | AC20: =AVERAGEIFS('2.1.trackMPD'!N:N,'2.1.trackMPD'!D:D,W20,'2.1.trackMPD'!F:F,Y20,'2.1.trackMPD'!H:H,AA20,'2.1.trackMPD'!N:N,"<>0") -> 378.60895
A21: Northern regions | B21: KaraSea | C21: HDPE | D21: 4 | E21: 0.953 | F21: Fiber | G21: 0.0001 | H21: 1e-05 | I21: 0.52565936 | J21: 4.2427036 | K21: 0 | L21: 0 | M21: 0 | N21: 0 | R21: PBSA | S21: 1240 | T21: 6 | V21: Global | W21: 4 | X21: 0.953 | Y21: Sphere | Z21: 0.001 | AA21: 0.001 | AB21: =AVERAGEIFS('2.1.trackMPD'!M:M,'2.1.trackMPD'!D:D,W21,'2.1.trackMPD'!F:F,Y21,'2.1.trackMPD'!H:H,AA21,'2.1.trackMPD'!M:M,"<>0") -> 2.5382911 | AC21: =AVERAGEIFS('2.1.trackMPD'!N:N,'2.1.trackMPD'!D:D,W21,'2.1.trackMPD'!F:F,Y21,'2.1.trackMPD'!H:H,AA21,'2.1.trackMPD'!N:N,"<>0") -> 246.89909
A22: Northern regions | B22: KaraSea | C22: HDPE | D22: 4 | E22: 0.953 | F22: Fiber | G22: 0.001 | H22: 0.0001 | I22: 0.36692488 | J22: 20.58957 | K22: 0 | L22: 0 | M22: 0 | N22: 0 | R22: starch_blend | S22: 1250 | T22: 6 | V22: Global | W22: 4 | X22: 0.953 | Y22: Sphere | Z22: 0.0001 | AA22: 0.0001 | AB22: =AVERAGEIFS('2.1.trackMPD'!M:M,'2.1.trackMPD'!D:D,W22,'2.1.trackMPD'!F:F,Y22,'2.1.trackMPD'!H:H,AA22,'2.1.trackMPD'!M:M,"<>0") -> 5.3793207 | AC22: =AVERAGEIFS('2.1.trackMPD'!N:N,'2.1.trackMPD'!D:D,W22,'2.1.trackMPD'!F:F,Y22,'2.1.trackMPD'!H:H,AA22,'2.1.trackMPD'!N:N,"<>0") -> 56.196882
A23: Northern regions | B23: KaraSea | C23: HDPE | D23: 4 | E23: 0.953 | F23: Fiber | G23: 0.005 | H23: 0.001 | I23: 0.051959517 | J23: 2.7434105 | K23: 0 | L23: 0 | M23: 0 | N23: 0 | R23: PBAT | S23: 1260 | T23: 6 | V23: Global | W23: 4 | X23: 0.953 | Y23: Sphere | Z23: 1e-05 | AA23: 1e-05 | AB23: =AVERAGEIFS('2.1.trackMPD'!M:M,'2.1.trackMPD'!D:D,W23,'2.1.trackMPD'!F:F,Y23,'2.1.trackMPD'!H:H,AA23,'2.1.trackMPD'!M:M,"<>0") -> 2.7646648 | AC23: =AVERAGEIFS('2.1.trackMPD'!N:N,'2.1.trackMPD'!D:D,W23,'2.1.trackMPD'!F:F,Y23,'2.1.trackMPD'!H:H,AA23,'2.1.trackMPD'!N:N,"<>0") -> 9.9736221
A24: Northern regions | B24: KaraSea | C24: HDPE | D24: 4 | E24: 0.953 | F24: Fiber | G24: 0.025 | H24: 0.005 | I24: 0.020830299 | J24: 1.2292346 | K24: 0 | L24: 0 | M24: 0 | N24: 0 | R24: Cotton | S24: 1540 | T24: 6 | V24: Global | W24: 4 | X24: 0.953 | Y24: Sphere | Z24: 1e-06 | AA24: 1e-06 | AB24: =AVERAGEIFS('2.1.trackMPD'!M:M,'2.1.trackMPD'!D:D,W24,'2.1.trackMPD'!F:F,Y24,'2.1.trackMPD'!H:H,AA24,'2.1.trackMPD'!M:M,"<>0") -> 1.9145646 | AC24: =AVERAGEIFS('2.1.trackMPD'!N:N,'2.1.trackMPD'!D:D,W24,'2.1.trackMPD'!F:F,Y24,'2.1.trackMPD'!H:H,AA24,'2.1.trackMPD'!N:N,"<>0") -> 7.4469706
A25: Northern regions | B25: KaraSea | C25: HDPE | D25: 4 | E25: 0.953 | F25: Film | G25: 1e-06 | H25: 1e-06 | I25: 0.25001429 | J25: 2.0369855 | K25: 0 | L25: 0 | M25: 0 | N25: 0 | R25: Linen | S25: 1500 | T25: 6 | V25: Global | W25: 4 | X25: 0.953 | Y25: Fiber | Z25: 0.005 | AA25: 0.001 | AB25: =AVERAGEIFS('2.1.trackMPD'!M:M,'2.1.trackMPD'!D:D,W25,'2.1.trackMPD'!F:F,Y25,'2.1.trackMPD'!H:H,AA25,'2.1.trackMPD'!M:M,"<>0") -> 2.6871944 | AC25: =AVERAGEIFS('2.1.trackMPD'!N:N,'2.1.trackMPD'!D:D,W25,'2.1.trackMPD'!F:F,Y25,'2.1.trackMPD'!H:H,AA25,'2.1.trackMPD'!N:N,"<>0") -> 235.60887
A26: Northern regions | B26: KaraSea | C26: HDPE | D26: 4 | E26: 0.953 | F26: Film | G26: 1e-05 | H26: 1e-05 | I26: 1.3390357 | J26: 26.759842 | K26: 0 | L26: 0 | M26: 0 | N26: 0 | R26: Viscose | S26: 1520 | T26: 6 | V26: Global | W26: 4 | X26: 0.953 | Y26: Fiber | Z26: 0.001 | AA26: 0.0001 | AB26: =AVERAGEIFS('2.1.trackMPD'!M:M,'2.1.trackMPD'!D:D,W26,'2.1.trackMPD'!F:F,Y26,'2.1.trackMPD'!H:H,AA26,'2.1.trackMPD'!M:M,"<>0") -> 5.0500315 | AC26: =AVERAGEIFS('2.1.trackMPD'!N:N,'2.1.trackMPD'!D:D,W26,'2.1.trackMPD'!F:F,Y26,'2.1.trackMPD'!H:H,AA26,'2.1.trackMPD'!N:N,"<>0") -> 103.86807
A27: Northern regions | B27: KaraSea | C27: HDPE | D27: 4 | E27: 0.953 | F27: Film | G27: 0.0001 | H27: 0.0001 | I27: 0.22309572 | J27: 37.055562 | K27: 0 | L27: 0 | M27: 0 | N27: 0 | R27: Rayon | S27: 1520 | T27: 6 | V27: Global | W27: 4 | X27: 0.953 | Y27: Fiber | Z27: 0.0001 | AA27: 1e-05 | AB27: =AVERAGEIFS('2.1.trackMPD'!M:M,'2.1.trackMPD'!D:D,W27,'2.1.trackMPD'!F:F,Y27,'2.1.trackMPD'!H:H,AA27,'2.1.trackMPD'!M:M,"<>0") -> 3.6530397 | AC27: =AVERAGEIFS('2.1.trackMPD'!N:N,'2.1.trackMPD'!D:D,W27,'2.1.trackMPD'!F:F,Y27,'2.1.trackMPD'!H:H,AA27,'2.1.trackMPD'!N:N,"<>0") -> 15.654364
A28: Northern regions | B28: KaraSea | C28: HDPE | D28: 4 | E28: 0.953 | F28: Sphere | G28: 1e-06 | H28: 1e-06 | I28: 0.023886732 | J28: 1.0846502 | K28: 0 | L28: 0 | M28: 0 | N28: 0 | R28: Lyocell | S28: 1500 | T28: 6 | V28: Global | W28: 4 | X28: 0.953 | Y28: Fiber | Z28: 5e-05 | AA28: 1e-06 | AB28: =AVERAGEIFS('2.1.trackMPD'!M:M,'2.1.trackMPD'!D:D,W28,'2.1.trackMPD'!F:F,Y28,'2.1.trackMPD'!H:H,AA28,'2.1.trackMPD'!M:M,"<>0") -> 1.6016295 | AC28: =AVERAGEIFS('2.1.trackMPD'!N:N,'2.1.trackMPD'!D:D,W28,'2.1.trackMPD'!F:F,Y28,'2.1.trackMPD'!H:H,AA28,'2.1.trackMPD'!N:N,"<>0") -> 11.963936
A29: Northern regions | B29: KaraSea | C29: HDPE | D29: 4 | E29: 0.953 | F29: Sphere | G29: 1e-05 | H29: 1e-05 | I29: 0.16452824 | J29: 1.6026342 | K29: 0 | L29: 0 | M29: 0 | N29: 0 | R29: Modal | S29: 1520 | T29: 6 | V29: Global | W29: 4 | X29: 0.953 | Y29: Fiber | Z29: 0.025 | AA29: 0.005 | AB29: =AVERAGEIFS('2.1.trackMPD'!M:M,'2.1.trackMPD'!D:D,W29,'2.1.trackMPD'!F:F,Y29,'2.1.trackMPD'!H:H,AA29,'2.1.trackMPD'!M:M,"<>0") -> 0.21581085 | AC29: =AVERAGEIFS('2.1.trackMPD'!N:N,'2.1.trackMPD'!D:D,W29,'2.1.trackMPD'!F:F,Y29,'2.1.trackMPD'!H:H,AA29,'2.1.trackMPD'!N:N,"<>0") -> 283.79908
A30: Northern regions | B30: KaraSea | C30: HDPE | D30: 4 | E30: 0.953 | F30: Sphere | G30: 0.0001 | H30: 0.0001 | I30: 0.44387653 | J30: 14.394101 | K30: 0 | L30: 0 | M30: 0 | N30: 0 | V30: Global | W30: 4 | X30: 0.953 | Y30: Film | AA30: 1e-06 | AB30: =AVERAGEIFS('2.1.trackMPD'!M:M,'2.1.trackMPD'!D:D,W30,'2.1.trackMPD'!F:F,Y30,'2.1.trackMPD'!H:H,AA30,'2.1.trackMPD'!M:M,"<>0") -> 3.436325 | AC30: =AVERAGEIFS('2.1.trackMPD'!N:N,'2.1.trackMPD'!D:D,W30,'2.1.trackMPD'!F:F,Y30,'2.1.trackMPD'!H:H,AA30,'2.1.trackMPD'!N:N,"<>0") -> 11.379432
A31: Northern regions | B31: KaraSea | C31: HDPE | D31: 4 | E31: 0.953 | F31: Sphere | G31: 0.001 | H31: 0.001 | I31: 0.074858405 | J31: 4.4742374 | K31: 0 | L31: 0 | M31: 0 | N31: 0 | V31: Global | W31: 4 | X31: 0.953 | Y31: Film | AA31: 1e-05 | AB31: =AVERAGEIFS('2.1.trackMPD'!M:M,'2.1.trackMPD'!D:D,W31,'2.1.trackMPD'!F:F,Y31,'2.1.trackMPD'!H:H,AA31,'2.1.trackMPD'!M:M,"<>0") -> 10.831011 | AC31: =AVERAGEIFS('2.1.trackMPD'!N:N,'2.1.trackMPD'!D:D,W31,'2.1.trackMPD'!F:F,Y31,'2.1.trackMPD'!H:H,AA31,'2.1.trackMPD'!N:N,"<>0") -> 70.772604
A32: Northern regions | B32: KaraSea | C32: HDPE | D32: 4 | E32: 0.953 | F32: Sphere | G32: 0.005 | H32: 0.005 | I32: 0.019451729 | J32: 1.5723599 | K32: 0 | L32: 0 | M32: 0 | N32: 0 | R32: Density_code | S32: Density | T32: Density | V32: Global | W32: 4 | X32: 0.953 | Y32: Film | AA32: 0.0001 | AB32: =AVERAGEIFS('2.1.trackMPD'!M:M,'2.1.trackMPD'!D:D,W32,'2.1.trackMPD'!F:F,Y32,'2.1.trackMPD'!H:H,AA32,'2.1.trackMPD'!M:M,"<>0") -> 4.758907 | AC32: =AVERAGEIFS('2.1.trackMPD'!N:N,'2.1.trackMPD'!D:D,W32,'2.1.trackMPD'!F:F,Y32,'2.1.trackMPD'!H:H,AA32,'2.1.trackMPD'!N:N,"<>0") -> 236.72625
A33: Northern regions | B33: KaraSea | C33: LDPE | D33: 3 | E33: 0.915 | F33: Fiber | G33: 5e-05 | H33: 1e-06 | I33: 0.024903384 | J33: 1.003957 | K33: 0 | L33: 0 | M33: 0 | N33: 0 | R33: 1 | S33: 0.03 | T33: =S33*1000 -> 30 | V33: Global | W33: 3 | X33: 0.915 | Y33: Sphere | Z33: 0.005 | AA33: 0.005 | AB33: =AVERAGEIFS('2.1.trackMPD'!M:M,'2.1.trackMPD'!D:D,W33,'2.1.trackMPD'!F:F,Y33,'2.1.trackMPD'!H:H,AA33,'2.1.trackMPD'!M:M,"<>0") -> 0.19324494 | AC33: =AVERAGEIFS('2.1.trackMPD'!N:N,'2.1.trackMPD'!D:D,W33,'2.1.trackMPD'!F:F,Y33,'2.1.trackMPD'!H:H,AA33,'2.1.trackMPD'!N:N,"<>0") -> 255.22144
A34: Northern regions | B34: KaraSea | C34: LDPE | D34: 3 | E34: 0.915 | F34: Fiber | G34: 0.0001 | H34: 1e-05 | I34: 0.46832856 | J34: 4.1140111 | K34: 0 | L34: 0 | M34: 0 | N34: 0 | R34: 4 | S34: 0.953 | T34: =S34*1000 -> 953 | V34: Global | W34: 3 | X34: 0.915 | Y34: Sphere | Z34: 0.001 | AA34: 0.001 | AB34: =AVERAGEIFS('2.1.trackMPD'!M:M,'2.1.trackMPD'!D:D,W34,'2.1.trackMPD'!F:F,Y34,'2.1.trackMPD'!H:H,AA34,'2.1.trackMPD'!M:M,"<>0") -> 2.2916575 | AC34: =AVERAGEIFS('2.1.trackMPD'!N:N,'2.1.trackMPD'!D:D,W34,'2.1.trackMPD'!F:F,Y34,'2.1.trackMPD'!H:H,AA34,'2.1.trackMPD'!N:N,"<>0") -> 218.14627
A35: Northern regions | B35: KaraSea | C35: LDPE | D35: 3 | E35: 0.915 | F35: Fiber | G35: 0.001 | H35: 0.0001 | I35: 0.24460602 | J35: 19.671054 | K35: 0 | L35: 0 | M35: 0 | N35: 0 | R35: 3 | S35: 0.915 | T35: =S35*1000 -> 915 | V35: Global | W35: 3 | X35: 0.915 | Y35: Sphere | Z35: 0.0001 | AA35: 0.0001 | AB35: =AVERAGEIFS('2.1.trackMPD'!M:M,'2.1.trackMPD'!D:D,W35,'2.1.trackMPD'!F:F,Y35,'2.1.trackMPD'!H:H,AA35,'2.1.trackMPD'!M:M,"<>0") -> 4.4548029 | AC35: =AVERAGEIFS('2.1.trackMPD'!N:N,'2.1.trackMPD'!D:D,W35,'2.1.trackMPD'!F:F,Y35,'2.1.trackMPD'!H:H,AA35,'2.1.trackMPD'!N:N,"<>0") -> 55.294691
A36: Northern regions | B36: KaraSea | C36: LDPE | D36: 3 | E36: 0.915 | F36: Fiber | G36: 0.005 | H36: 0.001 | I36: 0.032545806 | J36: 1.966986 | K36: 0 | L36: 0 | M36: 0 | N36: 0 | R36: 6 | S36: 1.35 | T36: =S36*1000 -> 1350 | V36: Global | W36: 3 | X36: 0.915 | Y36: Sphere | Z36: 1e-05 | AA36: 1e-05 | AB36: =AVERAGEIFS('2.1.trackMPD'!M:M,'2.1.trackMPD'!D:D,W36,'2.1.trackMPD'!F:F,Y36,'2.1.trackMPD'!H:H,AA36,'2.1.trackMPD'!M:M,"<>0") -> 2.3013775 | AC36: =AVERAGEIFS('2.1.trackMPD'!N:N,'2.1.trackMPD'!D:D,W36,'2.1.trackMPD'!F:F,Y36,'2.1.trackMPD'!H:H,AA36,'2.1.trackMPD'!N:N,"<>0") -> 10.72105
A37: Northern regions | B37: KaraSea | C37: LDPE | D37: 3 | E37: 0.915 | F37: Fiber | G37: 0.025 | H37: 0.005 | I37: 0.019786394 | J37: 1.093694 | K37: 0 | L37: 0 | M37: 0 | N37: 0 | R37: 2 | S37: 0.88 | T37: =S37*1000 -> 880 | V37: Global | W37: 3 | X37: 0.915 | Y37: Sphere | Z37: 1e-06 | AA37: 1e-06 | AB37: =AVERAGEIFS('2.1.trackMPD'!M:M,'2.1.trackMPD'!D:D,W37,'2.1.trackMPD'!F:F,Y37,'2.1.trackMPD'!H:H,AA37,'2.1.trackMPD'!M:M,"<>0") -> 1.7307703 | AC37: =AVERAGEIFS('2.1.trackMPD'!N:N,'2.1.trackMPD'!D:D,W37,'2.1.trackMPD'!F:F,Y37,'2.1.trackMPD'!H:H,AA37,'2.1.trackMPD'!N:N,"<>0") -> 8.3998767
A38: Northern regions | B38: KaraSea | C38: LDPE | D38: 3 | E38: 0.915 | F38: Film | G38: 1e-06 | H38: 1e-06 | I38: 0.2403953 | J38: 1.9391308 | K38: 0 | L38: 0 | M38: 0 | N38: 0 | R38: 5 | S38: 1.06 | T38: =S38*1000 -> 1060 | V38: Global | W38: 3 | X38: 0.915 | Y38: Fiber | Z38: 0.005 | AA38: 0.001 | AB38: =AVERAGEIFS('2.1.trackMPD'!M:M,'2.1.trackMPD'!D:D,W38,'2.1.trackMPD'!F:F,Y38,'2.1.trackMPD'!H:H,AA38,'2.1.trackMPD'!M:M,"<>0") -> 1.795514 | AC38: =AVERAGEIFS('2.1.trackMPD'!N:N,'2.1.trackMPD'!D:D,W38,'2.1.trackMPD'!F:F,Y38,'2.1.trackMPD'!H:H,AA38,'2.1.trackMPD'!N:N,"<>0") -> 244.17018
A39: Northern regions | B39: KaraSea | C39: LDPE | D39: 3 | E39: 0.915 | F39: Film | G39: 1e-05 | H39: 1e-05 | I39: 0.9598598 | J39: 24.990122 | K39: 0 | L39: 0 | M39: 0 | N39: 0 | V39: Global | W39: 3 | X39: 0.915 | Y39: Fiber | Z39: 0.001 | AA39: 0.0001 | AB39: =AVERAGEIFS('2.1.trackMPD'!M:M,'2.1.trackMPD'!D:D,W39,'2.1.trackMPD'!F:F,Y39,'2.1.trackMPD'!H:H,AA39,'2.1.trackMPD'!M:M,"<>0") -> 3.6889111 | AC39: =AVERAGEIFS('2.1.trackMPD'!N:N,'2.1.trackMPD'!D:D,W39,'2.1.trackMPD'!F:F,Y39,'2.1.trackMPD'!H:H,AA39,'2.1.trackMPD'!N:N,"<>0") -> 103.97867
A40: Northern regions | B40: KaraSea | C40: LDPE | D40: 3 | E40: 0.915 | F40: Film | G40: 0.0001 | H40: 0.0001 | I40: 0.13555255 | J40: 16.584746 | K40: 0 | L40: 0 | M40: 0 | N40: 0 | V40: Global | W40: 3 | X40: 0.915 | Y40: Fiber | Z40: 0.0001 | AA40: 1e-05 | AB40: =AVERAGEIFS('2.1.trackMPD'!M:M,'2.1.trackMPD'!D:D,W40,'2.1.trackMPD'!F:F,Y40,'2.1.trackMPD'!H:H,AA40,'2.1.trackMPD'!M:M,"<>0") -> 2.8576894 | AC40: =AVERAGEIFS('2.1.trackMPD'!N:N,'2.1.trackMPD'!D:D,W40,'2.1.trackMPD'!F:F,Y40,'2.1.trackMPD'!H:H,AA40,'2.1.trackMPD'!N:N,"<>0") -> 4.3064747
A41: Northern regions | B41: KaraSea | C41: LDPE | D41: 3 | E41: 0.915 | F41: Sphere | G41: 1e-06 | H41: 1e-06 | I41: 0.023409518 | J41: 0.9492207 | K41: 0 | L41: 0 | M41: 0 | N41: 0 | V41: Global | W41: 3 | X41: 0.915 | Y41: Fiber | Z41: 5e-05 | AA41: 1e-06 | AB41: =AVERAGEIFS('2.1.trackMPD'!M:M,'2.1.trackMPD'!D:D,W41,'2.1.trackMPD'!F:F,Y41,'2.1.trackMPD'!H:H,AA41,'2.1.trackMPD'!M:M,"<>0") -> 1.5215426 | AC41: =AVERAGEIFS('2.1.trackMPD'!N:N,'2.1.trackMPD'!D:D,W41,'2.1.trackMPD'!F:F,Y41,'2.1.trackMPD'!H:H,AA41,'2.1.trackMPD'!N:N,"<>0") -> 2.5475803
A42: Northern regions | B42: KaraSea | C42: LDPE | D42: 3 | E42: 0.915 | F42: Sphere | G42: 1e-05 | H42: 1e-05 | I42: 0.17554448 | J42: 1.558749 | K42: 0 | L42: 0 | M42: 0 | N42: 0 | V42: Global | W42: 3 | X42: 0.915 | Y42: Fiber | Z42: 0.025 | AA42: 0.005 | AB42: =AVERAGEIFS('2.1.trackMPD'!M:M,'2.1.trackMPD'!D:D,W42,'2.1.trackMPD'!F:F,Y42,'2.1.trackMPD'!H:H,AA42,'2.1.trackMPD'!M:M,"<>0") -> 0.14488131 | AC42: =AVERAGEIFS('2.1.trackMPD'!N:N,'2.1.trackMPD'!D:D,W42,'2.1.trackMPD'!F:F,Y42,'2.1.trackMPD'!H:H,AA42,'2.1.trackMPD'!N:N,"<>0") -> 145.22033
A43: Northern regions | B43: KaraSea | C43: LDPE | D43: 3 | E43: 0.915 | F43: Sphere | G43: 0.0001 | H43: 0.0001 | I43: 0.33931997 | J43: 13.127396 | K43: 0 | L43: 0 | M43: 0 | N43: 0 | V43: Global | W43: 3 | X43: 0.915 | Y43: Film | AA43: 1e-06 | AB43: =AVERAGEIFS('2.1.trackMPD'!M:M,'2.1.trackMPD'!D:D,W43,'2.1.trackMPD'!F:F,Y43,'2.1.trackMPD'!H:H,AA43,'2.1.trackMPD'!M:M,"<>0") -> 3.3669754 | AC43: =AVERAGEIFS('2.1.trackMPD'!N:N,'2.1.trackMPD'!D:D,W43,'2.1.trackMPD'!F:F,Y43,'2.1.trackMPD'!H:H,AA43,'2.1.trackMPD'!N:N,"<>0") -> 10.811394
A44: Northern regions | B44: KaraSea | C44: LDPE | D44: 3 | E44: 0.915 | F44: Sphere | G44: 0.001 | H44: 0.001 | I44: 0.047542534 | J44: 2.8410997 | K44: 0 | L44: 0 | M44: 0 | N44: 0 | V44: Global | W44: 3 | X44: 0.915 | Y44: Film | AA44: 1e-05 | AB44: =AVERAGEIFS('2.1.trackMPD'!M:M,'2.1.trackMPD'!D:D,W44,'2.1.trackMPD'!F:F,Y44,'2.1.trackMPD'!H:H,AA44,'2.1.trackMPD'!M:M,"<>0") -> 9.9763686 | AC44: =AVERAGEIFS('2.1.trackMPD'!N:N,'2.1.trackMPD'!D:D,W44,'2.1.trackMPD'!F:F,Y44,'2.1.trackMPD'!H:H,AA44,'2.1.trackMPD'!N:N,"<>0") -> 71.251098
A45: Northern regions | B45: KaraSea | C45: LDPE | D45: 3 | E45: 0.915 | F45: Sphere | G45: 0.005 | H45: 0.005 | I45: 0.022102408 | J45: 1.3015333 | K45: 0 | L45: 0 | M45: 0 | N45: 0 | V45: Global | W45: 3 | X45: 0.915 | Y45: Film | AA45: 0.0001 | AB45: =AVERAGEIFS('2.1.trackMPD'!M:M,'2.1.trackMPD'!D:D,W45,'2.1.trackMPD'!F:F,Y45,'2.1.trackMPD'!H:H,AA45,'2.1.trackMPD'!M:M,"<>0") -> 13.567195 | AC45: =AVERAGEIFS('2.1.trackMPD'!N:N,'2.1.trackMPD'!D:D,W45,'2.1.trackMPD'!F:F,Y45,'2.1.trackMPD'!H:H,AA45,'2.1.trackMPD'!N:N,"<>0") -> 235.16585
A46: Northern regions | B46: KaraSea | C46: PET | D46: 6 | E46: 1.35 | F46: Fiber | G46: 5e-05 | H46: 1e-06 | I46: 0.023650897 | J46: 1.14012 | K46: 0 | L46: 0 | M46: 0 | N46: 0 | V46: Global | W46: 6 | X46: 1.35 | Y46: Sphere | Z46: 0.005 | AA46: 0.005 | AB46: =AVERAGEIFS('2.1.trackMPD'!M:M,'2.1.trackMPD'!D:D,W46,'2.1.trackMPD'!F:F,Y46,'2.1.trackMPD'!H:H,AA46,'2.1.trackMPD'!M:M,"<>0") -> 13771.523 | AC46: =AVERAGEIFS('2.1.trackMPD'!N:N,'2.1.trackMPD'!D:D,W46,'2.1.trackMPD'!F:F,Y46,'2.1.trackMPD'!H:H,AA46,'2.1.trackMPD'!N:N,"<>0") -> 19903.681
A47: Northern regions | B47: KaraSea | C47: PET | D47: 6 | E47: 1.35 | F47: Fiber | G47: 0.0001 | H47: 1e-05 | I47: 1.8060251 | J47: 5.4427718 | K47: 0 | L47: 0 | M47: 0 | N47: 0 | V47: Global | W47: 6 | X47: 1.35 | Y47: Sphere | Z47: 0.001 | AA47: 0.001 | AB47: =AVERAGEIFS('2.1.trackMPD'!M:M,'2.1.trackMPD'!D:D,W47,'2.1.trackMPD'!F:F,Y47,'2.1.trackMPD'!H:H,AA47,'2.1.trackMPD'!M:M,"<>0") -> 3665.2283 | AC47: =AVERAGEIFS('2.1.trackMPD'!N:N,'2.1.trackMPD'!D:D,W47,'2.1.trackMPD'!F:F,Y47,'2.1.trackMPD'!H:H,AA47,'2.1.trackMPD'!N:N,"<>0") -> 5040.7405
A48: Northern regions | B48: KaraSea | C48: PET | D48: 6 | E48: 1.35 | F48: Fiber | G48: 0.001 | H48: 0.0001 | I48: 3067.1402 | J48: 411.20985 | K48: 0 | L48: 0 | M48: 0 | N48: 0 | V48: Global | W48: 6 | X48: 1.35 | Y48: Sphere | Z48: 0.0001 | AA48: 0.0001 | AB48: =AVERAGEIFS('2.1.trackMPD'!M:M,'2.1.trackMPD'!D:D,W48,'2.1.trackMPD'!F:F,Y48,'2.1.trackMPD'!H:H,AA48,'2.1.trackMPD'!M:M,"<>0") -> 139.49792 | AC48: =AVERAGEIFS('2.1.trackMPD'!N:N,'2.1.trackMPD'!D:D,W48,'2.1.trackMPD'!F:F,Y48,'2.1.trackMPD'!H:H,AA48,'2.1.trackMPD'!N:N,"<>0") -> 126.32425
A49: Northern regions | B49: KaraSea | C49: PET | D49: 6 | E49: 1.35 | F49: Fiber | G49: 0.005 | H49: 0.001 | I49: 386328.92 | J49: 4617.9382 | K49: 0 | L49: 0 | M49: 0 | N49: 0 | V49: Global | W49: 6 | X49: 1.35 | Y49: Sphere | Z49: 1e-05 | AA49: 1e-05 | AB49: =AVERAGEIFS('2.1.trackMPD'!M:M,'2.1.trackMPD'!D:D,W49,'2.1.trackMPD'!F:F,Y49,'2.1.trackMPD'!H:H,AA49,'2.1.trackMPD'!M:M,"<>0") -> 24.24887 | AC49: =AVERAGEIFS('2.1.trackMPD'!N:N,'2.1.trackMPD'!D:D,W49,'2.1.trackMPD'!F:F,Y49,'2.1.trackMPD'!H:H,AA49,'2.1.trackMPD'!N:N,"<>0") -> 22.683471
A50: Northern regions | B50: KaraSea | C50: PET | D50: 6 | E50: 1.35 | F50: Fiber | G50: 0.025 | H50: 0.005 | I50: 2260845.3 | J50: 11171.331 | K50: 0 | L50: 0 | M50: 0 | N50: 0 | V50: Global | W50: 6 | X50: 1.35 | Y50: Sphere | Z50: 1e-06 | AA50: 1e-06 | AB50: =AVERAGEIFS('2.1.trackMPD'!M:M,'2.1.trackMPD'!D:D,W50,'2.1.trackMPD'!F:F,Y50,'2.1.trackMPD'!H:H,AA50,'2.1.trackMPD'!M:M,"<>0") -> 28.05287 | AC50: =AVERAGEIFS('2.1.trackMPD'!N:N,'2.1.trackMPD'!D:D,W50,'2.1.trackMPD'!F:F,Y50,'2.1.trackMPD'!H:H,AA50,'2.1.trackMPD'!N:N,"<>0") -> 22.598906
A51: Northern regions | B51: KaraSea | C51: PET | D51: 6 | E51: 1.35 | F51: Film | G51: 1e-06 | H51: 1e-06 | I51: 0.27879624 | J51: 2.084883 | K51: 0 | L51: 0 | M51: 0 | N51: 0 | V51: Global | W51: 6 | X51: 1.35 | Y51: Fiber | Z51: 0.005 | AA51: 0.001 | AB51: =AVERAGEIFS('2.1.trackMPD'!M:M,'2.1.trackMPD'!D:D,W51,'2.1.trackMPD'!F:F,Y51,'2.1.trackMPD'!H:H,AA51,'2.1.trackMPD'!M:M,"<>0") -> 3337.157 | AC51: =AVERAGEIFS('2.1.trackMPD'!N:N,'2.1.trackMPD'!D:D,W51,'2.1.trackMPD'!F:F,Y51,'2.1.trackMPD'!H:H,AA51,'2.1.trackMPD'!N:N,"<>0") -> 4558.9482
A52: Northern regions | B52: KaraSea | C52: PET | D52: 6 | E52: 1.35 | F52: Film | G52: 1e-05 | H52: 1e-05 | I52: 451.56771 | J52: 157.67291 | K52: 0 | L52: 0 | M52: 0 | N52: 0 | V52: Global | W52: 6 | X52: 1.35 | Y52: Fiber | Z52: 0.001 | AA52: 0.0001 | AB52: =AVERAGEIFS('2.1.trackMPD'!M:M,'2.1.trackMPD'!D:D,W52,'2.1.trackMPD'!F:F,Y52,'2.1.trackMPD'!H:H,AA52,'2.1.trackMPD'!M:M,"<>0") -> 412.25005 | AC52: =AVERAGEIFS('2.1.trackMPD'!N:N,'2.1.trackMPD'!D:D,W52,'2.1.trackMPD'!F:F,Y52,'2.1.trackMPD'!H:H,AA52,'2.1.trackMPD'!N:N,"<>0") -> 396.25355
A53: Northern regions | B53: KaraSea | C53: PET | D53: 6 | E53: 1.35 | F53: Film | G53: 0.0001 | H53: 0.0001 | I53: 78076.844 | J53: 2076.0158 | K53: 0 | L53: 0 | M53: 0 | N53: 0 | V53: Global | W53: 6 | X53: 1.35 | Y53: Fiber | Z53: 0.0001 | AA53: 1e-05 | AB53: =AVERAGEIFS('2.1.trackMPD'!M:M,'2.1.trackMPD'!D:D,W53,'2.1.trackMPD'!F:F,Y53,'2.1.trackMPD'!H:H,AA53,'2.1.trackMPD'!M:M,"<>0") -> 138.55395 | AC53: =AVERAGEIFS('2.1.trackMPD'!N:N,'2.1.trackMPD'!D:D,W53,'2.1.trackMPD'!F:F,Y53,'2.1.trackMPD'!H:H,AA53,'2.1.trackMPD'!N:N,"<>0") -> 82.97769
A54: Northern regions | B54: KaraSea | C54: PET | D54: 6 | E54: 1.35 | F54: Sphere | G54: 1e-06 | H54: 1e-06 | I54: 0.023332875 | J54: 1.0678195 | K54: 0 | L54: 0 | M54: 0 | N54: 0 | V54: Global | W54: 6 | X54: 1.35 | Y54: Fiber | Z54: 5e-05 | AA54: 1e-06 | AB54: =AVERAGEIFS('2.1.trackMPD'!M:M,'2.1.trackMPD'!D:D,W54,'2.1.trackMPD'!F:F,Y54,'2.1.trackMPD'!H:H,AA54,'2.1.trackMPD'!M:M,"<>0") -> 68.192597 | AC54: =AVERAGEIFS('2.1.trackMPD'!N:N,'2.1.trackMPD'!D:D,W54,'2.1.trackMPD'!F:F,Y54,'2.1.trackMPD'!H:H,AA54,'2.1.trackMPD'!N:N,"<>0") -> 68.079049
A55: Northern regions | B55: KaraSea | C55: PET | D55: 6 | E55: 1.35 | F55: Sphere | G55: 1e-05 | H55: 1e-05 | I55: 0.17354228 | J55: 1.6164422 | K55: 0 | L55: 0 | M55: 0 | N55: 0 | V55: Global | W55: 6 | X55: 1.35 | Y55: Fiber | Z55: 0.025 | AA55: 0.005 | AB55: =AVERAGEIFS('2.1.trackMPD'!M:M,'2.1.trackMPD'!D:D,W55,'2.1.trackMPD'!F:F,Y55,'2.1.trackMPD'!H:H,AA55,'2.1.trackMPD'!M:M,"<>0") -> 7760.3795 | AC55: =AVERAGEIFS('2.1.trackMPD'!N:N,'2.1.trackMPD'!D:D,W55,'2.1.trackMPD'!F:F,Y55,'2.1.trackMPD'!H:H,AA55,'2.1.trackMPD'!N:N,"<>0") -> 11066.062
A56: Northern regions | B56: KaraSea | C56: PET | D56: 6 | E56: 1.35 | F56: Sphere | G56: 0.0001 | H56: 0.0001 | I56: 361.14861 | J56: 140.40596 | K56: 0 | L56: 0 | M56: 0 | N56: 0 | V56: Global | W56: 6 | X56: 1.35 | Y56: Film | AA56: 1e-06 | AB56: =AVERAGEIFS('2.1.trackMPD'!M:M,'2.1.trackMPD'!D:D,W56,'2.1.trackMPD'!F:F,Y56,'2.1.trackMPD'!H:H,AA56,'2.1.trackMPD'!M:M,"<>0") -> 32.140555 | AC56: =AVERAGEIFS('2.1.trackMPD'!N:N,'2.1.trackMPD'!D:D,W56,'2.1.trackMPD'!F:F,Y56,'2.1.trackMPD'!H:H,AA56,'2.1.trackMPD'!N:N,"<>0") -> 1.4758812
A57: Northern regions | B57: KaraSea | C57: PET | D57: 6 | E57: 1.35 | F57: Sphere | G57: 0.001 | H57: 0.001 | I57: 474359.11 | J57: 5117.0911 | K57: 0 | L57: 0 | M57: 0 | N57: 0 | V57: Global | W57: 6 | X57: 1.35 | Y57: Film | AA57: 1e-05 | AB57: =AVERAGEIFS('2.1.trackMPD'!M:M,'2.1.trackMPD'!D:D,W57,'2.1.trackMPD'!F:F,Y57,'2.1.trackMPD'!H:H,AA57,'2.1.trackMPD'!M:M,"<>0") -> 158.52664 | AC57: =AVERAGEIFS('2.1.trackMPD'!N:N,'2.1.trackMPD'!D:D,W57,'2.1.trackMPD'!F:F,Y57,'2.1.trackMPD'!H:H,AA57,'2.1.trackMPD'!N:N,"<>0") -> 135.56312
A58: Northern regions | B58: KaraSea | C58: PET | D58: 6 | E58: 1.35 | F58: Sphere | G58: 0.005 | H58: 0.005 | I58: 7332781.7 | J58: 20118.882 | K58: 0 | L58: 0 | M58: 0 | N58: 0 | V58: Global | W58: 6 | X58: 1.35 | Y58: Film | AA58: 0.0001 | AB58: =AVERAGEIFS('2.1.trackMPD'!M:M,'2.1.trackMPD'!D:D,W58,'2.1.trackMPD'!F:F,Y58,'2.1.trackMPD'!H:H,AA58,'2.1.trackMPD'!M:M,"<>0") -> 2080.3132 | AC58: =AVERAGEIFS('2.1.trackMPD'!N:N,'2.1.trackMPD'!D:D,W58,'2.1.trackMPD'!F:F,Y58,'2.1.trackMPD'!H:H,AA58,'2.1.trackMPD'!N:N,"<>0") -> 2044.1223
A59: Northern regions | B59: KaraSea | C59: PP | D59: 2 | E59: 0.88 | F59: Fiber | G59: 5e-05 | H59: 1e-06 | I59: 0.027940397 | J59: 1.0043278 | K59: 0 | L59: 0 | M59: 0 | N59: 0 | V59: Global | W59: 2 | X59: 0.88 | Y59: Sphere | Z59: 0.005 | AA59: 0.005 | AB59: =AVERAGEIFS('2.1.trackMPD'!M:M,'2.1.trackMPD'!D:D,W59,'2.1.trackMPD'!F:F,Y59,'2.1.trackMPD'!H:H,AA59,'2.1.trackMPD'!M:M,"<>0") -> 0.18294491 | AC59: =AVERAGEIFS('2.1.trackMPD'!N:N,'2.1.trackMPD'!D:D,W59,'2.1.trackMPD'!F:F,Y59,'2.1.trackMPD'!H:H,AA59,'2.1.trackMPD'!N:N,"<>0") -> 228.33897
A60: Northern regions | B60: KaraSea | C60: PP | D60: 2 | E60: 0.88 | F60: Fiber | G60: 0.0001 | H60: 1e-05 | I60: 0.44978301 | J60: 4.0347459 | K60: 0 | L60: 0 | M60: 0 | N60: 0 | V60: Global | W60: 2 | X60: 0.88 | Y60: Sphere | Z60: 0.001 | AA60: 0.001 | AB60: =AVERAGEIFS('2.1.trackMPD'!M:M,'2.1.trackMPD'!D:D,W60,'2.1.trackMPD'!F:F,Y60,'2.1.trackMPD'!H:H,AA60,'2.1.trackMPD'!M:M,"<>0") -> 2.4265031 | AC60: =AVERAGEIFS('2.1.trackMPD'!N:N,'2.1.trackMPD'!D:D,W60,'2.1.trackMPD'!F:F,Y60,'2.1.trackMPD'!H:H,AA60,'2.1.trackMPD'!N:N,"<>0") -> 240.13354
A61: Northern regions | B61: KaraSea | C61: PP | D61: 2 | E61: 0.88 | F61: Fiber | G61: 0.001 | H61: 0.0001 | I61: 0.18841733 | J61: 16.765691 | K61: 0 | L61: 0 | M61: 0 | N61: 0 | V61: Global | W61: 2 | X61: 0.88 | Y61: Sphere | Z61: 0.0001 | AA61: 0.0001 | AB61: =AVERAGEIFS('2.1.trackMPD'!M:M,'2.1.trackMPD'!D:D,W61,'2.1.trackMPD'!F:F,Y61,'2.1.trackMPD'!H:H,AA61,'2.1.trackMPD'!M:M,"<>0") -> 3.802777 | AC61: =AVERAGEIFS('2.1.trackMPD'!N:N,'2.1.trackMPD'!D:D,W61,'2.1.trackMPD'!F:F,Y61,'2.1.trackMPD'!H:H,AA61,'2.1.trackMPD'!N:N,"<>0") -> 54.595962
A62: Northern regions | B62: KaraSea | C62: PP | D62: 2 | E62: 0.88 | F62: Fiber | G62: 0.005 | H62: 0.001 | I62: 0.028493868 | J62: 1.6780037 | K62: 0 | L62: 0 | M62: 0 | N62: 0 | V62: Global | W62: 2 | X62: 0.88 | Y62: Sphere | Z62: 1e-05 | AA62: 1e-05 | AB62: =AVERAGEIFS('2.1.trackMPD'!M:M,'2.1.trackMPD'!D:D,W62,'2.1.trackMPD'!F:F,Y62,'2.1.trackMPD'!H:H,AA62,'2.1.trackMPD'!M:M,"<>0") -> 2.3093864 | AC62: =AVERAGEIFS('2.1.trackMPD'!N:N,'2.1.trackMPD'!D:D,W62,'2.1.trackMPD'!F:F,Y62,'2.1.trackMPD'!H:H,AA62,'2.1.trackMPD'!N:N,"<>0") -> 10.217446
A63: Northern regions | B63: KaraSea | C63: PP | D63: 2 | E63: 0.88 | F63: Fiber | G63: 0.025 | H63: 0.005 | I63: 0.020335011 | J63: 1.0202775 | K63: 0 | L63: 0 | M63: 0 | N63: 0 | V63: Global | W63: 2 | X63: 0.88 | Y63: Sphere | Z63: 1e-06 | AA63: 1e-06 | AB63: =AVERAGEIFS('2.1.trackMPD'!M:M,'2.1.trackMPD'!D:D,W63,'2.1.trackMPD'!F:F,Y63,'2.1.trackMPD'!H:H,AA63,'2.1.trackMPD'!M:M,"<>0") -> 0.7896329 | AC63: =AVERAGEIFS('2.1.trackMPD'!N:N,'2.1.trackMPD'!D:D,W63,'2.1.trackMPD'!F:F,Y63,'2.1.trackMPD'!H:H,AA63,'2.1.trackMPD'!N:N,"<>0") -> 0.74510524
A64: Northern regions | B64: KaraSea | C64: PP | D64: 2 | E64: 0.88 | F64: Film | G64: 1e-06 | H64: 1e-06 | I64: 0.24221785 | J64: 2.0441543 | K64: 0 | L64: 0 | M64: 0 | N64: 0 | V64: Global | W64: 2 | X64: 0.88 | Y64: Fiber | Z64: 0.005 | AA64: 0.001 | AB64: =AVERAGEIFS('2.1.trackMPD'!M:M,'2.1.trackMPD'!D:D,W64,'2.1.trackMPD'!F:F,Y64,'2.1.trackMPD'!H:H,AA64,'2.1.trackMPD'!M:M,"<>0") -> 1.0142187 | AC64: =AVERAGEIFS('2.1.trackMPD'!N:N,'2.1.trackMPD'!D:D,W64,'2.1.trackMPD'!F:F,Y64,'2.1.trackMPD'!H:H,AA64,'2.1.trackMPD'!N:N,"<>0") -> 258.34463
A65: Northern regions | B65: KaraSea | C65: PP | D65: 2 | E65: 0.88 | F65: Film | G65: 1e-05 | H65: 1e-05 | I65: 0.76165408 | J65: 23.395884 | K65: 0 | L65: 0 | M65: 0 | N65: 0 | V65: Global | W65: 2 | X65: 0.88 | Y65: Fiber | Z65: 0.001 | AA65: 0.0001 | AB65: =AVERAGEIFS('2.1.trackMPD'!M:M,'2.1.trackMPD'!D:D,W65,'2.1.trackMPD'!F:F,Y65,'2.1.trackMPD'!H:H,AA65,'2.1.trackMPD'!M:M,"<>0") -> 4.9710327 | AC65: =AVERAGEIFS('2.1.trackMPD'!N:N,'2.1.trackMPD'!D:D,W65,'2.1.trackMPD'!F:F,Y65,'2.1.trackMPD'!H:H,AA65,'2.1.trackMPD'!N:N,"<>0") -> 99.989356
A66: Northern regions | B66: KaraSea | C66: PP | D66: 2 | E66: 0.88 | F66: Film | G66: 0.0001 | H66: 0.0001 | I66: 0.095925745 | J66: 9.9690435 | K66: 0 | L66: 0 | M66: 0 | N66: 0 | V66: Global | W66: 2 | X66: 0.88 | Y66: Fiber | Z66: 0.0001 | AA66: 1e-05 | AB66: =AVERAGEIFS('2.1.trackMPD'!M:M,'2.1.trackMPD'!D:D,W66,'2.1.trackMPD'!F:F,Y66,'2.1.trackMPD'!H:H,AA66,'2.1.trackMPD'!M:M,"<>0") -> 2.7827112 | AC66: =AVERAGEIFS('2.1.trackMPD'!N:N,'2.1.trackMPD'!D:D,W66,'2.1.trackMPD'!F:F,Y66,'2.1.trackMPD'!H:H,AA66,'2.1.trackMPD'!N:N,"<>0") -> 4.5361588
A67: Northern regions | B67: KaraSea | C67: PP | D67: 2 | E67: 0.88 | F67: Sphere | G67: 1e-06 | H67: 1e-06 | I67: 0.024481322 | J67: 1.1328956 | K67: 0 | L67: 0 | M67: 0 | N67: 0 | V67: Global | W67: 2 | X67: 0.88 | Y67: Fiber | Z67: 5e-05 | AA67: 1e-06 | AB67: =AVERAGEIFS('2.1.trackMPD'!M:M,'2.1.trackMPD'!D:D,W67,'2.1.trackMPD'!F:F,Y67,'2.1.trackMPD'!H:H,AA67,'2.1.trackMPD'!M:M,"<>0") -> 1.684528 | AC67: =AVERAGEIFS('2.1.trackMPD'!N:N,'2.1.trackMPD'!D:D,W67,'2.1.trackMPD'!F:F,Y67,'2.1.trackMPD'!H:H,AA67,'2.1.trackMPD'!N:N,"<>0") -> 2.7452021
A68: Northern regions | B68: KaraSea | C68: PP | D68: 2 | E68: 0.88 | F68: Sphere | G68: 1e-05 | H68: 1e-05 | I68: 0.14971829 | J68: 1.5770468 | K68: 0 | L68: 0 | M68: 0 | N68: 0 | V68: Global | W68: 2 | X68: 0.88 | Y68: Fiber | Z68: 0.025 | AA68: 0.005 | AB68: =AVERAGEIFS('2.1.trackMPD'!M:M,'2.1.trackMPD'!D:D,W68,'2.1.trackMPD'!F:F,Y68,'2.1.trackMPD'!H:H,AA68,'2.1.trackMPD'!M:M,"<>0") -> 0.11489418 | AC68: =AVERAGEIFS('2.1.trackMPD'!N:N,'2.1.trackMPD'!D:D,W68,'2.1.trackMPD'!F:F,Y68,'2.1.trackMPD'!H:H,AA68,'2.1.trackMPD'!N:N,"<>0") -> 109.97054
A69: Northern regions | B69: KaraSea | C69: PP | D69: 2 | E69: 0.88 | F69: Sphere | G69: 0.0001 | H69: 0.0001 | I69: 0.26951159 | J69: 12.22754 | K69: 0 | L69: 0 | M69: 0 | N69: 0 | V69: Global | W69: 2 | X69: 0.88 | Y69: Film | AA69: 1e-06 | AB69: =AVERAGEIFS('2.1.trackMPD'!M:M,'2.1.trackMPD'!D:D,W69,'2.1.trackMPD'!F:F,Y69,'2.1.trackMPD'!H:H,AA69,'2.1.trackMPD'!M:M,"<>0") -> 3.30916 | AC69: =AVERAGEIFS('2.1.trackMPD'!N:N,'2.1.trackMPD'!D:D,W69,'2.1.trackMPD'!F:F,Y69,'2.1.trackMPD'!H:H,AA69,'2.1.trackMPD'!N:N,"<>0") -> 10.149346
A70: Northern regions | B70: KaraSea | C70: PP | D70: 2 | E70: 0.88 | F70: Sphere | G70: 0.001 | H70: 0.001 | I70: 0.039073899 | J70: 2.4417374 | K70: 0 | L70: 0 | M70: 0 | N70: 0 | V70: Global | W70: 2 | X70: 0.88 | Y70: Film | AA70: 1e-05 | AB70: =AVERAGEIFS('2.1.trackMPD'!M:M,'2.1.trackMPD'!D:D,W70,'2.1.trackMPD'!F:F,Y70,'2.1.trackMPD'!H:H,AA70,'2.1.trackMPD'!M:M,"<>0") -> 8.5171419 | AC70: =AVERAGEIFS('2.1.trackMPD'!N:N,'2.1.trackMPD'!D:D,W70,'2.1.trackMPD'!F:F,Y70,'2.1.trackMPD'!H:H,AA70,'2.1.trackMPD'!N:N,"<>0") -> 68.777723
A71: Northern regions | B71: KaraSea | C71: PP | D71: 2 | E71: 0.88 | F71: Sphere | G71: 0.005 | H71: 0.005 | I71: 0.017887873 | J71: 1.2057933 | K71: 0 | L71: 0 | M71: 0 | N71: 0 | V71: Global | W71: 2 | X71: 0.88 | Y71: Film | AA71: 0.0001 | AB71: =AVERAGEIFS('2.1.trackMPD'!M:M,'2.1.trackMPD'!D:D,W71,'2.1.trackMPD'!F:F,Y71,'2.1.trackMPD'!H:H,AA71,'2.1.trackMPD'!M:M,"<>0") -> 1.4279856 | AC71: =AVERAGEIFS('2.1.trackMPD'!N:N,'2.1.trackMPD'!D:D,W71,'2.1.trackMPD'!F:F,Y71,'2.1.trackMPD'!H:H,AA71,'2.1.trackMPD'!N:N,"<>0") -> 255.72718
A72: Northern regions | B72: KaraSea | C72: PS | D72: 5 | E72: 1.06 | F72: Fiber | G72: 5e-05 | H72: 1e-06 | I72: 0.025951751 | J72: 1.0508289 | K72: 0 | L72: 0 | M72: 0 | N72: 0 | V72: Global | W72: 5 | X72: 1.06 | Y72: Sphere | Z72: 0.005 | AA72: 0.005 | AB72: =AVERAGEIFS('2.1.trackMPD'!M:M,'2.1.trackMPD'!D:D,W72,'2.1.trackMPD'!F:F,Y72,'2.1.trackMPD'!H:H,AA72,'2.1.trackMPD'!M:M,"<>0") -> 4016.3473 | AC72: =AVERAGEIFS('2.1.trackMPD'!N:N,'2.1.trackMPD'!D:D,W72,'2.1.trackMPD'!F:F,Y72,'2.1.trackMPD'!H:H,AA72,'2.1.trackMPD'!N:N,"<>0") -> 5485.7506
A73: Northern regions | B73: KaraSea | C73: PS | D73: 5 | E73: 1.06 | F73: Fiber | G73: 0.0001 | H73: 1e-05 | I73: 0.64322206 | J73: 4.3872407 | K73: 0 | L73: 0 | M73: 0 | N73: 0 | V73: Global | W73: 5 | X73: 1.06 | Y73: Sphere | Z73: 0.001 | AA73: 0.001 | AB73: =AVERAGEIFS('2.1.trackMPD'!M:M,'2.1.trackMPD'!D:D,W73,'2.1.trackMPD'!F:F,Y73,'2.1.trackMPD'!H:H,AA73,'2.1.trackMPD'!M:M,"<>0") -> 894.11221 | AC73: =AVERAGEIFS('2.1.trackMPD'!N:N,'2.1.trackMPD'!D:D,W73,'2.1.trackMPD'!F:F,Y73,'2.1.trackMPD'!H:H,AA73,'2.1.trackMPD'!N:N,"<>0") -> 977.41427
A74: Northern regions | B74: KaraSea | C74: PS | D74: 5 | E74: 1.06 | F74: Fiber | G74: 0.001 | H74: 0.0001 | I74: 86.304717 | J74: 73.942048 | K74: 0 | L74: 0 | M74: 0 | N74: 0 | V74: Global | W74: 5 | X74: 1.06 | Y74: Sphere | Z74: 0.0001 | AA74: 0.0001 | AB74: =AVERAGEIFS('2.1.trackMPD'!M:M,'2.1.trackMPD'!D:D,W74,'2.1.trackMPD'!F:F,Y74,'2.1.trackMPD'!H:H,AA74,'2.1.trackMPD'!M:M,"<>0") -> 21.261493 | AC74: =AVERAGEIFS('2.1.trackMPD'!N:N,'2.1.trackMPD'!D:D,W74,'2.1.trackMPD'!F:F,Y74,'2.1.trackMPD'!H:H,AA74,'2.1.trackMPD'!N:N,"<>0") -> 56.299989
A75: Northern regions | B75: KaraSea | C75: PS | D75: 5 | E75: 1.06 | F75: Fiber | G75: 0.005 | H75: 0.001 | I75: 27719.468 | J75: 1236.978 | K75: 0 | L75: 0 | M75: 0 | N75: 0 | V75: Global | W75: 5 | X75: 1.06 | Y75: Sphere | Z75: 1e-05 | AA75: 1e-05 | AB75: =AVERAGEIFS('2.1.trackMPD'!M:M,'2.1.trackMPD'!D:D,W75,'2.1.trackMPD'!F:F,Y75,'2.1.trackMPD'!H:H,AA75,'2.1.trackMPD'!M:M,"<>0") -> 7.565111 | AC75: =AVERAGEIFS('2.1.trackMPD'!N:N,'2.1.trackMPD'!D:D,W75,'2.1.trackMPD'!F:F,Y75,'2.1.trackMPD'!H:H,AA75,'2.1.trackMPD'!N:N,"<>0") -> 17.201359
A76: Northern regions | B76: KaraSea | C76: PS | D76: 5 | E76: 1.06 | F76: Fiber | G76: 0.025 | H76: 0.005 | I76: 298059.77 | J76: 4056.2173 | K76: 0 | L76: 0 | M76: 0 | N76: 0 | V76: Global | W76: 5 | X76: 1.06 | Y76: Sphere | Z76: 1e-06 | AA76: 1e-06 | AB76: =AVERAGEIFS('2.1.trackMPD'!M:M,'2.1.trackMPD'!D:D,W76,'2.1.trackMPD'!F:F,Y76,'2.1.trackMPD'!H:H,AA76,'2.1.trackMPD'!M:M,"<>0") -> 3.9085349 | AC76: =AVERAGEIFS('2.1.trackMPD'!N:N,'2.1.trackMPD'!D:D,W76,'2.1.trackMPD'!F:F,Y76,'2.1.trackMPD'!H:H,AA76,'2.1.trackMPD'!N:N,"<>0") -> 7.7506313
A77: Northern regions | B77: KaraSea | C77: PS | D77: 5 | E77: 1.06 | F77: Film | G77: 1e-06 | H77: 1e-06 | I77: 0.2761637 | J77: 1.9839717 | K77: 0 | L77: 0 | M77: 0 | N77: 0 | V77: Global | W77: 5 | X77: 1.06 | Y77: Fiber | Z77: 0.005 | AA77: 0.001 | AB77: =AVERAGEIFS('2.1.trackMPD'!M:M,'2.1.trackMPD'!D:D,W77,'2.1.trackMPD'!F:F,Y77,'2.1.trackMPD'!H:H,AA77,'2.1.trackMPD'!M:M,"<>0") -> 1007.445 | AC77: =AVERAGEIFS('2.1.trackMPD'!N:N,'2.1.trackMPD'!D:D,W77,'2.1.trackMPD'!F:F,Y77,'2.1.trackMPD'!H:H,AA77,'2.1.trackMPD'!N:N,"<>0") -> 1134.5816
A78: Northern regions | B78: KaraSea | C78: PS | D78: 5 | E78: 1.06 | F78: Film | G78: 1e-05 | H78: 1e-05 | I78: 17.672774 | J78: 40.166688 | K78: 0 | L78: 0 | M78: 0 | N78: 0 | V78: Global | W78: 5 | X78: 1.06 | Y78: Fiber | Z78: 0.001 | AA78: 0.0001 | AB78: =AVERAGEIFS('2.1.trackMPD'!M:M,'2.1.trackMPD'!D:D,W78,'2.1.trackMPD'!F:F,Y78,'2.1.trackMPD'!H:H,AA78,'2.1.trackMPD'!M:M,"<>0") -> 66.670952 | AC78: =AVERAGEIFS('2.1.trackMPD'!N:N,'2.1.trackMPD'!D:D,W78,'2.1.trackMPD'!F:F,Y78,'2.1.trackMPD'!H:H,AA78,'2.1.trackMPD'!N:N,"<>0") -> 126.83773
A79: Northern regions | B79: KaraSea | C79: PS | D79: 5 | E79: 1.06 | F79: Film | G79: 0.0001 | H79: 0.0001 | I79: 5193.5177 | J79: 535.39976 | K79: 0 | L79: 0 | M79: 0 | N79: 0 | V79: Global | W79: 5 | X79: 1.06 | Y79: Fiber | Z79: 0.0001 | AA79: 1e-05 | AB79: =AVERAGEIFS('2.1.trackMPD'!M:M,'2.1.trackMPD'!D:D,W79,'2.1.trackMPD'!F:F,Y79,'2.1.trackMPD'!H:H,AA79,'2.1.trackMPD'!M:M,"<>0") -> 2.993474 | AC79: =AVERAGEIFS('2.1.trackMPD'!N:N,'2.1.trackMPD'!D:D,W79,'2.1.trackMPD'!F:F,Y79,'2.1.trackMPD'!H:H,AA79,'2.1.trackMPD'!N:N,"<>0") -> 3.4844504 | AD79: =AC79/24/60/60 -> 4.0329288e-05
A80: Northern regions | B80: KaraSea | C80: PS | D80: 5 | E80: 1.06 | F80: Sphere | G80: 1e-06 | H80: 1e-06 | I80: 0.025783531 | J80: 1.0440923 | K80: 0 | L80: 0 | M80: 0 | N80: 0 | V80: Global | W80: 5 | X80: 1.06 | Y80: Fiber | Z80: 5e-05 | AA80: 1e-06 | AB80: =AVERAGEIFS('2.1.trackMPD'!M:M,'2.1.trackMPD'!D:D,W80,'2.1.trackMPD'!F:F,Y80,'2.1.trackMPD'!H:H,AA80,'2.1.trackMPD'!M:M,"<>0") -> 1.6087761 | AC80: =AVERAGEIFS('2.1.trackMPD'!N:N,'2.1.trackMPD'!D:D,W80,'2.1.trackMPD'!F:F,Y80,'2.1.trackMPD'!H:H,AA80,'2.1.trackMPD'!N:N,"<>0") -> 2.3381408
A81: Northern regions | B81: KaraSea | C81: PS | D81: 5 | E81: 1.06 | F81: Sphere | G81: 1e-05 | H81: 1e-05 | I81: 0.16564475 | J81: 1.5623277 | K81: 0 | L81: 0 | M81: 0 | N81: 0 | V81: Global | W81: 5 | X81: 1.06 | Y81: Fiber | Z81: 0.025 | AA81: 0.005 | AB81: =AVERAGEIFS('2.1.trackMPD'!M:M,'2.1.trackMPD'!D:D,W81,'2.1.trackMPD'!F:F,Y81,'2.1.trackMPD'!H:H,AA81,'2.1.trackMPD'!M:M,"<>0") -> 2822.9384 | AC81: =AVERAGEIFS('2.1.trackMPD'!N:N,'2.1.trackMPD'!D:D,W81,'2.1.trackMPD'!F:F,Y81,'2.1.trackMPD'!H:H,AA81,'2.1.trackMPD'!N:N,"<>0") -> 3766.8515
A82: Northern regions | B82: KaraSea | C82: PS | D82: 5 | E82: 1.06 | F82: Sphere | G82: 0.0001 | H82: 0.0001 | I82: 8.918238 | J82: 24.86321 | K82: 0 | L82: 0 | M82: 0 | N82: 0 | V82: Global | W82: 5 | X82: 1.06 | Y82: Film | AA82: 1e-06 | AB82: =AVERAGEIFS('2.1.trackMPD'!M:M,'2.1.trackMPD'!D:D,W82,'2.1.trackMPD'!F:F,Y82,'2.1.trackMPD'!H:H,AA82,'2.1.trackMPD'!M:M,"<>0") -> 9.4461465 | AC82: =AVERAGEIFS('2.1.trackMPD'!N:N,'2.1.trackMPD'!D:D,W82,'2.1.trackMPD'!F:F,Y82,'2.1.trackMPD'!H:H,AA82,'2.1.trackMPD'!N:N,"<>0") -> 11.840969
A83: Northern regions | B83: KaraSea | C83: PS | D83: 5 | E83: 1.06 | F83: Sphere | G83: 0.001 | H83: 0.001 | I83: 21008.813 | J83: 1076.8874 | K83: 0 | L83: 0 | M83: 0 | N83: 0 | V83: Global | W83: 5 | X83: 1.06 | Y83: Film | AA83: 1e-05 | AB83: =AVERAGEIFS('2.1.trackMPD'!M:M,'2.1.trackMPD'!D:D,W83,'2.1.trackMPD'!F:F,Y83,'2.1.trackMPD'!H:H,AA83,'2.1.trackMPD'!M:M,"<>0") -> 34.199607 | AC83: =AVERAGEIFS('2.1.trackMPD'!N:N,'2.1.trackMPD'!D:D,W83,'2.1.trackMPD'!F:F,Y83,'2.1.trackMPD'!H:H,AA83,'2.1.trackMPD'!N:N,"<>0") -> 77.660857
A84: Northern regions | B84: KaraSea | C84: PS | D84: 5 | E84: 1.06 | F84: Sphere | G84: 0.005 | H84: 0.005 | I84: 653305.14 | J84: 6005.201 | K84: 0 | L84: 0 | M84: 0 | N84: 0 | V84: Global | W84: 5 | X84: 1.06 | Y84: Film | AA84: 0.0001 | AB84: =AVERAGEIFS('2.1.trackMPD'!M:M,'2.1.trackMPD'!D:D,W84,'2.1.trackMPD'!F:F,Y84,'2.1.trackMPD'!H:H,AA84,'2.1.trackMPD'!M:M,"<>0") -> 492.51504 | AC84: =AVERAGEIFS('2.1.trackMPD'!N:N,'2.1.trackMPD'!D:D,W84,'2.1.trackMPD'!F:F,Y84,'2.1.trackMPD'!H:H,AA84,'2.1.trackMPD'!N:N,"<>0") -> 533.70559
A85: Central Asia | B85: OkhotskSea | C85: EPS | D85: 1 | E85: 0.03 | F85: Fiber | G85: 5e-05 | H85: 1e-06 | I85: 0.29548737 | J85: 2.9337927 | K85: 0 | L85: 0 | M85: 0 | N85: 0
A86: Central Asia | B86: OkhotskSea | C86: EPS | D86: 1 | E86: 0.03 | F86: Fiber | G86: 0.0001 | H86: 1e-05 | I86: 0.31268995 | J86: 5.0212691 | K86: 0 | L86: 0 | M86: 0 | N86: 0
A87: Central Asia | B87: OkhotskSea | C87: EPS | D87: 1 | E87: 0.03 | F87: Fiber | G87: 0.001 | H87: 0.0001 | I87: 0.12324156 | J87: 2.9085022 | K87: 0 | L87: 0 | M87: 0 | N87: 0
A88: Central Asia | B88: OkhotskSea | C88: EPS | D88: 1 | E88: 0.03 | F88: Fiber | G88: 0.005 | H88: 0.001 | I88: 0.15112068 | J88: 2.3986205 | K88: 0 | L88: 0 | M88: 0 | N88: 0
A89: Central Asia | B89: OkhotskSea | C89: EPS | D89: 1 | E89: 0.03 | F89: Fiber | G89: 0.025 | H89: 0.005 | I89: 0.12275466 | J89: 2.6576095 | K89: 0 | L89: 0 | M89: 0 | N89: 0
A90: Central Asia | B90: OkhotskSea | C90: EPS | D90: 1 | E90: 0.03 | F90: Film | G90: 1e-06 | H90: 1e-06 | I90: 0.27703969 | J90: 3.0579429 | K90: 0 | L90: 0 | M90: 0 | N90: 0
A91: Central Asia | B91: OkhotskSea | C91: EPS | D91: 1 | E91: 0.03 | F91: Film | G91: 1e-05 | H91: 1e-05 | I91: 0.13414175 | J91: 4.5213429 | K91: 0 | L91: 0 | M91: 0 | N91: 0
A92: Central Asia | B92: OkhotskSea | C92: EPS | D92: 1 | E92: 0.03 | F92: Film | G92: 0.0001 | H92: 0.0001 | I92: 0.14777618 | J92: 2.735322 | K92: 0 | L92: 0 | M92: 0 | N92: 0
A93: Central Asia | B93: OkhotskSea | C93: EPS | D93: 1 | E93: 0.03 | F93: Sphere | G93: 1e-06 | H93: 1e-06 | I93: 0.16060816 | J93: 2.3734471 | K93: 0 | L93: 0 | M93: 0 | N93: 0
A94: Central Asia | B94: OkhotskSea | C94: EPS | D94: 1 | E94: 0.03 | F94: Sphere | G94: 1e-05 | H94: 1e-05 | I94: 0.23297078 | J94: 2.9879479 | K94: 0 | L94: 0 | M94: 0 | N94: 0
A95: Central Asia | B95: OkhotskSea | C95: EPS | D95: 1 | E95: 0.03 | F95: Sphere | G95: 0.0001 | H95: 0.0001 | I95: 0.1020111 | J95: 3.8440233 | K95: 0 | L95: 0 | M95: 0 | N95: 0
A96: Central Asia | B96: OkhotskSea | C96: EPS | D96: 1 | E96: 0.03 | F96: Sphere | G96: 0.001 | H96: 0.001 | I96: 0.15811069 | J96: 2.3257489 | K96: 0.01937046 | L96: 0.073846154 | M96: 0.066912849 | N96: 9.1667092
... A630: Latin America | B630: SouthAmerica | C630: PS | D630: 5 | E630: 1.06 | F630: Sphere | G630: 0.005 | H630: 0.005 | I630: 414489.55 | J630: 5715.048 | K630: 0 | L630: 0 | M630: 5865.4497 | N630: 5722.3752

Sheet 3.1.regional_data
B2: Regionalization parameters
B3: SBoo retrieves the regional values in this sheet to initialize the model for different regions. Keep in mind that the scale "Regional" of SB corresponds to our continental USEtox scale. "Continental" in Sb corresponds to global scale of USEtox.
B4: Python Input (Louvet et al., 2026) | C4: SBoo input in R
A5: scale | B5: parameter | C5: Variable | D5: Scale | E5: SubCompart | F5: North America | G5: Latin America | H5: Europe | I5: Africa & Middle East | J5: Central Asia | K5: Southeast Asia | L5: Northern regions | M5: Oceania | N5: description | O5: unit | P5: source | Q5: SB4P notes
A6: CONTINENTAL SCALE | B6: area_land_C | D6: Regional | F6: 1.448998e+13 | G6: 2.08779e+13 | H6: 8.5662136e+12 | I6: 3.429833e+13 | J6: 1.6876936e+13 | K6: 1.6866064e+13 | L6: 1.8299925e+13 | M6: 8.1247481e+12 | N6: area of land | O6: [m2] | P6: USEtox (Fantke et al., 2017)
B7: area_sea_C | D7: Regional | F7: 1.8374074e+12 | G7: 2.9728967e+12 | H7: 1.7001869e+12 | I7: 1.5904011e+12 | J7: 7.3629569e+11 | K7: 5.3374046e+12 | L7: 5.6248619e+12 | M7: 2.2405685e+12 | N7: area of sea | O7: [m2] | P7: USEtox (Fantke et al., 2017)
C8: TotalArea | D8: Regional | F8: =F6+F7 -> 1.6327387e+13 | G8: =G6+G7 -> 2.3850797e+13 | H8: =H6+H7 -> 1.02664e+13 | I8: =I6+I7 -> 3.5888731e+13 | J8: =J6+J7 -> 1.7613232e+13 | K8: =K6+K7 -> 2.2203468e+13 | L8: =L6+L7 -> 2.3924787e+13 | M8: =M6+M7 -> 1.0365317e+13 | N8: total area of the continent | O8: [m2] | P8: USEtox (Fantke et al., 2017)
C9: FRACsea | D9: Regional | F9: =F7/F8 -> 0.1125353 | G9: =G7/G8 -> 0.12464559 | H9: =H7/H8 -> 0.16560691 | I9: =I7/I8 -> 0.044314777 | J9: =J7/J8 -> 0.041803555 | K9: =K7/K8 -> 0.24038608 | L9: =L7/L8 -> 0.23510604 | M9: =M7/M8 -> 0.21616016 | N9: fraction of continent area allocated to sea | O9: - | P9: USEtox (Fantke et al., 2017)
B10: areafrac_rw_C | C10: landFRAC | D10: Regional | E10: river | F10: 0.0034304356 | G10: 0.0064487285 | H10: 0.0050055029 | I10: 0.00013076169 | J10: 0.0022461359 | K10: 0.012328111 | L10: 0.0046867292 | M10: 0.0008998234 | N10: fraction of land area allocated to river | O10: - | P10: Calculated with HydroATLAS (Louvet et al., 2026)
B11: areafrac_lw_C | C11: landFRAC | D11: Regional | E11: lake | F11: 0.083169844 | G11: 0.012684412 | H11: 0.025460718 | I11: 0.013897746 | J11: 0.027333048 | K11: 0.026854951 | L11: 0.051861908 | M11: 0.0058477675 | N11: fraction of land area allocated to lake | O11: - | P11: Calculated with HydroATLAS (Louvet et al., 2026)
B12: areafrac_nat_soil_C | C12: landFRAC | D12: Regional | E12: naturalsoil | F12: 0.63128839 | G12: 0.65377256 | H12: 0.584526 | I12: 0.58847302 | J12: 0.5213891 | K12: 0.49742035 | L12: 0.82125082 | M12: 0.53527812 | N12: fraction of land area allocated to natural soil | O12: - | P12: USEtox (Fantke et al., 2017)
B13: areafrac_agr_soil_C | C13: landFRAC | D13: Regional | E13: agriculturalsoil | F13: 0.28211133 | G13: 0.3270943 | H13: 0.38500778 | I13: 0.39749848 | J13: 0.44903172 | K13: 0.46339659 | L13: 0.12220054 | M13: 0.45797429 | N13: fraction of land area allocated to agricultural soil | O13: - | P13: USEtox (Fantke et al., 2017)
B14: areafrac_agr_soil_C | C14: landFRAC | D14: Regional | E14: othersoil | F14: 1e-20 | G14: 1e-20 | H14: 1e-20 | I14: 1e-20 | J14: 1e-20 | K14: 1e-20 | L14: 1e-20 | M14: 1e-20 | N14: fraction of land area allocated to other soil | O14: - | P14: -
B15: fracsf_rw_C | D15: Regional | F15: 0.039612292 | G15: 0.33704496 | H15: 0.16429681 | I15: 0.0093211403 | J15: 0.075936371 | K15: 0.31462858 | L15: 0.082879614 | M15: 0.13335477 | N15: fraction of surface water allocated to river | O15: - | P15: Calculated with HydroATLAS
B16: fracsf_lw_C | D16: Regional | F16: 0.96038771 | G16: 0.66295504 | H16: 0.83570319 | I16: 0.99067886 | J16: 0.92406363 | K16: 0.68537142 | L16: 0.91712039 | M16: 0.86664523 | N16: fraction of surface water allocated to lake | O16: - | P16: Calculated with HydroATLAS
B17: temp_C | C17: Temp | D17: Regional | F17: 285.15 | G17: 285.15 | H17: 285.15 | I17: 285.15 | J17: 285.15 | K17: 285.15 | L17: 285.15 | M17: 285.15 | N17: temperature | O17: K | P17: USEtox (Fantke et al., 2017)
B18: wind_speed_C | C18: WINDspeed | D18: Regional | F18: 3 | G18: 3 | H18: 3 | I18: 3 | J18: 3 | K18: 3 | L18: 3 | M18: 3 | N18: wind speed | O18: [m*s-1] | P18: USEtox (Fantke et al., 2017)
B19: rain_rate_C | D19: Regional | F19: 2.2427398e-08 | G19: 5.1120312e-08 | H19: 1.7523958e-08 | I19: 2.0870339e-08 | J19: 6.9029435e-09 | K19: 4.8075939e-08 | L19: 1.5527965e-08 | M19: 4.1085817e-08 | N19: rain rate | O19: [m*s-1] | P19: USEtox (Fantke et al., 2017)
C20: RAINrate | D20: Regional | F20: =F19*1000*365*24*3600 -> 707.27042 | G20: =G19*1000*365*24*3600 -> 1612.1301 | H20: =H19*1000*365*24*3600 -> 552.63553 | I20: =I19*1000*365*24*3600 -> 658.16701 | J20: =J19*1000*365*24*3600 -> 217.69123 | K20: =K19*1000*365*24*3600 -> 1516.1228 | L20: =L19*1000*365*24*3600 -> 489.68992 | M20: =M19*1000*365*24*3600 -> 1295.6823 | N20: rain rate | O20: [mm*yr-1] | P20: USEtox (Fantke et al., 2017)
B21: depth_rw_C | C21: VertDistance | D21: Regional | E21: river | F21: 2.3696042 | G21: 4.3917246 | H21: 1.9467369 | I21: 2.4790569 | J21: 2.2211414 | K21: 3.3070096 | L21: 2.9280377 | M21: 1.0055754 | N21: depth river water | O21: [m] | P21: Calculated with HydroATLAS
B22: depth_lw_C | C22: VertDistance | D22: Regional | E22: lake | F22: 29.533 | G22: 25.706 | H22: 26.89 | I22: 115.865 | J22: 33.135 | K22: 17.388 | L22: 131.869 | M22: 8.809 | N22: depth lake water | O22: [m] | P22: Calculated with HydroATLAS
B23: depth_sw_C | C23: VertDistance | D23: Regional | E23: sea | F23: 2.55 | G23: 3.4833333 | H23: 6.575 | I23: 7.55 | J23: 1.3 | K23: 2.425 | L23: 2.5 | M23: 6 | N23: depth sea water surface | O23: [m] | P23: Tedetti & Sempéré (2006)
C24: VertDistance | D24: Regional | E24: deepocean | F24: 78.542214 | G24: 62.344191 | H24: 67.066893 | I24: 58.532088 | J24: 53.84897 | K24: 53.296778 | L24: 68.939235 | M24: 59.29446 | N24: depth water column | O24: [m] | P24: Hajjar (2025) | Q24: Continental water depth - water surface depth = water column (depth where UV does not penetrate)
B25: frac_runoff_rw_C | D25: Regional | F25: 0.014496812 | G25: 0.12852081 | H25: 0.028291286 | I25: 0.0017166348 | J25: 0.035221577 | K25: 0.082847468 | L25: 0.029771738 | M25: 0.025343262 | N25: fraction runoff to river | O25: - | P25: Fraction runoff in USEtox * Fraction of surface water allocated to river
B26: frac_runoff_lw_C | D26: Regional | F26: 0.3514707 | G26: 0.25279571 | H26: 0.14390491 | I26: 0.18244911 | J26: 0.42860856 | K26: 0.18047085 | L26: 0.32944492 | M26: 0.16470065 | N26: fraction runoff to lake | O26: - | P26: Fraction runoff in USEtox * Fraction of surface water allocated to lake
C27: FRACrun | D27: Regional | F27: 0.36596752 | G27: 0.38131652 | H27: 0.1721962 | I27: 0.18416575 | J27: 0.46383013 | K27: 0.26331831 | L27: 0.35921666 | M27: 0.19004392 | N27: fraction runoff | O27: - | P27: USEtox (Fantke et al., 2017)
B28: frac_infiltr_C | C28: FRACinf | D28: Regional | F28: 0.26947836 | G28: 0.26947836 | H28: 0.26947836 | I28: 0.26947836 | J28: 0.26947836 | K28: 0.26947836 | L28: 0.26947836 | M28: 0.26947836 | N28: fraction infiltration | O28: - | P28: USEtox (Fantke et al., 2017)
B29: soil_ero_C | D29: Regional | F29: 9.5129376e-13 | G29: 9.5129376e-13 | H29: 9.5129376e-13 | I29: 9.5129376e-13 | J29: 9.5129376e-13 | K29: 9.5129376e-13 | L29: 9.5129376e-13 | M29: 9.5129376e-13 | N29: soil erosion | O29: [m*s-1] | P29: USEtox (Fantke et al., 2017)
B30: irrig_C | D30: Regional | F30: 1.9675113e+11 | G30: 232770200000 | H30: 1.154305e+11 | I30: 272246800000 | J30: 2.2477736e+11 | K30: 1.6684885e+12 | L30: 9.689203e+08 | M30: 1.0566e+10 | N30: irrigation | O30: [m3] | P30: USEtox (Fantke et al., 2017)
B31: dens_fw_species_C | C31: dens_fw_species_C | F31: 0.075 | G31: 0.2989 | H31: 0.1022 | I31: 0.2268 | J31: 0.1225 | K31: 0.288 | L31: 0.057 | M31: 0.0892 | O31: - | P31: Louvet et al. (2026)
B32: dens_marine_species_C | C32: dens_marine_species_C | F32: 0.27760306 | G32: 0.30383017 | H32: 0.041502864 | I32: 0.26884196 | J32: 0.31455689 | K32: 0.44765809 | L32: 0.26182186 | M32: 0.17022352 | O32: - | P32: Louvet et al. (2026)
B33: dens_ter_species_C | C33: dens_ter_species_C | F33: 0.0324 | G33: 0.3433 | H33: 0.0831 | I33: 0.2283 | J33: 0.076 | K33: 0.2298 | L33: 0.0214 | M33: 0.131 | O33: - | P33: Louvet et al. (2026)
C34: gep_fw_C | F34: =_xlfn.XLOOKUP(F5,'4.2.GEP'!$B$10:$B$17,'4.2.GEP'!$C$10:$C$17) -> 0.059054668 | G34: =_xlfn.XLOOKUP(G5,'4.2.GEP'!$B$10:$B$17,'4.2.GEP'!$C$10:$C$17) -> 0.30365179 | H34: =_xlfn.XLOOKUP(H5,'4.2.GEP'!$B$10:$B$17,'4.2.GEP'!$C$10:$C$17) -> 0.040952246 | I34: =_xlfn.XLOOKUP(I5,'4.2.GEP'!$B$10:$B$17,'4.2.GEP'!$C$10:$C$17) -> 0.20853272 | J34: =_xlfn.XLOOKUP(J5,'4.2.GEP'!$B$10:$B$17,'4.2.GEP'!$C$10:$C$17) -> 0.0099781408 | K34: =_xlfn.XLOOKUP(K5,'4.2.GEP'!$B$10:$B$17,'4.2.GEP'!$C$10:$C$17) -> 0.32834703 | L34: =_xlfn.XLOOKUP(L5,'4.2.GEP'!$B$10:$B$17,'4.2.GEP'!$C$10:$C$17) -> 0.0048053334 | M34: =_xlfn.XLOOKUP(M5,'4.2.GEP'!$B$10:$B$17,'4.2.GEP'!$C$10:$C$17) -> 0.044678071 | N34: Global extinction probability of freshwater species | O34: - | P34: This study
C35: gep_mar_C | F35: =_xlfn.XLOOKUP(F5,'4.2.GEP'!$B$10:$B$17,'4.2.GEP'!$D$10:$D$17) -> 0.021439842 | G35: =_xlfn.XLOOKUP(G5,'4.2.GEP'!$B$10:$B$17,'4.2.GEP'!$D$10:$D$17) -> 0.087638778 | H35: =_xlfn.XLOOKUP(H5,'4.2.GEP'!$B$10:$B$17,'4.2.GEP'!$D$10:$D$17) -> 0.015125204 | I35: =_xlfn.XLOOKUP(I5,'4.2.GEP'!$B$10:$B$17,'4.2.GEP'!$D$10:$D$17) -> 0.097109148 | J35: =_xlfn.XLOOKUP(J5,'4.2.GEP'!$B$10:$B$17,'4.2.GEP'!$D$10:$D$17) -> 0.018066338 | K35: =_xlfn.XLOOKUP(K5,'4.2.GEP'!$B$10:$B$17,'4.2.GEP'!$D$10:$D$17) -> 0.18266153 | L35: =_xlfn.XLOOKUP(L5,'4.2.GEP'!$B$10:$B$17,'4.2.GEP'!$D$10:$D$17) -> 0.002579814 | M35: =_xlfn.XLOOKUP(M5,'4.2.GEP'!$B$10:$B$17,'4.2.GEP'!$D$10:$D$17) -> 0.05794415 | N35: Global extinction probability of marine species | O35: - | P35: This study
C36: gep_ter_C | F36: =_xlfn.XLOOKUP(F5,'4.2.GEP'!$B$10:$B$17,'4.2.GEP'!$E$10:$E$17) -> 0.030145307 | G36: =_xlfn.XLOOKUP(G5,'4.2.GEP'!$B$10:$B$17,'4.2.GEP'!$E$10:$E$17) -> 0.42476875 | H36: =_xlfn.XLOOKUP(H5,'4.2.GEP'!$B$10:$B$17,'4.2.GEP'!$E$10:$E$17) -> 0.022176711 | I36: =_xlfn.XLOOKUP(I5,'4.2.GEP'!$B$10:$B$17,'4.2.GEP'!$E$10:$E$17) -> 0.22053861 | J36: =_xlfn.XLOOKUP(J5,'4.2.GEP'!$B$10:$B$17,'4.2.GEP'!$E$10:$E$17) -> 0.012068099 | K36: =_xlfn.XLOOKUP(K5,'4.2.GEP'!$B$10:$B$17,'4.2.GEP'!$E$10:$E$17) -> 0.20716998 | L36: =_xlfn.XLOOKUP(L5,'4.2.GEP'!$B$10:$B$17,'4.2.GEP'!$E$10:$E$17) -> 0.003286548 | M36: =_xlfn.XLOOKUP(M5,'4.2.GEP'!$B$10:$B$17,'4.2.GEP'!$E$10:$E$17) -> 0.079845996 | N36: Global extinction probability of terrestrial species | O36: - | P36: This study
C37: UVintensity | D37: Regional | E37: agriculturalsoil | F37: {=_xlfn.XLOOKUP($E37, '1.5.UVintensity'!$L$3:$L$14, _xlfn.XLOOKUP(F$5, '1.5.UVintensity'!$M$2:$U$2, '1.5.UVintensity'!$M$3:$U$14))} -> 0 | G37: {=_xlfn.XLOOKUP($E37, '1.5.UVintensity'!$L$3:$L$14, _xlfn.XLOOKUP(G$5, '1.5.UVintensity'!$M$2:$U$2, '1.5.UVintensity'!$M$3:$U$14))} -> 0 | H37: {=_xlfn.XLOOKUP($E37, '1.5.UVintensity'!$L$3:$L$14, _xlfn.XLOOKUP(H$5, '1.5.UVintensity'!$M$2:$U$2, '1.5.UVintensity'!$M$3:$U$14))} -> 0 | I37: {=_xlfn.XLOOKUP($E37, '1.5.UVintensity'!$L$3:$L$14, _xlfn.XLOOKUP(I$5, '1.5.UVintensity'!$M$2:$U$2, '1.5.UVintensity'!$M$3:$U$14))} -> 0 | J37: {=_xlfn.XLOOKUP($E37, '1.5.UVintensity'!$L$3:$L$14, _xlfn.XLOOKUP(J$5, '1.5.UVintensity'!$M$2:$U$2, '1.5.UVintensity'!$M$3:$U$14))} -> 0 | K37: {=_xlfn.XLOOKUP($E37, '1.5.UVintensity'!$L$3:$L$14, _xlfn.XLOOKUP(K$5, '1.5.UVintensity'!$M$2:$U$2, '1.5.UVintensity'!$M$3:$U$14))} -> 0 | L37: {=_xlfn.XLOOKUP($E37, '1.5.UVintensity'!$L$3:$L$14, _xlfn.XLOOKUP(L$5, '1.5.UVintensity'!$M$2:$U$2, '1.5.UVintensity'!$M$3:$U$14))} -> 0 | M37: {=_xlfn.XLOOKUP($E37, '1.5.UVintensity'!$L$3:$L$14, _xlfn.XLOOKUP(M$5, '1.5.UVintensity'!$M$2:$U$2, '1.5.UVintensity'!$M$3:$U$14))} -> 0 | O37: [W*m-2] | P37: PlasticFADE model
C38: UVintensity | D38: Regional | E38: air | F38: {=_xlfn.XLOOKUP($E38, '1.5.UVintensity'!$L$3:$L$14, _xlfn.XLOOKUP(F$5, '1.5.UVintensity'!$M$2:$U$2, '1.5.UVintensity'!$M$3:$U$14))} -> 8.02 | G38: {=_xlfn.XLOOKUP($E38, '1.5.UVintensity'!$L$3:$L$14, _xlfn.XLOOKUP(G$5, '1.5.UVintensity'!$M$2:$U$2, '1.5.UVintensity'!$M$3:$U$14))} -> 11.78 | H38: {=_xlfn.XLOOKUP($E38, '1.5.UVintensity'!$L$3:$L$14, _xlfn.XLOOKUP(H$5, '1.5.UVintensity'!$M$2:$U$2, '1.5.UVintensity'!$M$3:$U$14))} -> 5.23 | I38: {=_xlfn.XLOOKUP($E38, '1.5.UVintensity'!$L$3:$L$14, _xlfn.XLOOKUP(I$5, '1.5.UVintensity'!$M$2:$U$2, '1.5.UVintensity'!$M$3:$U$14))} -> 13.82 | J38: {=_xlfn.XLOOKUP($E38, '1.5.UVintensity'!$L$3:$L$14, _xlfn.XLOOKUP(J$5, '1.5.UVintensity'!$M$2:$U$2, '1.5.UVintensity'!$M$3:$U$14))} -> 5.63 | K38: {=_xlfn.XLOOKUP($E38, '1.5.UVintensity'!$L$3:$L$14, _xlfn.XLOOKUP(K$5, '1.5.UVintensity'!$M$2:$U$2, '1.5.UVintensity'!$M$3:$U$14))} -> 13.65 | L38: {=_xlfn.XLOOKUP($E38, '1.5.UVintensity'!$L$3:$L$14, _xlfn.XLOOKUP(L$5, '1.5.UVintensity'!$M$2:$U$2, '1.5.UVintensity'!$M$3:$U$14))} -> 3.64 | M38: {=_xlfn.XLOOKUP($E38, '1.5.UVintensity'!$L$3:$L$14, _xlfn.XLOOKUP(M$5, '1.5.UVintensity'!$M$2:$U$2, '1.5.UVintensity'!$M$3:$U$14))} -> 11.85 | O38: [W*m-2] | P38: PlasticFADE model
C39: UVintensity | D39: Regional | E39: cloudwater | F39: {=_xlfn.XLOOKUP($E39, '1.5.UVintensity'!$L$3:$L$14, _xlfn.XLOOKUP(F$5, '1.5.UVintensity'!$M$2:$U$2, '1.5.UVintensity'!$M$3:$U$14))} -> 8.02 | G39: {=_xlfn.XLOOKUP($E39, '1.5.UVintensity'!$L$3:$L$14, _xlfn.XLOOKUP(G$5, '1.5.UVintensity'!$M$2:$U$2, '1.5.UVintensity'!$M$3:$U$14))} -> 11.78 | H39: {=_xlfn.XLOOKUP($E39, '1.5.UVintensity'!$L$3:$L$14, _xlfn.XLOOKUP(H$5, '1.5.UVintensity'!$M$2:$U$2, '1.5.UVintensity'!$M$3:$U$14))} -> 5.23 | I39: {=_xlfn.XLOOKUP($E39, '1.5.UVintensity'!$L$3:$L$14, _xlfn.XLOOKUP(I$5, '1.5.UVintensity'!$M$2:$U$2, '1.5.UVintensity'!$M$3:$U$14))} -> 13.82 | J39: {=_xlfn.XLOOKUP($E39, '1.5.UVintensity'!$L$3:$L$14, _xlfn.XLOOKUP(J$5, '1.5.UVintensity'!$M$2:$U$2, '1.5.UVintensity'!$M$3:$U$14))} -> 5.63 | K39: {=_xlfn.XLOOKUP($E39, '1.5.UVintensity'!$L$3:$L$14, _xlfn.XLOOKUP(K$5, '1.5.UVintensity'!$M$2:$U$2, '1.5.UVintensity'!$M$3:$U$14))} -> 13.65 | L39: {=_xlfn.XLOOKUP($E39, '1.5.UVintensity'!$L$3:$L$14, _xlfn.XLOOKUP(L$5, '1.5.UVintensity'!$M$2:$U$2, '1.5.UVintensity'!$M$3:$U$14))} -> 3.64 | M39: {=_xlfn.XLOOKUP($E39, '1.5.UVintensity'!$L$3:$L$14, _xlfn.XLOOKUP(M$5, '1.5.UVintensity'!$M$2:$U$2, '1.5.UVintensity'!$M$3:$U$14))} -> 11.85 | O39: [W*m-2] | P39: PlasticFADE model
C40: UVintensity | D40: Regional | E40: freshwatersediment | F40: {=_xlfn.XLOOKUP($E40, '1.5.UVintensity'!$L$3:$L$14, _xlfn.XLOOKUP(F$5, '1.5.UVintensity'!$M$2:$U$2, '1.5.UVintensity'!$M$3:$U$14))} -> 0 | G40: {=_xlfn.XLOOKUP($E40, '1.5.UVintensity'!$L$3:$L$14, _xlfn.XLOOKUP(G$5, '1.5.UVintensity'!$M$2:$U$2, '1.5.UVintensity'!$M$3:$U$14))} -> 0 | H40: {=_xlfn.XLOOKUP($E40, '1.5.UVintensity'!$L$3:$L$14, _xlfn.XLOOKUP(H$5, '1.5.UVintensity'!$M$2:$U$2, '1.5.UVintensity'!$M$3:$U$14))} -> 0 | I40: {=_xlfn.XLOOKUP($E40, '1.5.UVintensity'!$L$3:$L$14, _xlfn.XLOOKUP(I$5, '1.5.UVintensity'!$M$2:$U$2, '1.5.UVintensity'!$M$3:$U$14))} -> 0 | J40: {=_xlfn.XLOOKUP($E40, '1.5.UVintensity'!$L$3:$L$14, _xlfn.XLOOKUP(J$5, '1.5.UVintensity'!$M$2:$U$2, '1.5.UVintensity'!$M$3:$U$14))} -> 0 | K40: {=_xlfn.XLOOKUP($E40, '1.5.UVintensity'!$L$3:$L$14, _xlfn.XLOOKUP(K$5, '1.5.UVintensity'!$M$2:$U$2, '1.5.UVintensity'!$M$3:$U$14))} -> 0 | L40: {=_xlfn.XLOOKUP($E40, '1.5.UVintensity'!$L$3:$L$14, _xlfn.XLOOKUP(L$5, '1.5.UVintensity'!$M$2:$U$2, '1.5.UVintensity'!$M$3:$U$14))} -> 0 | M40: {=_xlfn.XLOOKUP($E40, '1.5.UVintensity'!$L$3:$L$14, _xlfn.XLOOKUP(M$5, '1.5.UVintensity'!$M$2:$U$2, '1.5.UVintensity'!$M$3:$U$14))} -> 0 | O40: [W*m-2] | P40: PlasticFADE model
C41: UVintensity | D41: Regional | E41: lake | F41: {=_xlfn.XLOOKUP($E41, '1.5.UVintensity'!$L$3:$L$14, _xlfn.XLOOKUP(F$5, '1.5.UVintensity'!$M$2:$U$2, '1.5.UVintensity'!$M$3:$U$14))} -> 0.067966102 | G41: {=_xlfn.XLOOKUP($E41, '1.5.UVintensity'!$L$3:$L$14, _xlfn.XLOOKUP(G$5, '1.5.UVintensity'!$M$2:$U$2, '1.5.UVintensity'!$M$3:$U$14))} -> 0.11459144 | H41: {=_xlfn.XLOOKUP($E41, '1.5.UVintensity'!$L$3:$L$14, _xlfn.XLOOKUP(H$5, '1.5.UVintensity'!$M$2:$U$2, '1.5.UVintensity'!$M$3:$U$14))} -> 0.048605948 | I41: {=_xlfn.XLOOKUP($E41, '1.5.UVintensity'!$L$3:$L$14, _xlfn.XLOOKUP(I$5, '1.5.UVintensity'!$M$2:$U$2, '1.5.UVintensity'!$M$3:$U$14))} -> 0.029810181 | J41: {=_xlfn.XLOOKUP($E41, '1.5.UVintensity'!$L$3:$L$14, _xlfn.XLOOKUP(J$5, '1.5.UVintensity'!$M$2:$U$2, '1.5.UVintensity'!$M$3:$U$14))} -> 0.042522659 | K41: {=_xlfn.XLOOKUP($E41, '1.5.UVintensity'!$L$3:$L$14, _xlfn.XLOOKUP(K$5, '1.5.UVintensity'!$M$2:$U$2, '1.5.UVintensity'!$M$3:$U$14))} -> 0.19612069 | L41: {=_xlfn.XLOOKUP($E41, '1.5.UVintensity'!$L$3:$L$14, _xlfn.XLOOKUP(L$5, '1.5.UVintensity'!$M$2:$U$2, '1.5.UVintensity'!$M$3:$U$14))} -> 0.006899166 | M41: {=_xlfn.XLOOKUP($E41, '1.5.UVintensity'!$L$3:$L$14, _xlfn.XLOOKUP(M$5, '1.5.UVintensity'!$M$2:$U$2, '1.5.UVintensity'!$M$3:$U$14))} -> 0.33664773 | O41: [W*m-2] | P41: PlasticFADE model
C42: UVintensity | D42: Regional | E42: lakesediment | F42: {=_xlfn.XLOOKUP($E42, '1.5.UVintensity'!$L$3:$L$14, _xlfn.XLOOKUP(F$5, '1.5.UVintensity'!$M$2:$U$2, '1.5.UVintensity'!$M$3:$U$14))} -> 0 | G42: {=_xlfn.XLOOKUP($E42, '1.5.UVintensity'!$L$3:$L$14, _xlfn.XLOOKUP(G$5, '1.5.UVintensity'!$M$2:$U$2, '1.5.UVintensity'!$M$3:$U$14))} -> 0 | H42: {=_xlfn.XLOOKUP($E42, '1.5.UVintensity'!$L$3:$L$14, _xlfn.XLOOKUP(H$5, '1.5.UVintensity'!$M$2:$U$2, '1.5.UVintensity'!$M$3:$U$14))} -> 0 | I42: {=_xlfn.XLOOKUP($E42, '1.5.UVintensity'!$L$3:$L$14, _xlfn.XLOOKUP(I$5, '1.5.UVintensity'!$M$2:$U$2, '1.5.UVintensity'!$M$3:$U$14))} -> 0 | J42: {=_xlfn.XLOOKUP($E42, '1.5.UVintensity'!$L$3:$L$14, _xlfn.XLOOKUP(J$5, '1.5.UVintensity'!$M$2:$U$2, '1.5.UVintensity'!$M$3:$U$14))} -> 0 | K42: {=_xlfn.XLOOKUP($E42, '1.5.UVintensity'!$L$3:$L$14, _xlfn.XLOOKUP(K$5, '1.5.UVintensity'!$M$2:$U$2, '1.5.UVintensity'!$M$3:$U$14))} -> 0 | L42: {=_xlfn.XLOOKUP($E42, '1.5.UVintensity'!$L$3:$L$14, _xlfn.XLOOKUP(L$5, '1.5.UVintensity'!$M$2:$U$2, '1.5.UVintensity'!$M$3:$U$14))} -> 0 | M42: {=_xlfn.XLOOKUP($E42, '1.5.UVintensity'!$L$3:$L$14, _xlfn.XLOOKUP(M$5, '1.5.UVintensity'!$M$2:$U$2, '1.5.UVintensity'!$M$3:$U$14))} -> 0 | O42: [W*m-2] | P42: PlasticFADE model
C43: UVintensity | D43: Regional | E43: marinesediment | F43: {=_xlfn.XLOOKUP($E43, '1.5.UVintensity'!$L$3:$L$14, _xlfn.XLOOKUP(F$5, '1.5.UVintensity'!$M$2:$U$2, '1.5.UVintensity'!$M$3:$U$14))} -> 0 | G43: {=_xlfn.XLOOKUP($E43, '1.5.UVintensity'!$L$3:$L$14, _xlfn.XLOOKUP(G$5, '1.5.UVintensity'!$M$2:$U$2, '1.5.UVintensity'!$M$3:$U$14))} -> 0 | H43: {=_xlfn.XLOOKUP($E43, '1.5.UVintensity'!$L$3:$L$14, _xlfn.XLOOKUP(H$5, '1.5.UVintensity'!$M$2:$U$2, '1.5.UVintensity'!$M$3:$U$14))} -> 0 | I43: {=_xlfn.XLOOKUP($E43, '1.5.UVintensity'!$L$3:$L$14, _xlfn.XLOOKUP(I$5, '1.5.UVintensity'!$M$2:$U$2, '1.5.UVintensity'!$M$3:$U$14))} -> 0 | J43: {=_xlfn.XLOOKUP($E43, '1.5.UVintensity'!$L$3:$L$14, _xlfn.XLOOKUP(J$5, '1.5.UVintensity'!$M$2:$U$2, '1.5.UVintensity'!$M$3:$U$14))} -> 0 | K43: {=_xlfn.XLOOKUP($E43, '1.5.UVintensity'!$L$3:$L$14, _xlfn.XLOOKUP(K$5, '1.5.UVintensity'!$M$2:$U$2, '1.5.UVintensity'!$M$3:$U$14))} -> 0 | L43: {=_xlfn.XLOOKUP($E43, '1.5.UVintensity'!$L$3:$L$14, _xlfn.XLOOKUP(L$5, '1.5.UVintensity'!$M$2:$U$2, '1.5.UVintensity'!$M$3:$U$14))} -> 0 | M43: {=_xlfn.XLOOKUP($E43, '1.5.UVintensity'!$L$3:$L$14, _xlfn.XLOOKUP(M$5, '1.5.UVintensity'!$M$2:$U$2, '1.5.UVintensity'!$M$3:$U$14))} -> 0 | O43: [W*m-2] | P43: PlasticFADE model
C44: UVintensity | D44: Regional | E44: naturalsoil | F44: {=_xlfn.XLOOKUP($E44, '1.5.UVintensity'!$L$3:$L$14, _xlfn.XLOOKUP(F$5, '1.5.UVintensity'!$M$2:$U$2, '1.5.UVintensity'!$M$3:$U$14))} -> 0 | G44: {=_xlfn.XLOOKUP($E44, '1.5.UVintensity'!$L$3:$L$14, _xlfn.XLOOKUP(G$5, '1.5.UVintensity'!$M$2:$U$2, '1.5.UVintensity'!$M$3:$U$14))} -> 0 | H44: {=_xlfn.XLOOKUP($E44, '1.5.UVintensity'!$L$3:$L$14, _xlfn.XLOOKUP(H$5, '1.5.UVintensity'!$M$2:$U$2, '1.5.UVintensity'!$M$3:$U$14))} -> 0 | I44: {=_xlfn.XLOOKUP($E44, '1.5.UVintensity'!$L$3:$L$14, _xlfn.XLOOKUP(I$5, '1.5.UVintensity'!$M$2:$U$2, '1.5.UVintensity'!$M$3:$U$14))} -> 0 | J44: {=_xlfn.XLOOKUP($E44, '1.5.UVintensity'!$L$3:$L$14, _xlfn.XLOOKUP(J$5, '1.5.UVintensity'!$M$2:$U$2, '1.5.UVintensity'!$M$3:$U$14))} -> 0 | K44: {=_xlfn.XLOOKUP($E44, '1.5.UVintensity'!$L$3:$L$14, _xlfn.XLOOKUP(K$5, '1.5.UVintensity'!$M$2:$U$2, '1.5.UVintensity'!$M$3:$U$14))} -> 0 | L44: {=_xlfn.XLOOKUP($E44, '1.5.UVintensity'!$L$3:$L$14, _xlfn.XLOOKUP(L$5, '1.5.UVintensity'!$M$2:$U$2, '1.5.UVintensity'!$M$3:$U$14))} -> 0 | M44: {=_xlfn.XLOOKUP($E44, '1.5.UVintensity'!$L$3:$L$14, _xlfn.XLOOKUP(M$5, '1.5.UVintensity'!$M$2:$U$2, '1.5.UVintensity'!$M$3:$U$14))} -> 0 | O44: [W*m-2] | P44: PlasticFADE model
C45: UVintensity | D45: Regional | E45: othersoil | F45: {=_xlfn.XLOOKUP($E45, '1.5.UVintensity'!$L$3:$L$14, _xlfn.XLOOKUP(F$5, '1.5.UVintensity'!$M$2:$U$2, '1.5.UVintensity'!$M$3:$U$14))} -> 0 | G45: {=_xlfn.XLOOKUP($E45, '1.5.UVintensity'!$L$3:$L$14, _xlfn.XLOOKUP(G$5, '1.5.UVintensity'!$M$2:$U$2, '1.5.UVintensity'!$M$3:$U$14))} -> 0 | H45: {=_xlfn.XLOOKUP($E45, '1.5.UVintensity'!$L$3:$L$14, _xlfn.XLOOKUP(H$5, '1.5.UVintensity'!$M$2:$U$2, '1.5.UVintensity'!$M$3:$U$14))} -> 0 | I45: {=_xlfn.XLOOKUP($E45, '1.5.UVintensity'!$L$3:$L$14, _xlfn.XLOOKUP(I$5, '1.5.UVintensity'!$M$2:$U$2, '1.5.UVintensity'!$M$3:$U$14))} -> 0 | J45: {=_xlfn.XLOOKUP($E45, '1.5.UVintensity'!$L$3:$L$14, _xlfn.XLOOKUP(J$5, '1.5.UVintensity'!$M$2:$U$2, '1.5.UVintensity'!$M$3:$U$14))} -> 0 | K45: {=_xlfn.XLOOKUP($E45, '1.5.UVintensity'!$L$3:$L$14, _xlfn.XLOOKUP(K$5, '1.5.UVintensity'!$M$2:$U$2, '1.5.UVintensity'!$M$3:$U$14))} -> 0 | L45: {=_xlfn.XLOOKUP($E45, '1.5.UVintensity'!$L$3:$L$14, _xlfn.XLOOKUP(L$5, '1.5.UVintensity'!$M$2:$U$2, '1.5.UVintensity'!$M$3:$U$14))} -> 0 | M45: {=_xlfn.XLOOKUP($E45, '1.5.UVintensity'!$L$3:$L$14, _xlfn.XLOOKUP(M$5, '1.5.UVintensity'!$M$2:$U$2, '1.5.UVintensity'!$M$3:$U$14))} -> 0 | O45: [W*m-2] | P45: PlasticFADE model
C46: UVintensity | D46: Regional | E46: river | F46: {=_xlfn.XLOOKUP($E46, '1.5.UVintensity'!$L$3:$L$14, _xlfn.XLOOKUP(F$5, '1.5.UVintensity'!$M$2:$U$2, '1.5.UVintensity'!$M$3:$U$14))} -> 0.33416667 | G46: {=_xlfn.XLOOKUP($E46, '1.5.UVintensity'!$L$3:$L$14, _xlfn.XLOOKUP(G$5, '1.5.UVintensity'!$M$2:$U$2, '1.5.UVintensity'!$M$3:$U$14))} -> 0.26772727 | H46: {=_xlfn.XLOOKUP($E46, '1.5.UVintensity'!$L$3:$L$14, _xlfn.XLOOKUP(H$5, '1.5.UVintensity'!$M$2:$U$2, '1.5.UVintensity'!$M$3:$U$14))} -> 0.27526316 | I46: {=_xlfn.XLOOKUP($E46, '1.5.UVintensity'!$L$3:$L$14, _xlfn.XLOOKUP(I$5, '1.5.UVintensity'!$M$2:$U$2, '1.5.UVintensity'!$M$3:$U$14))} -> 0.5528 | J46: {=_xlfn.XLOOKUP($E46, '1.5.UVintensity'!$L$3:$L$14, _xlfn.XLOOKUP(J$5, '1.5.UVintensity'!$M$2:$U$2, '1.5.UVintensity'!$M$3:$U$14))} -> 0.25590909 | K46: {=_xlfn.XLOOKUP($E46, '1.5.UVintensity'!$L$3:$L$14, _xlfn.XLOOKUP(K$5, '1.5.UVintensity'!$M$2:$U$2, '1.5.UVintensity'!$M$3:$U$14))} -> 0.41363636 | L46: {=_xlfn.XLOOKUP($E46, '1.5.UVintensity'!$L$3:$L$14, _xlfn.XLOOKUP(L$5, '1.5.UVintensity'!$M$2:$U$2, '1.5.UVintensity'!$M$3:$U$14))} -> 0.12551724 | M46: {=_xlfn.XLOOKUP($E46, '1.5.UVintensity'!$L$3:$L$14, _xlfn.XLOOKUP(M$5, '1.5.UVintensity'!$M$2:$U$2, '1.5.UVintensity'!$M$3:$U$14))} -> 1.1849462 | O46: [W*m-2] | P46: PlasticFADE model
C47: UVintensity | D47: Regional | E47: deepocean | F47: {=_xlfn.XLOOKUP($E47, '1.5.UVintensity'!$L$3:$L$14, _xlfn.XLOOKUP(F$5, '1.5.UVintensity'!$M$2:$U$2, '1.5.UVintensity'!$M$3:$U$14))} -> 0 | G47: {=_xlfn.XLOOKUP($E47, '1.5.UVintensity'!$L$3:$L$14, _xlfn.XLOOKUP(G$5, '1.5.UVintensity'!$M$2:$U$2, '1.5.UVintensity'!$M$3:$U$14))} -> 0 | H47: {=_xlfn.XLOOKUP($E47, '1.5.UVintensity'!$L$3:$L$14, _xlfn.XLOOKUP(H$5, '1.5.UVintensity'!$M$2:$U$2, '1.5.UVintensity'!$M$3:$U$14))} -> 0 | I47: {=_xlfn.XLOOKUP($E47, '1.5.UVintensity'!$L$3:$L$14, _xlfn.XLOOKUP(I$5, '1.5.UVintensity'!$M$2:$U$2, '1.5.UVintensity'!$M$3:$U$14))} -> 0 | J47: {=_xlfn.XLOOKUP($E47, '1.5.UVintensity'!$L$3:$L$14, _xlfn.XLOOKUP(J$5, '1.5.UVintensity'!$M$2:$U$2, '1.5.UVintensity'!$M$3:$U$14))} -> 0 | K47: {=_xlfn.XLOOKUP($E47, '1.5.UVintensity'!$L$3:$L$14, _xlfn.XLOOKUP(K$5, '1.5.UVintensity'!$M$2:$U$2, '1.5.UVintensity'!$M$3:$U$14))} -> 0 | L47: {=_xlfn.XLOOKUP($E47, '1.5.UVintensity'!$L$3:$L$14, _xlfn.XLOOKUP(L$5, '1.5.UVintensity'!$M$2:$U$2, '1.5.UVintensity'!$M$3:$U$14))} -> 0 | M47: {=_xlfn.XLOOKUP($E47, '1.5.UVintensity'!$L$3:$L$14, _xlfn.XLOOKUP(M$5, '1.5.UVintensity'!$M$2:$U$2, '1.5.UVintensity'!$M$3:$U$14))} -> 0 | O47: [W*m-2] | P47: PlasticFADE model
C48: UVintensity | D48: Regional | E48: sea | F48: {=_xlfn.XLOOKUP($E48, '1.5.UVintensity'!$L$3:$L$14, _xlfn.XLOOKUP(F$5, '1.5.UVintensity'!$M$2:$U$2, '1.5.UVintensity'!$M$3:$U$14))} -> 6.2824029 | G48: {=_xlfn.XLOOKUP($E48, '1.5.UVintensity'!$L$3:$L$14, _xlfn.XLOOKUP(G$5, '1.5.UVintensity'!$M$2:$U$2, '1.5.UVintensity'!$M$3:$U$14))} -> 8.4842488 | H48: {=_xlfn.XLOOKUP($E48, '1.5.UVintensity'!$L$3:$L$14, _xlfn.XLOOKUP(H$5, '1.5.UVintensity'!$M$2:$U$2, '1.5.UVintensity'!$M$3:$U$14))} -> 2.9094139 | I48: {=_xlfn.XLOOKUP($E48, '1.5.UVintensity'!$L$3:$L$14, _xlfn.XLOOKUP(I$5, '1.5.UVintensity'!$M$2:$U$2, '1.5.UVintensity'!$M$3:$U$14))} -> 7.1304795 | J48: {=_xlfn.XLOOKUP($E48, '1.5.UVintensity'!$L$3:$L$14, _xlfn.XLOOKUP(J$5, '1.5.UVintensity'!$M$2:$U$2, '1.5.UVintensity'!$M$3:$U$14))} -> 4.9576137 | K48: {=_xlfn.XLOOKUP($E48, '1.5.UVintensity'!$L$3:$L$14, _xlfn.XLOOKUP(K$5, '1.5.UVintensity'!$M$2:$U$2, '1.5.UVintensity'!$M$3:$U$14))} -> 10.815945 | L48: {=_xlfn.XLOOKUP($E48, '1.5.UVintensity'!$L$3:$L$14, _xlfn.XLOOKUP(L$5, '1.5.UVintensity'!$M$2:$U$2, '1.5.UVintensity'!$M$3:$U$14))} -> 2.8644568 | M48: {=_xlfn.XLOOKUP($E48, '1.5.UVintensity'!$L$3:$L$14, _xlfn.XLOOKUP(M$5, '1.5.UVintensity'!$M$2:$U$2, '1.5.UVintensity'!$M$3:$U$14))} -> 6.9007072 | O48: [W*m-2] | P48: PlasticFADE model
C49: MICROBconc | D49: Regional | E49: agriculturalsoil | F49: 121000000 | G49: 121000000 | H49: 121000000 | I49: 121000000 | J49: 121000000 | K49: 121000000 | L49: 121000000 | M49: 121000000 | O49: [CFU*mL-1] | P49: PlasticFADE model
C50: MICROBconc | D50: Regional | E50: air | F50: 0.5 | G50: 0.5 | H50: 0.5 | I50: 0.5 | J50: 0.5 | K50: 0.5 | L50: 0.5 | M50: 0.5 | O50: [CFU*mL-1] | P50: PlasticFADE model
C51: MICROBconc | D51: Regional | E51: cloudwater | F51: 0.5 | G51: 0.5 | H51: 0.5 | I51: 0.5 | J51: 0.5 | K51: 0.5 | L51: 0.5 | M51: 0.5 | O51: [CFU*mL-1] | P51: PlasticFADE model
C52: MICROBconc | D52: Regional | E52: freshwatersediment | F52: 482000 | G52: 482000 | H52: 482000 | I52: 482000 | J52: 482000 | K52: 482000 | L52: 482000 | M52: 482000 | O52: [CFU*mL-1] | P52: PlasticFADE model
C53: MICROBconc | D53: Regional | E53: lake | F53: 250000 | G53: 250000 | H53: 250000 | I53: 250000 | J53: 250000 | K53: 250000 | L53: 250000 | M53: 250000 | O53: [CFU*mL-1] | P53: PlasticFADE model
C54: MICROBconc | D54: Regional | E54: lakesediment | F54: 482000 | G54: 482000 | H54: 482000 | I54: 482000 | J54: 482000 | K54: 482000 | L54: 482000 | M54: 482000 | O54: [CFU*mL-1] | P54: PlasticFADE model
C55: MICROBconc | D55: Regional | E55: marinesediment | F55: 482000 | G55: 482000 | H55: 482000 | I55: 482000 | J55: 482000 | K55: 482000 | L55: 482000 | M55: 482000 | O55: [CFU*mL-1] | P55: PlasticFADE model
C56: MICROBconc | D56: Regional | E56: naturalsoil | F56: 121000000 | G56: 121000000 | H56: 121000000 | I56: 121000000 | J56: 121000000 | K56: 121000000 | L56: 121000000 | M56: 121000000 | O56: [CFU*mL-1] | P56: PlasticFADE model
C57: MICROBconc | D57: Regional | E57: othersoil | F57: 121000000 | G57: 121000000 | H57: 121000000 | I57: 121000000 | J57: 121000000 | K57: 121000000 | L57: 121000000 | M57: 121000000 | O57: [CFU*mL-1] | P57: PlasticFADE model
C58: MICROBconc | D58: Regional | E58: river | F58: 250000 | G58: 250000 | H58: 250000 | I58: 250000 | J58: 250000 | K58: 250000 | L58: 250000 | M58: 250000 | O58: [CFU*mL-1] | P58: PlasticFADE model
C59: MICROBconc | D59: Regional | E59: deepocean | F59: 250000 | G59: 250000 | H59: 250000 | I59: 250000 | J59: 250000 | K59: 250000 | L59: 250000 | M59: 250000 | O59: [CFU*mL-1] | P59: PlasticFADE model
C60: MICROBconc | D60: Regional | E60: sea | F60: 250000 | G60: 250000 | H60: 250000 | I60: 250000 | J60: 250000 | K60: 250000 | L60: 250000 | M60: 250000 | O60: [CFU*mL-1] | P60: PlasticFADE model
A61: GLOBAL SCALE | B61: area_land_G | D61: Continental | F61: 1.2391012e+14 | G61: 1.175222e+14 | H61: 1.2983388e+14 | I61: 1.0410177e+14 | J61: 1.2152316e+14 | K61: 1.2153403e+14 | L61: 1.2010017e+14 | M61: 1.3027535e+14 | N61: area of land | O61: [m2] | P61: USEtox (Fantke et al., 2017)
B62: area_sea_G | D62: Continental | F62: 3.6203119e+14 | G62: 3.608957e+14 | H62: 3.6216841e+14 | I62: 3.6227819e+14 | J62: 3.631323e+14 | K62: 3.5853119e+14 | L62: 3.5824373e+14 | M62: 3.6162802e+14 | N62: area of sea | O62: [m2] | P62: USEtox (Fantke et al., 2017)
C63: TotalArea | D63: Continental | F63: =F62+F61+F8 -> 5.0226869e+14 | G63: =G62+G61+G8 -> 502268688752959 | H63: =H62+H61+H8 -> 5.0226869e+14 | I63: =I62+I61+I8 -> 5.0226869e+14 | J63: =J62+J61+J8 -> 5.0226869e+14 | K63: =K62+K61+K8 -> 502268688752959 | L63: =L62+L61+L8 -> 5.0226869e+14 | M63: =M62+M61+M8 -> 5.0226869e+14 | O63: [m2] | P63: USEtox (Fantke et al., 2017) | Q63: Total area needs to include the size of nested scales for SBoo. We add the area of continental scale
C64: FRACsea | D64: Continental | F64: =(F62+F7)/F63 -> 0.72445008 | G64: =(G62+G7)/G63 -> 0.72445008 | H64: =(H62+H7)/H63 -> 0.72445008 | I64: =(I62+I7)/I63 -> 0.72445008 | J64: =(J62+J7)/J63 -> 0.72445008 | K64: =(K62+K7)/K63 -> 0.72445008 | L64: =(L62+L7)/L63 -> 0.72445008 | M64: =(M62+M7)/M63 -> 0.72445008 | O64: - | P64: USEtox (Fantke et al., 2017) | Q64: Adapted so include nested compartment
B65: areafrac_rw_G | C65: landFRAC | D65: Continental | E65: river | F65: 0.0037256943 | G65: 0.0027612917 | H65: 0.0032048504 | I65: 0.0041965315 | J65: 0.0033368619 | K65: 0.0026678907 | L65: 0.0030580701 | M65: 0.0033812262 | N65: fraction of land area allocated to river | O65: - | P65: Calculated with HydroATLAS (Louvet et al., 2026)
B66: areafrac_lw_G | C66: landFRAC | D66: Continental | E66: lake | F66: 0.023643521 | G66: 0.033374003 | H66: 0.030570453 | I66: 0.03581244 | J66: 0.030787933 | K66: 0.030123706 | L66: 0.027011189 | M66: 0.031862099 | N66: fraction of land area allocated to lake | O66: - | P66: Calculated with HydroATLAS (Louvet et al., 2026)
B67: areafrac_nat_soil_G | C67: landFRAC | D67: Continental | E67: naturalsoil | F67: 0.60856223 | G67: 0.60333262 | H67: 0.61268443 | I67: 0.61834427 | J67: 0.62337847 | K67: 0.62669565 | L67: 0.57889629 | M67: 0.6156604 | N67: fraction of land area allocated to natural soil | O67: - | P67: USEtox (Fantke et al., 2017)
B68: areafrac_agr_soil_G | C68: landFRAC | D68: Continental | E68: agriculturalsoil | F68: 0.36406856 | G68: 0.36053209 | H68: 0.35354027 | I68: 0.34164676 | J68: 0.34249673 | K68: 0.34051276 | L68: 0.39103445 | M68: 0.34909628 | N68: fraction of land area allocated to agricultural soil | O68: - | P68: USEtox (Fantke et al., 2017)
B69: areafrac_agr_soil_C | C69: landFRAC | D69: Continental | E69: othersoil | F69: 1e-20 | G69: 1e-20 | H69: 1e-20 | I69: 1e-20 | J69: 1e-20 | K69: 1e-20 | L69: 1e-20 | M69: 1e-20 | N69: fraction of land area allocated to other soil | O69: - | P69: -
B70: fracsf_rw_G | D70: Continental | F70: 0.13612719 | G70: 0.076415366 | H70: 0.094887391 | I70: 0.10488976 | J70: 0.097784086 | K70: 0.081358975 | L70: 0.10170088 | M70: 0.095939476 | N70: fraction of surface water allocated to river | O70: - | P70: Calculated with HydroATLAS
B71: fracsf_lw_G | D71: Continental | F71: 0.86387281 | G71: 0.92358463 | H71: 0.90511261 | I71: 0.89511024 | J71: 0.90221591 | K71: 0.91864103 | L71: 0.89829912 | M71: 0.90406052 | N71: fraction of surface water allocated to lake | O71: - | P71: Calculated with HydroATLAS
B72: temp_G | C72: Temp | D72: Continental | F72: 285.15 | G72: 285.15 | H72: 285.15 | I72: 285.15 | J72: 285.15 | K72: 285.15 | L72: 285.15 | M72: 285.15 | N72: temperature | O72: K | P72: USEtox (Fantke et al., 2017)
B73: wind_speed_G | C73: WINDspeed | D73: Continental | F73: 3 | G73: 3 | H73: 3 | I73: 3 | J73: 3 | K73: 3 | L73: 3 | M73: 3 | N73: wind speed | O73: [m*s-1] | P73: USEtox (Fantke et al., 2017)
B74: rain_rate_G | D74: Continental | F74: 2.2196854e-08 | G74: 2.2196854e-08 | H74: 2.2196854e-08 | I74: 2.2196854e-08 | J74: 2.2196854e-08 | K74: 2.2196854e-08 | L74: 2.2196854e-08 | M74: 2.2196854e-08 | N74: rain rate | O74: [m*s-1] | P74: USEtox (Fantke et al., 2017)
C75: RAINrate | D75: Continental | F75: =F74*1000*365*24*3600 -> 700 | G75: =G74*1000*365*24*3600 -> 700 | H75: =H74*1000*365*24*3600 -> 700 | I75: =I74*1000*365*24*3600 -> 700 | J75: =J74*1000*365*24*3600 -> 700 | K75: =K74*1000*365*24*3600 -> 700 | L75: =L74*1000*365*24*3600 -> 700 | M75: =M74*1000*365*24*3600 -> 700 | N75: rain rate | O75: [mm*yr-1] | P75: USEtox (Fantke et al., 2017)
B76: depth_rw_G | C76: VertDistance | D76: Continental | E76: river | F76: 3.3481105 | G76: 2.7350201 | H76: 3.2415889 | I76: 3.1902083 | J76: 3.2236167 | K76: 3.1509464 | L76: 3.2600325 | M76: 3.2466419 | N76: depth river water | O76: [m] | P76: Calculated with HydroATLAS
B77: depth_lw_G | C77: VertDistance | D77: Continental | E77: lake | F77: 90.805257 | G77: 66.519703 | H77: 65.10935 | I77: 58.82413 | J77: 65.859719 | K77: 66.64602 | L77: 39.143976 | M77: 65.281448 | N77: depth lake water | O77: [m] | P77: Calculated with HydroATLAS
B78: depth_sw_G | C78: VertDistance | D78: Continental | E78: sea | F78: 12.970769 | G78: =F78 -> 12.970769 | H78: =G78 -> 12.970769 | I78: =H78 -> 12.970769 | J78: =I78 -> 12.970769 | K78: =J78 -> 12.970769 | L78: =K78 -> 12.970769 | M78: =L78 -> 12.970769 | N78: depth sea water surface | O78: [m] | P78: Tedetti & Sempéré (2006)
C79: VertDistance | D79: Continental | E79: deepocean | F79: 2117.4072 | G79: =F79 -> 2117.4072 | H79: =G79 -> 2117.4072 | I79: =H79 -> 2117.4072 | J79: =I79 -> 2117.4072 | K79: =J79 -> 2117.4072 | L79: =K79 -> 2117.4072 | M79: =L79 -> 2117.4072 | N79: depth water column | O79: [m] | P79: USEtox (Fantke et al., 2017)
B80: frac_runoff_rw_G | D80: Continental | F80: 0.034031797 | G80: 0.019103841 | H80: 0.023721848 | I80: 0.026222441 | J80: 0.024446021 | K80: 0.020339744 | L80: 0.02542522 | M80: 0.023984869 | N80: fraction runoff to river | O80: - | P80: Fraction runoff in USEtox * Fraction of surface water allocated to river
B81: frac_runoff_lw_G | D81: Continental | F81: 0.2159682 | G81: 0.23089616 | H81: 0.22627815 | I81: 0.22377756 | J81: 0.22555398 | K81: 0.22966026 | L81: 0.22457478 | M81: 0.22601513 | N81: fraction runoff to lake | O81: - | P81: Fraction runoff in USEtox * Fraction of surface water allocated to lake
C82: FRACrun | D82: Continental | F82: 0.25 | G82: 0.25 | H82: 0.25 | I82: 0.25 | J82: 0.25 | K82: 0.25 | L82: 0.25 | M82: 0.25 | N82: fraction runoff | O82: - | P82: USEtox (Fantke et al., 2017)
B83: frac_infiltr_G | C83: FRACinf | D83: Continental | F83: 0.25 | G83: 0.25 | H83: 0.25 | I83: 0.25 | J83: 0.25 | K83: 0.25 | L83: 0.25 | M83: 0.25 | N83: fraction infiltration | O83: - | P83: USEtox (Fantke et al., 2017)
B84: soil_ero_G | D84: Continental | F84: 9.5129376e-13 | G84: 9.5129376e-13 | H84: 9.5129376e-13 | I84: 9.5129376e-13 | J84: 9.5129376e-13 | K84: 9.5129376e-13 | L84: 9.5129376e-13 | M84: 9.5129376e-13 | N84: soil erosion | O84: [m*s-1] | P84: USEtox (Fantke et al., 2017)
B85: irrig_G | D85: Continental | F85: 2722000000000 | G85: 2722000000000 | H85: 2722000000000 | I85: 2722000000000 | J85: 2722000000000 | K85: 2722000000000 | L85: 2722000000000 | M85: 2722000000000 | N85: irrigation | O85: [m3] | P85: USEtox (Fantke et al., 2017)
B86: dens_fw_species_RoW | C86: dens_fw_species_RoW | F86: 0.925 | G86: 0.7011 | H86: 0.8978 | I86: 0.7732 | J86: 0.8775 | K86: 0.712 | L86: 0.943 | M86: 0.9108 | O86: - | P86: Louvet et al. (2026)
B87: dens_marine_species_RoW | C87: dens_marine_species_RoW | F87: 0.29669774 | G87: 0.29669774 | H87: 0.29669774 | I87: 0.29669774 | J87: 0.29669774 | K87: 0.29669774 | L87: 0.29669774 | M87: 0.29669774 | O87: - | P87: Louvet et al. (2026)
B88: dens_ter_species_RoW | C88: dens_ter_species_RoW | F88: 0.9676 | G88: 0.6567 | H88: 0.9169 | I88: 0.7717 | J88: 0.924 | K88: 0.7702 | L88: 0.9786 | M88: 0.869 | O88: - | P88: Louvet et al. (2026)
C89: gep_fw_G | F89: =1-F34 -> 0.94094533 | G89: =1-G34 -> 0.69634821 | H89: =1-H34 -> 0.95904775 | I89: =1-I34 -> 0.79146728 | J89: =1-J34 -> 0.99002186 | K89: =1-K34 -> 0.67165297 | L89: =1-L34 -> 0.99519467 | M89: =1-M34 -> 0.95532193 | N89: Global extinction probability of freshwater species | O89: - | P89: This study | Q89: = 1 - continental GEP (GEP of the rest of the world)
C90: gep_mar_G | F90: =_xlfn.XLOOKUP("open ocean",'4.2.GEP'!$B$10:$B$18,'4.2.GEP'!$D$10:$D$18) -> 0.51743519 | G90: =_xlfn.XLOOKUP("open ocean",'4.2.GEP'!$B$10:$B$18,'4.2.GEP'!$D$10:$D$18) -> 0.51743519 | H90: =_xlfn.XLOOKUP("open ocean",'4.2.GEP'!$B$10:$B$18,'4.2.GEP'!$D$10:$D$18) -> 0.51743519 | I90: =_xlfn.XLOOKUP("open ocean",'4.2.GEP'!$B$10:$B$18,'4.2.GEP'!$D$10:$D$18) -> 0.51743519 | J90: =_xlfn.XLOOKUP("open ocean",'4.2.GEP'!$B$10:$B$18,'4.2.GEP'!$D$10:$D$18) -> 0.51743519 | K90: =_xlfn.XLOOKUP("open ocean",'4.2.GEP'!$B$10:$B$18,'4.2.GEP'!$D$10:$D$18) -> 0.51743519 | L90: =_xlfn.XLOOKUP("open ocean",'4.2.GEP'!$B$10:$B$18,'4.2.GEP'!$D$10:$D$18) -> 0.51743519 | M90: =_xlfn.XLOOKUP("open ocean",'4.2.GEP'!$B$10:$B$18,'4.2.GEP'!$D$10:$D$18) -> 0.51743519 | N90: Global extinction probability of marine species | O90: - | P90: This study | Q90: = GEP of the open ocean
C91: gep_ter_G | F91: =1-F36 -> 0.96985469 | G91: =1-G36 -> 0.57523125 | H91: =1-H36 -> 0.97782329 | I91: =1-I36 -> 0.77946139 | J91: =1-J36 -> 0.9879319 | K91: =1-K36 -> 0.79283002 | L91: =1-L36 -> 0.99671345 | M91: =1-M36 -> 0.920154 | N91: Global extinction probability of terrestrial species | O91: - | P91: This study | Q91: = 1 - continental GEP (GEP of the rest of the world)
C92: UVintensity | D92: Continental | E92: agriculturalsoil | F92: =_xlfn.XLOOKUP($E92,'1.5.UVintensity'!$L$3:$L$14,'1.5.UVintensity'!$U$3:$U$14) -> 0 | G92: =_xlfn.XLOOKUP($E92,'1.5.UVintensity'!$L$3:$L$14,'1.5.UVintensity'!$U$3:$U$14) -> 0 | H92: =_xlfn.XLOOKUP($E92,'1.5.UVintensity'!$L$3:$L$14,'1.5.UVintensity'!$U$3:$U$14) -> 0 | I92: =_xlfn.XLOOKUP($E92,'1.5.UVintensity'!$L$3:$L$14,'1.5.UVintensity'!$U$3:$U$14) -> 0 | J92: =_xlfn.XLOOKUP($E92,'1.5.UVintensity'!$L$3:$L$14,'1.5.UVintensity'!$U$3:$U$14) -> 0 | K92: =_xlfn.XLOOKUP($E92,'1.5.UVintensity'!$L$3:$L$14,'1.5.UVintensity'!$U$3:$U$14) -> 0 | L92: =_xlfn.XLOOKUP($E92,'1.5.UVintensity'!$L$3:$L$14,'1.5.UVintensity'!$U$3:$U$14) -> 0 | M92: =_xlfn.XLOOKUP($E92,'1.5.UVintensity'!$L$3:$L$14,'1.5.UVintensity'!$U$3:$U$14) -> 0 | O92: [W*m-2] | P92: PlasticFADE model
C93: UVintensity | D93: Continental | E93: air | F93: =_xlfn.XLOOKUP($E93,'1.5.UVintensity'!$L$3:$L$14,'1.5.UVintensity'!$U$3:$U$14) -> 10 | G93: =_xlfn.XLOOKUP($E93,'1.5.UVintensity'!$L$3:$L$14,'1.5.UVintensity'!$U$3:$U$14) -> 10 | H93: =_xlfn.XLOOKUP($E93,'1.5.UVintensity'!$L$3:$L$14,'1.5.UVintensity'!$U$3:$U$14) -> 10 | I93: =_xlfn.XLOOKUP($E93,'1.5.UVintensity'!$L$3:$L$14,'1.5.UVintensity'!$U$3:$U$14) -> 10 | J93: =_xlfn.XLOOKUP($E93,'1.5.UVintensity'!$L$3:$L$14,'1.5.UVintensity'!$U$3:$U$14) -> 10 | K93: =_xlfn.XLOOKUP($E93,'1.5.UVintensity'!$L$3:$L$14,'1.5.UVintensity'!$U$3:$U$14) -> 10 | L93: =_xlfn.XLOOKUP($E93,'1.5.UVintensity'!$L$3:$L$14,'1.5.UVintensity'!$U$3:$U$14) -> 10 | M93: =_xlfn.XLOOKUP($E93,'1.5.UVintensity'!$L$3:$L$14,'1.5.UVintensity'!$U$3:$U$14) -> 10 | O93: [W*m-2] | P93: PlasticFADE model
C94: UVintensity | D94: Continental | E94: cloudwater | F94: =_xlfn.XLOOKUP($E94,'1.5.UVintensity'!$L$3:$L$14,'1.5.UVintensity'!$U$3:$U$14) -> 10 | G94: =_xlfn.XLOOKUP($E94,'1.5.UVintensity'!$L$3:$L$14,'1.5.UVintensity'!$U$3:$U$14) -> 10 | H94: =_xlfn.XLOOKUP($E94,'1.5.UVintensity'!$L$3:$L$14,'1.5.UVintensity'!$U$3:$U$14) -> 10 | I94: =_xlfn.XLOOKUP($E94,'1.5.UVintensity'!$L$3:$L$14,'1.5.UVintensity'!$U$3:$U$14) -> 10 | J94: =_xlfn.XLOOKUP($E94,'1.5.UVintensity'!$L$3:$L$14,'1.5.UVintensity'!$U$3:$U$14) -> 10 | K94: =_xlfn.XLOOKUP($E94,'1.5.UVintensity'!$L$3:$L$14,'1.5.UVintensity'!$U$3:$U$14) -> 10 | L94: =_xlfn.XLOOKUP($E94,'1.5.UVintensity'!$L$3:$L$14,'1.5.UVintensity'!$U$3:$U$14) -> 10 | M94: =_xlfn.XLOOKUP($E94,'1.5.UVintensity'!$L$3:$L$14,'1.5.UVintensity'!$U$3:$U$14) -> 10 | O94: [W*m-2] | P94: PlasticFADE model
C95: UVintensity | D95: Continental | E95: freshwatersediment | F95: =_xlfn.XLOOKUP($E95,'1.5.UVintensity'!$L$3:$L$14,'1.5.UVintensity'!$U$3:$U$14) -> 0 | G95: =_xlfn.XLOOKUP($E95,'1.5.UVintensity'!$L$3:$L$14,'1.5.UVintensity'!$U$3:$U$14) -> 0 | H95: =_xlfn.XLOOKUP($E95,'1.5.UVintensity'!$L$3:$L$14,'1.5.UVintensity'!$U$3:$U$14) -> 0 | I95: =_xlfn.XLOOKUP($E95,'1.5.UVintensity'!$L$3:$L$14,'1.5.UVintensity'!$U$3:$U$14) -> 0 | J95: =_xlfn.XLOOKUP($E95,'1.5.UVintensity'!$L$3:$L$14,'1.5.UVintensity'!$U$3:$U$14) -> 0 | K95: =_xlfn.XLOOKUP($E95,'1.5.UVintensity'!$L$3:$L$14,'1.5.UVintensity'!$U$3:$U$14) -> 0 | L95: =_xlfn.XLOOKUP($E95,'1.5.UVintensity'!$L$3:$L$14,'1.5.UVintensity'!$U$3:$U$14) -> 0 | M95: =_xlfn.XLOOKUP($E95,'1.5.UVintensity'!$L$3:$L$14,'1.5.UVintensity'!$U$3:$U$14) -> 0 | O95: [W*m-2] | P95: PlasticFADE model
C96: UVintensity | D96: Continental | E96: lake | F96: =_xlfn.XLOOKUP($E96,'1.5.UVintensity'!$L$3:$L$14,'1.5.UVintensity'!$U$3:$U$14) -> 0.10539549 | G96: =_xlfn.XLOOKUP($E96,'1.5.UVintensity'!$L$3:$L$14,'1.5.UVintensity'!$U$3:$U$14) -> 0.10539549 | H96: =_xlfn.XLOOKUP($E96,'1.5.UVintensity'!$L$3:$L$14,'1.5.UVintensity'!$U$3:$U$14) -> 0.10539549 | I96: =_xlfn.XLOOKUP($E96,'1.5.UVintensity'!$L$3:$L$14,'1.5.UVintensity'!$U$3:$U$14) -> 0.10539549 | J96: =_xlfn.XLOOKUP($E96,'1.5.UVintensity'!$L$3:$L$14,'1.5.UVintensity'!$U$3:$U$14) -> 0.10539549 | K96: =_xlfn.XLOOKUP($E96,'1.5.UVintensity'!$L$3:$L$14,'1.5.UVintensity'!$U$3:$U$14) -> 0.10539549 | L96: =_xlfn.XLOOKUP($E96,'1.5.UVintensity'!$L$3:$L$14,'1.5.UVintensity'!$U$3:$U$14) -> 0.10539549 | M96: =_xlfn.XLOOKUP($E96,'1.5.UVintensity'!$L$3:$L$14,'1.5.UVintensity'!$U$3:$U$14) -> 0.10539549 | O96: [W*m-2] | P96: PlasticFADE model
C97: UVintensity | D97: Continental | E97: lakesediment | F97: =_xlfn.XLOOKUP($E97,'1.5.UVintensity'!$L$3:$L$14,'1.5.UVintensity'!$U$3:$U$14) -> 0 | G97: =_xlfn.XLOOKUP($E97,'1.5.UVintensity'!$L$3:$L$14,'1.5.UVintensity'!$U$3:$U$14) -> 0 | H97: =_xlfn.XLOOKUP($E97,'1.5.UVintensity'!$L$3:$L$14,'1.5.UVintensity'!$U$3:$U$14) -> 0 | I97: =_xlfn.XLOOKUP($E97,'1.5.UVintensity'!$L$3:$L$14,'1.5.UVintensity'!$U$3:$U$14) -> 0 | J97: =_xlfn.XLOOKUP($E97,'1.5.UVintensity'!$L$3:$L$14,'1.5.UVintensity'!$U$3:$U$14) -> 0 | K97: =_xlfn.XLOOKUP($E97,'1.5.UVintensity'!$L$3:$L$14,'1.5.UVintensity'!$U$3:$U$14) -> 0 | L97: =_xlfn.XLOOKUP($E97,'1.5.UVintensity'!$L$3:$L$14,'1.5.UVintensity'!$U$3:$U$14) -> 0 | M97: =_xlfn.XLOOKUP($E97,'1.5.UVintensity'!$L$3:$L$14,'1.5.UVintensity'!$U$3:$U$14) -> 0 | O97: [W*m-2] | P97: PlasticFADE model
C98: UVintensity | D98: Continental | E98: marinesediment | F98: =_xlfn.XLOOKUP($E98,'1.5.UVintensity'!$L$3:$L$14,'1.5.UVintensity'!$U$3:$U$14) -> 0 | G98: =_xlfn.XLOOKUP($E98,'1.5.UVintensity'!$L$3:$L$14,'1.5.UVintensity'!$U$3:$U$14) -> 0 | H98: =_xlfn.XLOOKUP($E98,'1.5.UVintensity'!$L$3:$L$14,'1.5.UVintensity'!$U$3:$U$14) -> 0 | I98: =_xlfn.XLOOKUP($E98,'1.5.UVintensity'!$L$3:$L$14,'1.5.UVintensity'!$U$3:$U$14) -> 0 | J98: =_xlfn.XLOOKUP($E98,'1.5.UVintensity'!$L$3:$L$14,'1.5.UVintensity'!$U$3:$U$14) -> 0 | K98: =_xlfn.XLOOKUP($E98,'1.5.UVintensity'!$L$3:$L$14,'1.5.UVintensity'!$U$3:$U$14) -> 0 | L98: =_xlfn.XLOOKUP($E98,'1.5.UVintensity'!$L$3:$L$14,'1.5.UVintensity'!$U$3:$U$14) -> 0 | M98: =_xlfn.XLOOKUP($E98,'1.5.UVintensity'!$L$3:$L$14,'1.5.UVintensity'!$U$3:$U$14) -> 0 | O98: [W*m-2] | P98: PlasticFADE model
C99: UVintensity | D99: Continental | E99: naturalsoil | F99: =_xlfn.XLOOKUP($E99,'1.5.UVintensity'!$L$3:$L$14,'1.5.UVintensity'!$U$3:$U$14) -> 0 | G99: =_xlfn.XLOOKUP($E99,'1.5.UVintensity'!$L$3:$L$14,'1.5.UVintensity'!$U$3:$U$14) -> 0 | H99: =_xlfn.XLOOKUP($E99,'1.5.UVintensity'!$L$3:$L$14,'1.5.UVintensity'!$U$3:$U$14) -> 0 | I99: =_xlfn.XLOOKUP($E99,'1.5.UVintensity'!$L$3:$L$14,'1.5.UVintensity'!$U$3:$U$14) -> 0 | J99: =_xlfn.XLOOKUP($E99,'1.5.UVintensity'!$L$3:$L$14,'1.5.UVintensity'!$U$3:$U$14) -> 0 | K99: =_xlfn.XLOOKUP($E99,'1.5.UVintensity'!$L$3:$L$14,'1.5.UVintensity'!$U$3:$U$14) -> 0 | L99: =_xlfn.XLOOKUP($E99,'1.5.UVintensity'!$L$3:$L$14,'1.5.UVintensity'!$U$3:$U$14) -> 0 | M99: =_xlfn.XLOOKUP($E99,'1.5.UVintensity'!$L$3:$L$14,'1.5.UVintensity'!$U$3:$U$14) -> 0 | O99: [W*m-2] | P99: PlasticFADE model
C100: UVintensity | D100: Continental | E100: othersoil | F100: =_xlfn.XLOOKUP($E100,'1.5.UVintensity'!$L$3:$L$14,'1.5.UVintensity'!$U$3:$U$14) -> 0 | G100: =_xlfn.XLOOKUP($E100,'1.5.UVintensity'!$L$3:$L$14,'1.5.UVintensity'!$U$3:$U$14) -> 0 | H100: =_xlfn.XLOOKUP($E100,'1.5.UVintensity'!$L$3:$L$14,'1.5.UVintensity'!$U$3:$U$14) -> 0 | I100: =_xlfn.XLOOKUP($E100,'1.5.UVintensity'!$L$3:$L$14,'1.5.UVintensity'!$U$3:$U$14) -> 0 | J100: =_xlfn.XLOOKUP($E100,'1.5.UVintensity'!$L$3:$L$14,'1.5.UVintensity'!$U$3:$U$14) -> 0 | K100: =_xlfn.XLOOKUP($E100,'1.5.UVintensity'!$L$3:$L$14,'1.5.UVintensity'!$U$3:$U$14) -> 0 | L100: =_xlfn.XLOOKUP($E100,'1.5.UVintensity'!$L$3:$L$14,'1.5.UVintensity'!$U$3:$U$14) -> 0 | M100: =_xlfn.XLOOKUP($E100,'1.5.UVintensity'!$L$3:$L$14,'1.5.UVintensity'!$U$3:$U$14) -> 0 | O100: [W*m-2] | P100: PlasticFADE model
C101: UVintensity | D101: Continental | E101: river | F101: =_xlfn.XLOOKUP($E101,'1.5.UVintensity'!$L$3:$L$14,'1.5.UVintensity'!$U$3:$U$14) -> 0.42624575 | G101: =_xlfn.XLOOKUP($E101,'1.5.UVintensity'!$L$3:$L$14,'1.5.UVintensity'!$U$3:$U$14) -> 0.42624575 | H101: =_xlfn.XLOOKUP($E101,'1.5.UVintensity'!$L$3:$L$14,'1.5.UVintensity'!$U$3:$U$14) -> 0.42624575 | I101: =_xlfn.XLOOKUP($E101,'1.5.UVintensity'!$L$3:$L$14,'1.5.UVintensity'!$U$3:$U$14) -> 0.42624575 | J101: =_xlfn.XLOOKUP($E101,'1.5.UVintensity'!$L$3:$L$14,'1.5.UVintensity'!$U$3:$U$14) -> 0.42624575 | K101: =_xlfn.XLOOKUP($E101,'1.5.UVintensity'!$L$3:$L$14,'1.5.UVintensity'!$U$3:$U$14) -> 0.42624575 | L101: =_xlfn.XLOOKUP($E101,'1.5.UVintensity'!$L$3:$L$14,'1.5.UVintensity'!$U$3:$U$14) -> 0.42624575 | M101: =_xlfn.XLOOKUP($E101,'1.5.UVintensity'!$L$3:$L$14,'1.5.UVintensity'!$U$3:$U$14) -> 0.42624575 | O101: [W*m-2] | P101: PlasticFADE model
...

Sheet 3.2.polymer_list
A1: varName | B1: SubCompart | C1: EPS | D1: HDPE | E1: LDPE | F1: PA_Nylon | G1: PET | H1: PP | I1: PS | J1: PVC | K1: PU | L1: PAN | M1: TRWP | N1: PHA | O1: PLA | P1: PCL | Q1: PBSA | R1: starch_blend | S1: PBAT | T1: Cotton | U1: Linen | V1: Viscose | W1: Rayon | X1: Lyocell | Y1: Modal
A2: RhoS | C2: 36.5 | D2: 955 | E2: 925 | F2: 1240 | G2: 1350 | H2: 885 | I2: 1040 | J2: 1380 | K2: 1200 | L2: 1184 | M2: 1800 | N2: 1220 | O2: 1240 | P2: 1150 | Q2: 1240 | R2: 1250 | S2: 1260 | T2: 1540 | U2: 1500 | V2: 1520 | W2: 1520 | X2: 1500 | Y2: 1520
A3: Kssdr | B3: deepocean | C3: 9.51e-16 | D3: 3.17e-15 | E3: 6.34e-15 | F3: 1.01e-13 | G3: 9.51e-15 | H3: 3.9e-14 | I3: 9.51e-16 | J3: 3.17e-16 | K3: 8.00633e-15 | L3: 3.17e-17 | M3: 3.33e-15 | N3: 3.57e-12 | O3: 2.85e-15 | P3: 4.7057024e-13 | Q3: 4.9642264e-14 | R3: 3.21e-12 | S3: 3.73e-13 | T3: 5.8031411e-13 | U3: 1.227074e-12 | V3: 7.7877128e-13 | W3: 7.7877128e-13 | X3: 1.2652134e-12 | Y3: 1.6460494e-12
A4: Kssdr | B4: river | C4: 9.51e-16 | D4: 3.17e-15 | E4: 6.34e-15 | F4: 1.01e-13 | G4: 9.51e-15 | H4: 3.9e-14 | I4: 9.51e-16 | J4: 3.17e-16 | K4: 8.00633e-15 | L4: 3.17e-17 | M4: 3.33e-15 | N4: 3.57e-12 | O4: 2.85e-15 | P4: 4.7057024e-13 | Q4: 4.9642264e-14 | R4: 3.21e-12 | S4: 3.73e-13 | T4: 5.8031411e-13 | U4: 1.227074e-12 | V4: 7.7877128e-13 | W4: 7.7877128e-13 | X4: 1.2652134e-12 | Y4: 1.6460494e-12
A5: Kssdr | B5: sea | C5: 9.51e-16 | D5: 3.17e-15 | E5: 6.34e-15 | F5: 1.01e-13 | G5: 9.51e-15 | H5: 3.9e-14 | I5: 9.51e-16 | J5: 3.17e-16 | K5: 8.00633e-15 | L5: 3.17e-17 | M5: 3.33e-15 | N5: 3.57e-12 | O5: 2.85e-15 | P5: 4.7057024e-13 | Q5: 4.9642264e-14 | R5: 3.21e-12 | S5: 3.73e-13 | T5: 5.8031411e-13 | U5: 1.227074e-12 | V5: 7.7877128e-13 | W5: 7.7877128e-13 | X5: 1.2652134e-12 | Y5: 1.6460494e-12
A6: Kssdr | B6: lake | C6: 9.51e-16 | D6: 3.17e-15 | E6: 6.34e-15 | F6: 1.01e-13 | G6: 9.51e-15 | H6: 3.9e-14 | I6: 9.51e-16 | J6: 3.17e-16 | K6: 8.00633e-15 | L6: 3.17e-17 | M6: 3.33e-15 | N6: 3.57e-12 | O6: 2.85e-15 | P6: 4.7057024e-13 | Q6: 4.9642264e-14 | R6: 3.21e-12 | S6: 3.73e-13 | T6: 5.8031411e-13 | U6: 1.227074e-12 | V6: 7.7877128e-13 | W6: 7.7877128e-13 | X6: 1.2652134e-12 | Y6: 1.6460494e-12
A7: Kssdr | B7: marinesediment | C7: 9.51e-16 | D7: 3.17e-15 | E7: 2.23e-14 | F7: 1.01e-13 | G7: 9.51e-15 | H7: 2.85e-15 | I7: 9.51e-16 | J7: 3.17e-16 | K7: 8.00633e-15 | L7: 3.17e-17 | M7: 3.33e-15 | N7: 1.96e-13 | O7: 3.49e-17 | P7: 4.7057024e-13 | Q7: 4.9642264e-14 | R7: 3.21e-12 | S7: 3.73e-13 | T7: 5.8031411e-13 | U7: 1.227074e-12 | V7: 7.7877128e-13 | W7: 7.7877128e-13 | X7: 1.2652134e-12 | Y7: 1.6460494e-12
A8: Kssdr | B8: freshwatersediment | C8: 9.51e-16 | D8: 3.17e-15 | E8: 2.23e-14 | F8: 1.01e-13 | G8: 9.51e-15 | H8: 2.85e-15 | I8: 9.51e-16 | J8: 3.17e-16 | K8: 8.00633e-15 | L8: 3.17e-17 | M8: 3.33e-15 | N8: 1.96e-13 | O8: 3.49e-17 | P8: 4.7057024e-13 | Q8: 4.9642264e-14 | R8: 3.21e-12 | S8: 3.73e-13 | T8: 5.8031411e-13 | U8: 1.227074e-12 | V8: 7.7877128e-13 | W8: 7.7877128e-13 | X8: 1.2652134e-12 | Y8: 1.6460494e-12
A9: Kssdr | B9: lakesediment | C9: 9.51e-16 | D9: 3.17e-15 | E9: 2.23e-14 | F9: 1.01e-13 | G9: 9.51e-15 | H9: 2.85e-15 | I9: 9.51e-16 | J9: 3.17e-16 | K9: 8.00633e-15 | L9: 3.17e-17 | M9: 3.33e-15 | N9: 1.96e-13 | O9: 3.49e-17 | P9: 4.7057024e-13 | Q9: 4.9642264e-14 | R9: 3.21e-12 | S9: 3.73e-13 | T9: 5.8031411e-13 | U9: 1.227074e-12 | V9: 7.7877128e-13 | W9: 7.7877128e-13 | X9: 1.2652134e-12 | Y9: 1.6460494e-12
A10: Kssdr | B10: naturalsoil | C10: 9.51e-16 | D10: 3.62e-14 | E10: 4.93e-13 | F10: 1.01e-13 | G10: 1.88e-14 | H10: 2.2e-14 | I10: 9.51e-16 | J10: 3.17e-16 | K10: 8.00633e-15 | L10: 3.17e-17 | M10: 2.67e-13 | N10: 3.79e-11 | O10: 3.84e-12 | P10: 4.7057024e-13 | Q10: 4.9642264e-14 | R10: 1.05e-11 | S10: 1.72e-13 | T10: 1.2567359e-13 | U10: 1.2567359e-13 | V10: 1.2567359e-13 | W10: 1.2567359e-13 | X10: 1.2567359e-13 | Y10: 1.2567359e-13
A11: Kssdr | B11: othersoil | C11: 9.51e-16 | D11: 3.62e-14 | E11: 4.93e-13 | F11: 1.01e-13 | G11: 1.88e-14 | H11: 2.2e-14 | I11: 9.51e-16 | J11: 3.17e-16 | K11: 8.00633e-15 | L11: 3.17e-17 | M11: 2.67e-13 | N11: 3.79e-11 | O11: 3.84e-12 | P11: 4.7057024e-13 | Q11: 4.9642264e-14 | R11: 1.05e-11 | S11: 1.72e-13 | T11: 1.2567359e-13 | U11: 1.2567359e-13 | V11: 1.2567359e-13 | W11: 1.2567359e-13 | X11: 1.2567359e-13 | Y11: 1.2567359e-13
A12: Kssdr | B12: agriculturalsoil | C12: 9.51e-16 | D12: 3.62e-14 | E12: 4.93e-13 | F12: 1.01e-13 | G12: 1.88e-14 | H12: 2.2e-14 | I12: 9.51e-16 | J12: 3.17e-16 | K12: 8.00633e-15 | L12: 3.17e-17 | M12: 2.67e-13 | N12: 3.79e-11 | O12: 3.84e-12 | P12: 4.7057024e-13 | Q12: 4.9642264e-14 | R12: 1.05e-11 | S12: 1.72e-13 | T12: 1.2567359e-13 | U12: 1.2567359e-13 | V12: 1.2567359e-13 | W12: 1.2567359e-13 | X12: 1.2567359e-13 | Y12: 1.2567359e-13
A13: CorFacSSA | C13: 13 | D13: 1 | E13: 1 | F13: 1 | G13: 1 | H13: 1 | I13: 1 | J13: 1 | K13: 1 | L13: 1 | M13: 1 | N13: 1 | O13: 1 | P13: 1 | Q13: 1 | R13: 1 | S13: 1 | T13: 1 | U13: 1 | V13: 1 | W13: 1 | X13: 1 | Y13: 1
A14: MinSettVel | C14: ='2.1.sed_rates'!D7 -> 8.35e-11 | D14: ='2.1.sed_rates'!D9 -> 5.67e-08 | E14: ='2.1.sed_rates'!D10 -> 5.67e-08 | H14: ='2.1.sed_rates'!D8 -> 5.67e-08
A15: DegApproach | C15: Kssdr | D15: PlasticFADE | E15: PlasticFADE | F15: Kssdr | G15: PlasticFADE | H15: PlasticFADE | I15: PlasticFADE | J15: Kssdr | K15: Kssdr | L15: Kssdr | M15: Kssdr | N15: Kssdr | O15: Kssdr | P15: Kssdr | Q15: Kssdr | R15: Kssdr | S15: Kssdr | T15: Kssdr | U15: Kssdr | V15: Kssdr | W15: Kssdr | X15: Kssdr | Y15: Kssdr
A16: degx | C16: NA | D16: 0.0103 | E16: 0.0111 | F16: NA | G16: 0.000243 | H16: 0.0055 | I16: 0.000273 | J16: NA | K16: NA | L16: NA | M16: NA | N16: NA | O16: NA | P16: NA | Q16: NA | R16: NA | S16: NA | T16: NA | U16: NA | V16: NA | W16: NA | X16: NA | Y16: NA
A17: degtau | C17: NA | D17: 3.36e-11 | E17: 5e-13 | F17: NA | G17: 0.791 | H17: 0.0137 | I17: 0.243 | J17: NA | K17: NA | L17: NA | M17: NA | N17: NA | O17: NA | P17: NA | Q17: NA | R17: NA | S17: NA | T17: NA | U17: NA | V17: NA | W17: NA | X17: NA | Y17: NA
A18: degy | C18: NA | D18: 0.00218 | E18: 0.0103 | F18: NA | G18: 1.33e-05 | H18: 0.0172 | I18: 0.0144 | J18: NA | K18: NA | L18: NA | M18: NA | N18: NA | O18: NA | P18: NA | Q18: NA | R18: NA | S18: NA | T18: NA | U18: NA | V18: NA | W18: NA | X18: NA | Y18: NA
A19: degtheta | C19: NA | D19: 0.299 | E19: 0.00436 | F19: NA | G19: 1.88 | H19: 0.705 | I19: 1.01 | J19: NA | K19: NA | L19: NA | M19: NA | N19: NA | O19: NA | P19: NA | Q19: NA | R19: NA | S19: NA | T19: NA | U19: NA | V19: NA | W19: NA | X19: NA | Y19: NA
A20: degz | C20: NA | D20: 0.000378 | E20: 0.000105 | F20: NA | G20: 0.0152 | H20: 1.62e-05 | I20: 6.23e-05 | J20: NA | K20: NA | L20: NA | M20: NA | N20: NA | O20: NA | P20: NA | Q20: NA | R20: NA | S20: NA | T20: NA | U20: NA | V20: NA | W20: NA | X20: NA | Y20: NA
A21: degeta | C21: NA | D21: 0.216 | E21: 0.324 | F21: NA | G21: 0.0785 | H21: 0.442 | I21: 0.496 | J21: NA | K21: NA | L21: NA | M21: NA | N21: NA | O21: NA | P21: NA | Q21: NA | R21: NA | S21: NA | T21: NA | U21: NA | V21: NA | W21: NA | X21: NA | Y21: NA
A22: Degrading_enzyme | C22: FALSE | D22: FALSE | E22: FALSE | F22: TRUE | G22: TRUE | H22: FALSE | I22: FALSE | J22: FALSE | K22: TRUE | L22: TRUE | M22: TRUE | N22: TRUE | O22: TRUE | P22: TRUE | Q22: TRUE | R22: TRUE | S22: TRUE | T22: TRUE | U22: TRUE | V22: TRUE | W22: TRUE | X22: TRUE | Y22: TRUE
A23: CASnumber | C23: 9003-53-6 | D23: 25087-34-7 | E23: 9002-88-4 | F23: 25038-54-4 | G23: 25038-59-9 | H23: 9003-07-0 | I23: 9003-53-6 | J23: 9002-86-2 | K23: 9009-54-5 | L23: 25014-41-9 | M23: NA | N23: 117068-64-1 | O23: 26100-51-6 | P23: 24980-41-4 | Q23: NA | R23: NA | S23: NA | T23: 9004-34-6 | U23: 9004-34-6 | V23: 68442-85-3 | W23: 68442-85-3 | X23: 68442-85-3 | Y23: 68442-85-3

Sheet 3.3.polymer_data_CI
A1: pol | B1: varName | C1: Scale | D1: SubCompart | E1: Species | F1: Distribution | G1: a | H1: b | I1: c | J1: Data Source | L1: a = left truncation (none here)
A2: EPS | B2: Kssdr | D2: deepocean | F2: log normal | G2: 0 | H2: =_xlfn.XLOOKUP($A2,'1.1.SSDR_water'!$B$7:$B$29,'1.1.SSDR_water'!$J$7:$J$29) -> 1.340791 | I2: =_xlfn.XLOOKUP($A2,'1.1.SSDR_water'!$B$7:$B$29,'1.1.SSDR_water'!$I$7:$I$29) -> -34.536029 | L2: b = sigma = sd log
A3: EPS | B3: Kssdr | D3: river | F3: log normal | G3: 0 | H3: =_xlfn.XLOOKUP($A3,'1.1.SSDR_water'!$B$7:$B$29,'1.1.SSDR_water'!$J$7:$J$29) -> 1.340791 | I3: =_xlfn.XLOOKUP($A3,'1.1.SSDR_water'!$B$7:$B$29,'1.1.SSDR_water'!$I$7:$I$29) -> -34.536029 | L3: c = mu = LN(GEOMEAN)
A4: EPS | B4: Kssdr | D4: sea | F4: log normal | G4: 0 | H4: =_xlfn.XLOOKUP($A4,'1.1.SSDR_water'!$B$7:$B$29,'1.1.SSDR_water'!$J$7:$J$29) -> 1.340791 | I4: =_xlfn.XLOOKUP($A4,'1.1.SSDR_water'!$B$7:$B$29,'1.1.SSDR_water'!$I$7:$I$29) -> -34.536029
A5: EPS | B5: Kssdr | D5: lake | F5: log normal | G5: 0 | H5: =_xlfn.XLOOKUP($A5,'1.1.SSDR_water'!$B$7:$B$29,'1.1.SSDR_water'!$J$7:$J$29) -> 1.340791 | I5: =_xlfn.XLOOKUP($A5,'1.1.SSDR_water'!$B$7:$B$29,'1.1.SSDR_water'!$I$7:$I$29) -> -34.536029 | L5: In this sheet, the distribution of the degradation parameters used in the monte carlo simulation are summarized. If plasticFADE inputs are provided, no Kssdr is used in the monte carlo simulation. SBoo uses this sheet as an input.
A6: EPS | B6: Kssdr | D6: marinesediment | F6: log normal | G6: 0 | H6: =_xlfn.XLOOKUP($A6,'1.2.SSDR_sediment'!$B$7:$B$29,'1.2.SSDR_sediment'!$J$7:$J$29) -> 1.340791 | I6: =_xlfn.XLOOKUP($A6,'1.2.SSDR_sediment'!$B$7:$B$29,'1.2.SSDR_sediment'!$I$7:$I$29) -> -34.536029
A7: EPS | B7: Kssdr | D7: freshwatersediment | F7: log normal | G7: 0 | H7: =_xlfn.XLOOKUP($A7,'1.2.SSDR_sediment'!$B$7:$B$29,'1.2.SSDR_sediment'!$J$7:$J$29) -> 1.340791 | I7: =_xlfn.XLOOKUP($A7,'1.2.SSDR_sediment'!$B$7:$B$29,'1.2.SSDR_sediment'!$I$7:$I$29) -> -34.536029
A8: EPS | B8: Kssdr | D8: lakesediment | F8: log normal | G8: 0 | H8: =_xlfn.XLOOKUP($A8,'1.2.SSDR_sediment'!$B$7:$B$29,'1.2.SSDR_sediment'!$J$7:$J$29) -> 1.340791 | I8: =_xlfn.XLOOKUP($A8,'1.2.SSDR_sediment'!$B$7:$B$29,'1.2.SSDR_sediment'!$I$7:$I$29) -> -34.536029
A9: EPS | B9: Kssdr | D9: naturalsoil | F9: log normal | G9: 0 | H9: =_xlfn.XLOOKUP($A9,'1.3.SSDR_soil'!$B$7:$B$29,'1.3.SSDR_soil'!$J$7:$J$29) -> 1.340791 | I9: =_xlfn.XLOOKUP($A9,'1.3.SSDR_soil'!$B$7:$B$29,'1.3.SSDR_soil'!$I$7:$I$29) -> -34.536029
A10: EPS | B10: Kssdr | D10: othersoil | F10: log normal | G10: 0 | H10: =_xlfn.XLOOKUP($A10,'1.3.SSDR_soil'!$B$7:$B$29,'1.3.SSDR_soil'!$J$7:$J$29) -> 1.340791 | I10: =_xlfn.XLOOKUP($A10,'1.3.SSDR_soil'!$B$7:$B$29,'1.3.SSDR_soil'!$I$7:$I$29) -> -34.536029
A11: EPS | B11: Kssdr | D11: agriculturalsoil | F11: log normal | G11: 0 | H11: =_xlfn.XLOOKUP($A11,'1.3.SSDR_soil'!$B$7:$B$29,'1.3.SSDR_soil'!$J$7:$J$29) -> 1.340791 | I11: =_xlfn.XLOOKUP($A11,'1.3.SSDR_soil'!$B$7:$B$29,'1.3.SSDR_soil'!$I$7:$I$29) -> -34.536029
A12: HDPE | B12: degx | F12: log normal | G12: 0 | H12: =_xlfn.XLOOKUP($B12,'1.4.plasticFADE constants'!$B$8:$B$13,'1.4.plasticFADE constants'!$F$8:$F$13) -> 0.00088522569 | I12: =_xlfn.XLOOKUP($B12,'1.4.plasticFADE constants'!$B$8:$B$13,'1.4.plasticFADE constants'!$E$8:$E$13) -> -4.5792341
A13: HDPE | B13: degtau | F13: log normal | G13: 0 | H13: =_xlfn.XLOOKUP($B13,'1.4.plasticFADE constants'!$B$8:$B$13,'1.4.plasticFADE constants'!$F$8:$F$13) -> 0.18031552 | I13: =_xlfn.XLOOKUP($B13,'1.4.plasticFADE constants'!$B$8:$B$13,'1.4.plasticFADE constants'!$E$8:$E$13) -> -24.116969
A14: HDPE | B14: degy | F14: log normal | G14: 0 | H14: =_xlfn.XLOOKUP($B14,'1.4.plasticFADE constants'!$B$8:$B$13,'1.4.plasticFADE constants'!$F$8:$F$13) -> 0.004283861 | I14: =_xlfn.XLOOKUP($B14,'1.4.plasticFADE constants'!$B$8:$B$13,'1.4.plasticFADE constants'!$E$8:$E$13) -> -6.1272713
A15: HDPE | B15: degtheta | F15: log normal | G15: 0 | H15: =_xlfn.XLOOKUP($B15,'1.4.plasticFADE constants'!$B$8:$B$13,'1.4.plasticFADE constants'!$F$8:$F$13) -> 0.56576349 | I15: =_xlfn.XLOOKUP($B15,'1.4.plasticFADE constants'!$B$8:$B$13,'1.4.plasticFADE constants'!$E$8:$E$13) -> -1.2071491
A16: HDPE | B16: degz | F16: log normal | G16: 0 | H16: =_xlfn.XLOOKUP($B16,'1.4.plasticFADE constants'!$B$8:$B$13,'1.4.plasticFADE constants'!$F$8:$F$13) -> 0.0010821863 | I16: =_xlfn.XLOOKUP($B16,'1.4.plasticFADE constants'!$B$8:$B$13,'1.4.plasticFADE constants'!$E$8:$E$13) -> -7.8805316
A17: HDPE | B17: degeta | F17: log normal | G17: 0 | H17: =_xlfn.XLOOKUP($B17,'1.4.plasticFADE constants'!$B$8:$B$13,'1.4.plasticFADE constants'!$F$8:$F$13) -> 0.17415974 | I17: =_xlfn.XLOOKUP($B17,'1.4.plasticFADE constants'!$B$8:$B$13,'1.4.plasticFADE constants'!$E$8:$E$13) -> -1.5302212
A18: LDPE | B18: degx | F18: log normal | G18: 0 | H18: =_xlfn.XLOOKUP($B18,'1.4.plasticFADE constants'!$B$8:$B$13,'1.4.plasticFADE constants'!$J$8:$J$13) -> 0.0057046217 | I18: =_xlfn.XLOOKUP($B18,'1.4.plasticFADE constants'!$B$8:$B$13,'1.4.plasticFADE constants'!$I$8:$I$13) -> -4.5052715
A19: LDPE | B19: degtau | F19: log normal | G19: 0 | H19: =_xlfn.XLOOKUP($B19,'1.4.plasticFADE constants'!$B$8:$B$13,'1.4.plasticFADE constants'!$J$8:$J$13) -> 0.10974721 | I19: =_xlfn.XLOOKUP($B19,'1.4.plasticFADE constants'!$B$8:$B$13,'1.4.plasticFADE constants'!$I$8:$I$13) -> -28.324168
A20: LDPE | B20: degy | F20: log normal | G20: 0 | H20: =_xlfn.XLOOKUP($B20,'1.4.plasticFADE constants'!$B$8:$B$13,'1.4.plasticFADE constants'!$J$8:$J$13) -> 0.0061122893 | I20: =_xlfn.XLOOKUP($B20,'1.4.plasticFADE constants'!$B$8:$B$13,'1.4.plasticFADE constants'!$I$8:$I$13) -> -4.5741988
A21: LDPE | B21: degtheta | F21: log normal | G21: 0 | H21: =_xlfn.XLOOKUP($B21,'1.4.plasticFADE constants'!$B$8:$B$13,'1.4.plasticFADE constants'!$J$8:$J$13) -> 3.6211087e-05 | I21: =_xlfn.XLOOKUP($B21,'1.4.plasticFADE constants'!$B$8:$B$13,'1.4.plasticFADE constants'!$I$8:$I$13) -> -5.4348195
A22: LDPE | B22: degz | F22: log normal | G22: 0 | H22: =_xlfn.XLOOKUP($B22,'1.4.plasticFADE constants'!$B$8:$B$13,'1.4.plasticFADE constants'!$J$8:$J$13) -> 0.00044412819 | I22: =_xlfn.XLOOKUP($B22,'1.4.plasticFADE constants'!$B$8:$B$13,'1.4.plasticFADE constants'!$I$8:$I$13) -> -9.1638822
A23: LDPE | B23: degeta | F23: log normal | G23: 0 | H23: =_xlfn.XLOOKUP($B23,'1.4.plasticFADE constants'!$B$8:$B$13,'1.4.plasticFADE constants'!$J$8:$J$13) -> 0.19223313 | I23: =_xlfn.XLOOKUP($B23,'1.4.plasticFADE constants'!$B$8:$B$13,'1.4.plasticFADE constants'!$I$8:$I$13) -> -1.1268275
A24: PA_Nylon | B24: Kssdr | D24: deepocean | F24: log normal | G24: 0 | H24: =_xlfn.XLOOKUP($A24,'1.1.SSDR_water'!$B$7:$B$29,'1.1.SSDR_water'!$J$7:$J$29) -> 1.7877213 | I24: =_xlfn.XLOOKUP($A24,'1.1.SSDR_water'!$B$7:$B$29,'1.1.SSDR_water'!$I$7:$I$29) -> -29.919
A25: PA_Nylon | B25: Kssdr | D25: river | F25: log normal | G25: 0 | H25: =_xlfn.XLOOKUP($A25,'1.1.SSDR_water'!$B$7:$B$29,'1.1.SSDR_water'!$J$7:$J$29) -> 1.7877213 | I25: =_xlfn.XLOOKUP($A25,'1.1.SSDR_water'!$B$7:$B$29,'1.1.SSDR_water'!$I$7:$I$29) -> -29.919
A26: PA_Nylon | B26: Kssdr | D26: sea | F26: log normal | G26: 0 | H26: =_xlfn.XLOOKUP($A26,'1.1.SSDR_water'!$B$7:$B$29,'1.1.SSDR_water'!$J$7:$J$29) -> 1.7877213 | I26: =_xlfn.XLOOKUP($A26,'1.1.SSDR_water'!$B$7:$B$29,'1.1.SSDR_water'!$I$7:$I$29) -> -29.919
A27: PA_Nylon | B27: Kssdr | D27: lake | F27: log normal | G27: 0 | H27: =_xlfn.XLOOKUP($A27,'1.1.SSDR_water'!$B$7:$B$29,'1.1.SSDR_water'!$J$7:$J$29) -> 1.7877213 | I27: =_xlfn.XLOOKUP($A27,'1.1.SSDR_water'!$B$7:$B$29,'1.1.SSDR_water'!$I$7:$I$29) -> -29.919
A28: PA_Nylon | B28: Kssdr | D28: marinesediment | F28: log normal | G28: 0 | H28: =_xlfn.XLOOKUP($A28,'1.2.SSDR_sediment'!$B$7:$B$29,'1.2.SSDR_sediment'!$J$7:$J$29) -> 1.7877213 | I28: =_xlfn.XLOOKUP($A28,'1.2.SSDR_sediment'!$B$7:$B$29,'1.2.SSDR_sediment'!$I$7:$I$29) -> -29.919
A29: PA_Nylon | B29: Kssdr | D29: freshwatersediment | F29: log normal | G29: 0 | H29: =_xlfn.XLOOKUP($A29,'1.2.SSDR_sediment'!$B$7:$B$29,'1.2.SSDR_sediment'!$J$7:$J$29) -> 1.7877213 | I29: =_xlfn.XLOOKUP($A29,'1.2.SSDR_sediment'!$B$7:$B$29,'1.2.SSDR_sediment'!$I$7:$I$29) -> -29.919
A30: PA_Nylon | B30: Kssdr | D30: lakesediment | F30: log normal | G30: 0 | H30: =_xlfn.XLOOKUP($A30,'1.2.SSDR_sediment'!$B$7:$B$29,'1.2.SSDR_sediment'!$J$7:$J$29) -> 1.7877213 | I30: =_xlfn.XLOOKUP($A30,'1.2.SSDR_sediment'!$B$7:$B$29,'1.2.SSDR_sediment'!$I$7:$I$29) -> -29.919
A31: PA_Nylon | B31: Kssdr | D31: naturalsoil | F31: log normal | G31: 0 | H31: =_xlfn.XLOOKUP($A31,'1.3.SSDR_soil'!$B$7:$B$29,'1.3.SSDR_soil'!$J$7:$J$29) -> 1.7877213 | I31: =_xlfn.XLOOKUP($A31,'1.3.SSDR_soil'!$B$7:$B$29,'1.3.SSDR_soil'!$I$7:$I$29) -> -29.919
A32: PA_Nylon | B32: Kssdr | D32: othersoil | F32: log normal | G32: 0 | H32: =_xlfn.XLOOKUP($A32,'1.3.SSDR_soil'!$B$7:$B$29,'1.3.SSDR_soil'!$J$7:$J$29) -> 1.7877213 | I32: =_xlfn.XLOOKUP($A32,'1.3.SSDR_soil'!$B$7:$B$29,'1.3.SSDR_soil'!$I$7:$I$29) -> -29.919
A33: PA_Nylon | B33: Kssdr | D33: agriculturalsoil | F33: log normal | G33: 0 | H33: =_xlfn.XLOOKUP($A33,'1.3.SSDR_soil'!$B$7:$B$29,'1.3.SSDR_soil'!$J$7:$J$29) -> 1.7877213 | I33: =_xlfn.XLOOKUP($A33,'1.3.SSDR_soil'!$B$7:$B$29,'1.3.SSDR_soil'!$I$7:$I$29) -> -29.919
A34: PET | B34: degx | F34: log normal | G34: 0 | H34: =_xlfn.XLOOKUP($B34,'1.4.plasticFADE constants'!$B$8:$B$13,'1.4.plasticFADE constants'!$N$8:$N$13) -> 0.00029524826 | I34: =_xlfn.XLOOKUP($B34,'1.4.plasticFADE constants'!$B$8:$B$13,'1.4.plasticFADE constants'!$M$8:$M$13) -> -8.3213129
A35: PET | B35: degtau | F35: log normal | G35: 0 | H35: =_xlfn.XLOOKUP($B35,'1.4.plasticFADE constants'!$B$8:$B$13,'1.4.plasticFADE constants'!$N$8:$N$13) -> 0.1933289 | I35: =_xlfn.XLOOKUP($B35,'1.4.plasticFADE constants'!$B$8:$B$13,'1.4.plasticFADE constants'!$M$8:$M$13) -> -0.23448794
A36: PET | B36: degy | F36: log normal | G36: 0 | H36: =_xlfn.XLOOKUP($B36,'1.4.plasticFADE constants'!$B$8:$B$13,'1.4.plasticFADE constants'!$N$8:$N$13) -> 2.1960389e-05 | I36: =_xlfn.XLOOKUP($B36,'1.4.plasticFADE constants'!$B$8:$B$13,'1.4.plasticFADE constants'!$M$8:$M$13) -> -11.230611
A37: PET | B37: degtheta | F37: log normal | G37: 0 | H37: =_xlfn.XLOOKUP($B37,'1.4.plasticFADE constants'!$B$8:$B$13,'1.4.plasticFADE constants'!$N$8:$N$13) -> 0.22318783 | I37: =_xlfn.XLOOKUP($B37,'1.4.plasticFADE constants'!$B$8:$B$13,'1.4.plasticFADE constants'!$M$8:$M$13) -> 0.62930293
A38: PET | B38: degz | F38: log normal | G38: 0 | H38: =_xlfn.XLOOKUP($B38,'1.4.plasticFADE constants'!$B$8:$B$13,'1.4.plasticFADE constants'!$N$8:$N$13) -> 4.4013893e-06 | I38: =_xlfn.XLOOKUP($B38,'1.4.plasticFADE constants'!$B$8:$B$13,'1.4.plasticFADE constants'!$M$8:$M$13) -> -4.1852835
A39: PET | B39: degeta | F39: log normal | G39: 0 | H39: =_xlfn.XLOOKUP($B39,'1.4.plasticFADE constants'!$B$8:$B$13,'1.4.plasticFADE constants'!$N$8:$N$13) -> 0.045684842 | I39: =_xlfn.XLOOKUP($B39,'1.4.plasticFADE constants'!$B$8:$B$13,'1.4.plasticFADE constants'!$M$8:$M$13) -> -2.5451415
A40: PP | B40: degx | F40: log normal | G40: 0 | H40: =_xlfn.XLOOKUP($B40,'1.4.plasticFADE constants'!$B$8:$B$13,'1.4.plasticFADE constants'!$R$8:$R$13) -> 0.0050951617 | I40: =_xlfn.XLOOKUP($B40,'1.4.plasticFADE constants'!$B$8:$B$13,'1.4.plasticFADE constants'!$Q$8:$Q$13) -> -5.2033361
A41: PP | B41: degtau | F41: log normal | G41: 0 | H41: =_xlfn.XLOOKUP($B41,'1.4.plasticFADE constants'!$B$8:$B$13,'1.4.plasticFADE constants'!$R$8:$R$13) -> 0.11216725 | I41: =_xlfn.XLOOKUP($B41,'1.4.plasticFADE constants'!$B$8:$B$13,'1.4.plasticFADE constants'!$Q$8:$Q$13) -> -4.288843
A42: PP | B42: degy | F42: log normal | G42: 0 | H42: =_xlfn.XLOOKUP($B42,'1.4.plasticFADE constants'!$B$8:$B$13,'1.4.plasticFADE constants'!$R$8:$R$13) -> 0.0016245855 | I42: =_xlfn.XLOOKUP($B42,'1.4.plasticFADE constants'!$B$8:$B$13,'1.4.plasticFADE constants'!$Q$8:$Q$13) -> -4.0602197
A43: PP | B43: degtheta | F43: log normal | G43: 0 | H43: =_xlfn.XLOOKUP($B43,'1.4.plasticFADE constants'!$B$8:$B$13,'1.4.plasticFADE constants'!$R$8:$R$13) -> 0.3804722 | I43: =_xlfn.XLOOKUP($B43,'1.4.plasticFADE constants'!$B$8:$B$13,'1.4.plasticFADE constants'!$Q$8:$Q$13) -> -0.34885869
A44: PP | B44: degz | F44: log normal | G44: 0 | H44: =_xlfn.XLOOKUP($B44,'1.4.plasticFADE constants'!$B$8:$B$13,'1.4.plasticFADE constants'!$R$8:$R$13) -> 3.8147496e-05 | I44: =_xlfn.XLOOKUP($B44,'1.4.plasticFADE constants'!$B$8:$B$13,'1.4.plasticFADE constants'!$Q$8:$Q$13) -> -11.033062
A45: PP | B45: degeta | F45: log normal | G45: 0 | H45: =_xlfn.XLOOKUP($B45,'1.4.plasticFADE constants'!$B$8:$B$13,'1.4.plasticFADE constants'!$R$8:$R$13) -> 0.11138573 | I45: =_xlfn.XLOOKUP($B45,'1.4.plasticFADE constants'!$B$8:$B$13,'1.4.plasticFADE constants'!$Q$8:$Q$13) -> -0.8161984
A46: PS | B46: degx | F46: log normal | G46: 0 | H46: =_xlfn.XLOOKUP($B46,'1.4.plasticFADE constants'!$B$8:$B$13,'1.4.plasticFADE constants'!$V$8:$V$13) -> 0.00020039698 | I46: =_xlfn.XLOOKUP($B46,'1.4.plasticFADE constants'!$B$8:$B$13,'1.4.plasticFADE constants'!$U$8:$U$13) -> -8.2051082
A47: PS | B47: degtau | F47: log normal | G47: 0 | H47: =_xlfn.XLOOKUP($B47,'1.4.plasticFADE constants'!$B$8:$B$13,'1.4.plasticFADE constants'!$V$8:$V$13) -> 0.067550473 | I47: =_xlfn.XLOOKUP($B47,'1.4.plasticFADE constants'!$B$8:$B$13,'1.4.plasticFADE constants'!$U$8:$U$13) -> -1.4134913
A48: PS | B48: degy | F48: log normal | G48: 0 | H48: =_xlfn.XLOOKUP($B48,'1.4.plasticFADE constants'!$B$8:$B$13,'1.4.plasticFADE constants'!$V$8:$V$13) -> 4.3872181e-06 | I48: =_xlfn.XLOOKUP($B48,'1.4.plasticFADE constants'!$B$8:$B$13,'1.4.plasticFADE constants'!$U$8:$U$13) -> -4.2372718
A49: PS | B49: degtheta | F49: log normal | G49: 0 | H49: =_xlfn.XLOOKUP($B49,'1.4.plasticFADE constants'!$B$8:$B$13,'1.4.plasticFADE constants'!$V$8:$V$13) -> 0.16004413 | I49: =_xlfn.XLOOKUP($B49,'1.4.plasticFADE constants'!$B$8:$B$13,'1.4.plasticFADE constants'!$U$8:$U$13) -> 0.0090322632
A50: PS | B50: degz | F50: log normal | G50: 0 | H50: =_xlfn.XLOOKUP($B50,'1.4.plasticFADE constants'!$B$8:$B$13,'1.4.plasticFADE constants'!$V$8:$V$13) -> 0.00017657694 | I50: =_xlfn.XLOOKUP($B50,'1.4.plasticFADE constants'!$B$8:$B$13,'1.4.plasticFADE constants'!$U$8:$U$13) -> -9.6830593
A51: PS | B51: degeta | F51: log normal | G51: 0 | H51: =_xlfn.XLOOKUP($B51,'1.4.plasticFADE constants'!$B$8:$B$13,'1.4.plasticFADE constants'!$V$8:$V$13) -> 0.1221179 | I51: =_xlfn.XLOOKUP($B51,'1.4.plasticFADE constants'!$B$8:$B$13,'1.4.plasticFADE constants'!$U$8:$U$13) -> -0.70110518
A52: PVC | B52: Kssdr | D52: deepocean | F52: log normal | G52: 0 | H52: =_xlfn.XLOOKUP($A52,'1.1.SSDR_water'!$B$7:$B$29,'1.1.SSDR_water'!$J$7:$J$29) -> 0.89386067 | I52: =_xlfn.XLOOKUP($A52,'1.1.SSDR_water'!$B$7:$B$29,'1.1.SSDR_water'!$I$7:$I$29) -> -35.687321
A53: PVC | B53: Kssdr | D53: river | F53: log normal | G53: 0 | H53: =_xlfn.XLOOKUP($A53,'1.1.SSDR_water'!$B$7:$B$29,'1.1.SSDR_water'!$J$7:$J$29) -> 0.89386067 | I53: =_xlfn.XLOOKUP($A53,'1.1.SSDR_water'!$B$7:$B$29,'1.1.SSDR_water'!$I$7:$I$29) -> -35.687321
A54: PVC | B54: Kssdr | D54: sea | F54: log normal | G54: 0 | H54: =_xlfn.XLOOKUP($A54,'1.1.SSDR_water'!$B$7:$B$29,'1.1.SSDR_water'!$J$7:$J$29) -> 0.89386067 | I54: =_xlfn.XLOOKUP($A54,'1.1.SSDR_water'!$B$7:$B$29,'1.1.SSDR_water'!$I$7:$I$29) -> -35.687321
A55: PVC | B55: Kssdr | D55: lake | F55: log normal | G55: 0 | H55: =_xlfn.XLOOKUP($A55,'1.1.SSDR_water'!$B$7:$B$29,'1.1.SSDR_water'!$J$7:$J$29) -> 0.89386067 | I55: =_xlfn.XLOOKUP($A55,'1.1.SSDR_water'!$B$7:$B$29,'1.1.SSDR_water'!$I$7:$I$29) -> -35.687321
A56: PVC | B56: Kssdr | D56: marinesediment | F56: log normal | G56: 0 | H56: =_xlfn.XLOOKUP($A56,'1.2.SSDR_sediment'!$B$7:$B$29,'1.2.SSDR_sediment'!$J$7:$J$29) -> 0.89386067 | I56: =_xlfn.XLOOKUP($A56,'1.2.SSDR_sediment'!$B$7:$B$29,'1.2.SSDR_sediment'!$I$7:$I$29) -> -35.687321
A57: PVC | B57: Kssdr | D57: freshwatersediment | F57: log normal | G57: 0 | H57: =_xlfn.XLOOKUP($A57,'1.2.SSDR_sediment'!$B$7:$B$29,'1.2.SSDR_sediment'!$J$7:$J$29) -> 0.89386067 | I57: =_xlfn.XLOOKUP($A57,'1.2.SSDR_sediment'!$B$7:$B$29,'1.2.SSDR_sediment'!$I$7:$I$29) -> -35.687321
A58: PVC | B58: Kssdr | D58: lakesediment | F58: log normal | G58: 0 | H58: =_xlfn.XLOOKUP($A58,'1.2.SSDR_sediment'!$B$7:$B$29,'1.2.SSDR_sediment'!$J$7:$J$29) -> 0.89386067 | I58: =_xlfn.XLOOKUP($A58,'1.2.SSDR_sediment'!$B$7:$B$29,'1.2.SSDR_sediment'!$I$7:$I$29) -> -35.687321
A59: PVC | B59: Kssdr | D59: naturalsoil | F59: log normal | G59: 0 | H59: =_xlfn.XLOOKUP($A59,'1.3.SSDR_soil'!$B$7:$B$29,'1.3.SSDR_soil'!$J$7:$J$29) -> 0.89386067 | I59: =_xlfn.XLOOKUP($A59,'1.3.SSDR_soil'!$B$7:$B$29,'1.3.SSDR_soil'!$I$7:$I$29) -> -35.687321
A60: PVC | B60: Kssdr | D60: othersoil | F60: log normal | G60: 0 | H60: =_xlfn.XLOOKUP($A60,'1.3.SSDR_soil'!$B$7:$B$29,'1.3.SSDR_soil'!$J$7:$J$29) -> 0.89386067 | I60: =_xlfn.XLOOKUP($A60,'1.3.SSDR_soil'!$B$7:$B$29,'1.3.SSDR_soil'!$I$7:$I$29) -> -35.687321
A61: PVC | B61: Kssdr | D61: agriculturalsoil | F61: log normal | G61: 0 | H61: =_xlfn.XLOOKUP($A61,'1.3.SSDR_soil'!$B$7:$B$29,'1.3.SSDR_soil'!$J$7:$J$29) -> 0.89386067 | I61: =_xlfn.XLOOKUP($A61,'1.3.SSDR_soil'!$B$7:$B$29,'1.3.SSDR_soil'!$I$7:$I$29) -> -35.687321
A62: PU | B62: Kssdr | D62: deepocean | F62: log normal | G62: 0 | H62: =_xlfn.XLOOKUP($A62,'1.1.SSDR_water'!$B$7:$B$29,'1.1.SSDR_water'!$J$7:$J$29) -> 2.1472679 | I62: =_xlfn.XLOOKUP($A62,'1.1.SSDR_water'!$B$7:$B$29,'1.1.SSDR_water'!$I$7:$I$29) -> -32.458544
A63: PU | B63: Kssdr | D63: river | F63: log normal | G63: 0 | H63: =_xlfn.XLOOKUP($A63,'1.1.SSDR_water'!$B$7:$B$29,'1.1.SSDR_water'!$J$7:$J$29) -> 2.1472679 | I63: =_xlfn.XLOOKUP($A63,'1.1.SSDR_water'!$B$7:$B$29,'1.1.SSDR_water'!$I$7:$I$29) -> -32.458544
A64: PU | B64: Kssdr | D64: sea | F64: log normal | G64: 0 | H64: =_xlfn.XLOOKUP($A64,'1.1.SSDR_water'!$B$7:$B$29,'1.1.SSDR_water'!$J$7:$J$29) -> 2.1472679 | I64: =_xlfn.XLOOKUP($A64,'1.1.SSDR_water'!$B$7:$B$29,'1.1.SSDR_water'!$I$7:$I$29) -> -32.458544
A65: PU | B65: Kssdr | D65: lake | F65: log normal | G65: 0 | H65: =_xlfn.XLOOKUP($A65,'1.1.SSDR_water'!$B$7:$B$29,'1.1.SSDR_water'!$J$7:$J$29) -> 2.1472679 | I65: =_xlfn.XLOOKUP($A65,'1.1.SSDR_water'!$B$7:$B$29,'1.1.SSDR_water'!$I$7:$I$29) -> -32.458544
A66: PU | B66: Kssdr | D66: marinesediment | F66: log normal | G66: 0 | H66: =_xlfn.XLOOKUP($A66,'1.2.SSDR_sediment'!$B$7:$B$29,'1.2.SSDR_sediment'!$J$7:$J$29) -> 2.1472679 | I66: =_xlfn.XLOOKUP($A66,'1.2.SSDR_sediment'!$B$7:$B$29,'1.2.SSDR_sediment'!$I$7:$I$29) -> -32.458544
A67: PU | B67: Kssdr | D67: freshwatersediment | F67: log normal | G67: 0 | H67: =_xlfn.XLOOKUP($A67,'1.2.SSDR_sediment'!$B$7:$B$29,'1.2.SSDR_sediment'!$J$7:$J$29) -> 2.1472679 | I67: =_xlfn.XLOOKUP($A67,'1.2.SSDR_sediment'!$B$7:$B$29,'1.2.SSDR_sediment'!$I$7:$I$29) -> -32.458544
A68: PU | B68: Kssdr | D68: lakesediment | F68: log normal | G68: 0 | H68: =_xlfn.XLOOKUP($A68,'1.2.SSDR_sediment'!$B$7:$B$29,'1.2.SSDR_sediment'!$J$7:$J$29) -> 2.1472679 | I68: =_xlfn.XLOOKUP($A68,'1.2.SSDR_sediment'!$B$7:$B$29,'1.2.SSDR_sediment'!$I$7:$I$29) -> -32.458544
A69: PU | B69: Kssdr | D69: naturalsoil | F69: log normal | G69: 0 | H69: =_xlfn.XLOOKUP($A69,'1.3.SSDR_soil'!$B$7:$B$29,'1.3.SSDR_soil'!$J$7:$J$29) -> 2.1472679 | I69: =_xlfn.XLOOKUP($A69,'1.3.SSDR_soil'!$B$7:$B$29,'1.3.SSDR_soil'!$I$7:$I$29) -> -32.458544
A70: PU | B70: Kssdr | D70: othersoil | F70: log normal | G70: 0 | H70: =_xlfn.XLOOKUP($A70,'1.3.SSDR_soil'!$B$7:$B$29,'1.3.SSDR_soil'!$J$7:$J$29) -> 2.1472679 | I70: =_xlfn.XLOOKUP($A70,'1.3.SSDR_soil'!$B$7:$B$29,'1.3.SSDR_soil'!$I$7:$I$29) -> -32.458544
A71: PU | B71: Kssdr | D71: agriculturalsoil | F71: log normal | G71: 0 | H71: =_xlfn.XLOOKUP($A71,'1.3.SSDR_soil'!$B$7:$B$29,'1.3.SSDR_soil'!$J$7:$J$29) -> 2.1472679 | I71: =_xlfn.XLOOKUP($A71,'1.3.SSDR_soil'!$B$7:$B$29,'1.3.SSDR_soil'!$I$7:$I$29) -> -32.458544
A72: PAN | B72: Kssdr | D72: deepocean | F72: log normal | G72: 0 | H72: =_xlfn.XLOOKUP($A72,'1.1.SSDR_water'!$B$7:$B$29,'1.1.SSDR_water'!$J$7:$J$29) -> 0.89386067 | I72: =_xlfn.XLOOKUP($A72,'1.1.SSDR_water'!$B$7:$B$29,'1.1.SSDR_water'!$I$7:$I$29) -> -35.687321
A73: PAN | B73: Kssdr | D73: river | F73: log normal | G73: 0 | H73: =_xlfn.XLOOKUP($A73,'1.1.SSDR_water'!$B$7:$B$29,'1.1.SSDR_water'!$J$7:$J$29) -> 0.89386067 | I73: =_xlfn.XLOOKUP($A73,'1.1.SSDR_water'!$B$7:$B$29,'1.1.SSDR_water'!$I$7:$I$29) -> -35.687321
A74: PAN | B74: Kssdr | D74: sea | F74: log normal | G74: 0 | H74: =_xlfn.XLOOKUP($A74,'1.1.SSDR_water'!$B$7:$B$29,'1.1.SSDR_water'!$J$7:$J$29) -> 0.89386067 | I74: =_xlfn.XLOOKUP($A74,'1.1.SSDR_water'!$B$7:$B$29,'1.1.SSDR_water'!$I$7:$I$29) -> -35.687321
A75: PAN | B75: Kssdr | D75: lake | F75: log normal | G75: 0 | H75: =_xlfn.XLOOKUP($A75,'1.1.SSDR_water'!$B$7:$B$29,'1.1.SSDR_water'!$J$7:$J$29) -> 0.89386067 | I75: =_xlfn.XLOOKUP($A75,'1.1.SSDR_water'!$B$7:$B$29,'1.1.SSDR_water'!$I$7:$I$29) -> -35.687321
A76: PAN | B76: Kssdr | D76: marinesediment | F76: log normal | G76: 0 | H76: =_xlfn.XLOOKUP($A76,'1.2.SSDR_sediment'!$B$7:$B$29,'1.2.SSDR_sediment'!$J$7:$J$29) -> 0.89386067 | I76: =_xlfn.XLOOKUP($A76,'1.2.SSDR_sediment'!$B$7:$B$29,'1.2.SSDR_sediment'!$I$7:$I$29) -> -35.687321
A77: PAN | B77: Kssdr | D77: freshwatersediment | F77: log normal | G77: 0 | H77: =_xlfn.XLOOKUP($A77,'1.2.SSDR_sediment'!$B$7:$B$29,'1.2.SSDR_sediment'!$J$7:$J$29) -> 0.89386067 | I77: =_xlfn.XLOOKUP($A77,'1.2.SSDR_sediment'!$B$7:$B$29,'1.2.SSDR_sediment'!$I$7:$I$29) -> -35.687321
A78: PAN | B78: Kssdr | D78: lakesediment | F78: log normal | G78: 0 | H78: =_xlfn.XLOOKUP($A78,'1.2.SSDR_sediment'!$B$7:$B$29,'1.2.SSDR_sediment'!$J$7:$J$29) -> 0.89386067 | I78: =_xlfn.XLOOKUP($A78,'1.2.SSDR_sediment'!$B$7:$B$29,'1.2.SSDR_sediment'!$I$7:$I$29) -> -35.687321
A79: PAN | B79: Kssdr | D79: naturalsoil | F79: log normal | G79: 0 | H79: =_xlfn.XLOOKUP($A79,'1.3.SSDR_soil'!$B$7:$B$29,'1.3.SSDR_soil'!$J$7:$J$29) -> 0.89386067 | I79: =_xlfn.XLOOKUP($A79,'1.3.SSDR_soil'!$B$7:$B$29,'1.3.SSDR_soil'!$I$7:$I$29) -> -35.687321
A80: PAN | B80: Kssdr | D80: othersoil | F80: log normal | G80: 0 | H80: =_xlfn.XLOOKUP($A80,'1.3.SSDR_soil'!$B$7:$B$29,'1.3.SSDR_soil'!$J$7:$J$29) -> 0.89386067 | I80: =_xlfn.XLOOKUP($A80,'1.3.SSDR_soil'!$B$7:$B$29,'1.3.SSDR_soil'!$I$7:$I$29) -> -35.687321
A81: PAN | B81: Kssdr | D81: agriculturalsoil | F81: log normal | G81: 0 | H81: =_xlfn.XLOOKUP($A81,'1.3.SSDR_soil'!$B$7:$B$29,'1.3.SSDR_soil'!$J$7:$J$29) -> 0.89386067 | I81: =_xlfn.XLOOKUP($A81,'1.3.SSDR_soil'!$B$7:$B$29,'1.3.SSDR_soil'!$I$7:$I$29) -> -35.687321
A82: TRWP | B82: Kssdr | D82: deepocean | F82: log normal | G82: 0 | H82: =_xlfn.XLOOKUP($A82,'1.1.SSDR_water'!$B$7:$B$29,'1.1.SSDR_water'!$J$7:$J$29) -> 1.8068414 | I82: =_xlfn.XLOOKUP($A82,'1.1.SSDR_water'!$B$7:$B$29,'1.1.SSDR_water'!$I$7:$I$29) -> -33.336167
A83: TRWP | B83: Kssdr | D83: river | F83: log normal | G83: 0 | H83: =_xlfn.XLOOKUP($A83,'1.1.SSDR_water'!$B$7:$B$29,'1.1.SSDR_water'!$J$7:$J$29) -> 1.8068414 | I83: =_xlfn.XLOOKUP($A83,'1.1.SSDR_water'!$B$7:$B$29,'1.1.SSDR_water'!$I$7:$I$29) -> -33.336167
A84: TRWP | B84: Kssdr | D84: sea | F84: log normal | G84: 0 | H84: =_xlfn.XLOOKUP($A84,'1.1.SSDR_water'!$B$7:$B$29,'1.1.SSDR_water'!$J$7:$J$29) -> 1.8068414 | I84: =_xlfn.XLOOKUP($A84,'1.1.SSDR_water'!$B$7:$B$29,'1.1.SSDR_water'!$I$7:$I$29) -> -33.336167
A85: TRWP | B85: Kssdr | D85: lake | F85: log normal | G85: 0 | H85: =_xlfn.XLOOKUP($A85,'1.1.SSDR_water'!$B$7:$B$29,'1.1.SSDR_water'!$J$7:$J$29) -> 1.8068414 | I85: =_xlfn.XLOOKUP($A85,'1.1.SSDR_water'!$B$7:$B$29,'1.1.SSDR_water'!$I$7:$I$29) -> -33.336167
A86: TRWP | B86: Kssdr | D86: marinesediment | F86: log normal | G86: 0 | H86: =_xlfn.XLOOKUP($A86,'1.2.SSDR_sediment'!$B$7:$B$29,'1.2.SSDR_sediment'!$J$7:$J$29) -> 1.8068414 | I86: =_xlfn.XLOOKUP($A86,'1.2.SSDR_sediment'!$B$7:$B$29,'1.2.SSDR_sediment'!$I$7:$I$29) -> -33.336167
A87: TRWP | B87: Kssdr | D87: freshwatersediment | F87: log normal | G87: 0 | H87: =_xlfn.XLOOKUP($A87,'1.2.SSDR_sediment'!$B$7:$B$29,'1.2.SSDR_sediment'!$J$7:$J$29) -> 1.8068414 | I87: =_xlfn.XLOOKUP($A87,'1.2.SSDR_sediment'!$B$7:$B$29,'1.2.SSDR_sediment'!$I$7:$I$29) -> -33.336167
A88: TRWP | B88: Kssdr | D88: lakesediment | F88: log normal | G88: 0 | H88: =_xlfn.XLOOKUP($A88,'1.2.SSDR_sediment'!$B$7:$B$29,'1.2.SSDR_sediment'!$J$7:$J$29) -> 1.8068414 | I88: =_xlfn.XLOOKUP($A88,'1.2.SSDR_sediment'!$B$7:$B$29,'1.2.SSDR_sediment'!$I$7:$I$29) -> -33.336167
A89: TRWP | B89: Kssdr | D89: naturalsoil | F89: log normal | G89: 0 | H89: =_xlfn.XLOOKUP($A89,'1.3.SSDR_soil'!$B$7:$B$29,'1.3.SSDR_soil'!$J$7:$J$29) -> 0.5705114 | I89: =_xlfn.XLOOKUP($A89,'1.3.SSDR_soil'!$B$7:$B$29,'1.3.SSDR_soil'!$I$7:$I$29) -> -28.950025
A90: TRWP | B90: Kssdr | D90: othersoil | F90: log normal | G90: 0 | H90: =_xlfn.XLOOKUP($A90,'1.3.SSDR_soil'!$B$7:$B$29,'1.3.SSDR_soil'!$J$7:$J$29) -> 0.5705114 | I90: =_xlfn.XLOOKUP($A90,'1.3.SSDR_soil'!$B$7:$B$29,'1.3.SSDR_soil'!$I$7:$I$29) -> -28.950025
A91: TRWP | B91: Kssdr | D91: agriculturalsoil | F91: log normal | G91: 0 | H91: =_xlfn.XLOOKUP($A91,'1.3.SSDR_soil'!$B$7:$B$29,'1.3.SSDR_soil'!$J$7:$J$29) -> 0.5705114 | I91: =_xlfn.XLOOKUP($A91,'1.3.SSDR_soil'!$B$7:$B$29,'1.3.SSDR_soil'!$I$7:$I$29) -> -28.950025
A92: PHA | B92: Kssdr | D92: deepocean | F92: log normal | G92: 0 | H92: =_xlfn.XLOOKUP($A92,'1.1.SSDR_water'!$B$7:$B$29,'1.1.SSDR_water'!$J$7:$J$29) -> 1.0491074 | I92: =_xlfn.XLOOKUP($A92,'1.1.SSDR_water'!$B$7:$B$29,'1.1.SSDR_water'!$I$7:$I$29) -> -26.358103
A93: PHA | B93: Kssdr | D93: river | F93: log normal | G93: 0 | H93: =_xlfn.XLOOKUP($A93,'1.1.SSDR_water'!$B$7:$B$29,'1.1.SSDR_water'!$J$7:$J$29) -> 1.0491074 | I93: =_xlfn.XLOOKUP($A93,'1.1.SSDR_water'!$B$7:$B$29,'1.1.SSDR_water'!$I$7:$I$29) -> -26.358103
A94: PHA | B94: Kssdr | D94: sea | F94: log normal | G94: 0 | H94: =_xlfn.XLOOKUP($A94,'1.1.SSDR_water'!$B$7:$B$29,'1.1.SSDR_water'!$J$7:$J$29) -> 1.0491074 | I94: =_xlfn.XLOOKUP($A94,'1.1.SSDR_water'!$B$7:$B$29,'1.1.SSDR_water'!$I$7:$I$29) -> -26.358103
A95: PHA | B95: Kssdr | D95: lake | F95: log normal | G95: 0 | H95: =_xlfn.XLOOKUP($A95,'1.1.SSDR_water'!$B$7:$B$29,'1.1.SSDR_water'!$J$7:$J$29) -> 1.0491074 | I95: =_xlfn.XLOOKUP($A95,'1.1.SSDR_water'!$B$7:$B$29,'1.1.SSDR_water'!$I$7:$I$29) -> -26.358103
A96: PHA | B96: Kssdr | D96: marinesediment | F96: log normal | G96: 0 | H96: =_xlfn.XLOOKUP($A96,'1.2.SSDR_sediment'!$B$7:$B$29,'1.2.SSDR_sediment'!$J$7:$J$29) -> 1.2773916 | I96: =_xlfn.XLOOKUP($A96,'1.2.SSDR_sediment'!$B$7:$B$29,'1.2.SSDR_sediment'!$I$7:$I$29) -> -29.261266
A97: PHA | B97: Kssdr | D97: freshwatersediment | F97: log normal | G97: 0 | H97: =_xlfn.XLOOKUP($A97,'1.2.SSDR_sediment'!$B$7:$B$29,'1.2.SSDR_sediment'!$J$7:$J$29) -> 1.2773916 | I97: =_xlfn.XLOOKUP($A97,'1.2.SSDR_sediment'!$B$7:$B$29,'1.2.SSDR_sediment'!$I$7:$I$29) -> -29.261266
A98: PHA | B98: Kssdr | D98: lakesediment | F98: log normal | G98: 0 | H98: =_xlfn.XLOOKUP($A98,'1.2.SSDR_sediment'!$B$7:$B$29,'1.2.SSDR_sediment'!$J$7:$J$29) -> 1.2773916 | I98: =_xlfn.XLOOKUP($A98,'1.2.SSDR_sediment'!$B$7:$B$29,'1.2.SSDR_sediment'!$I$7:$I$29) -> -29.261266
A99: PHA | B99: Kssdr | D99: naturalsoil | F99: log normal | G99: 0 | H99: =_xlfn.XLOOKUP($A99,'1.3.SSDR_soil'!$B$7:$B$29,'1.3.SSDR_soil'!$J$7:$J$29) -> 0.10461942 | I99: =_xlfn.XLOOKUP($A99,'1.3.SSDR_soil'!$B$7:$B$29,'1.3.SSDR_soil'!$I$7:$I$29) -> -23.996463
A100: PHA | B100: Kssdr | D100: othersoil | F100: log normal | G100: 0 | H100: =_xlfn.XLOOKUP($A100,'1.3.SSDR_soil'!$B$7:$B$29,'1.3.SSDR_soil'!$J$7:$J$29) -> 0.10461942 | I100: =_xlfn.XLOOKUP($A100,'1.3.SSDR_soil'!$B$7:$B$29,'1.3.SSDR_soil'!$I$7:$I$29) -> -23.996463
...

Sheet 3.4.EEF_CI
A1: varName | B1: Scale | C1: SubCompart | D1: Species | E1: Distribution | F1: a | G1: b | H1: c | I1: Data Source | K1: Value (PAF m3/kg) | L1: Lower limit | M1: Upper limit | N1: Note
A2: EEF_w | E2: log normal | F2: 0 | G2: =LN(K2) -> 6.9730811 | H2: =(LN(M2)-LN(L2))/(2*1.96) -> 0.55726717 | I2: Corella-Puertas et al. (2023) | K2: 1067.5067 | L2: 358.109 | M2: 3182.1894 | N2: 95% CI provided (z0.975=1.96)
A3: EEF_sed | E3: log normal | F3: 0 | G3: =LN(K3) -> 2.7833432 | H3: =(LN(M3)-LN(L3))/(2*1.96) -> 1.1462822 | I3: Saadi et al. (2025) | K3: 16.173 | L3: 1.7102619 | M3: 152.94416 | N3: 95% CI provided (z0.975=1.96)
A4: EEF_s | E4: log normal | F4: 0 | G4: =LN(K4) -> -1.7092582 | H4: =(LN(M4)-LN(L4))/(2*1.96) -> 0.19772049 | I4: Galafton et al. (2026) | K4: 0.181 | L4: 0.123 | M4: 0.267 | N4: 95% CI provided (z0.975=1.96). We used the noH-UFt2 XEF provided by the authors.

Sheet 4.1.species_richness
B2: Fractions continental / global for the marine ecosystem
B4: Sheet adapted from Louvet et al. (2026). Based on the IUCN Red List (2024) and FAO (2020). For freshwater and terrestrial environments, the species richness of Louvet et al. (2026) were directly used.
O5: Update
A6: Region in USEtox | B6: Marine regions in IUCN | C6: Number of coastal species in region (Neritic zone and coastal zone) | D6: Number of coastal species in RoW | E6: Total of coastal species expected | F6: Real total of coastal species | G6: Coastal species in common | H6: Number endemic coastal species | I6: Number RoW only coastal species | J6: Number of species in global water (Marine Oceanic and Marine Deep Benthic) | K6: % of species in Continental scale | L6: % of species in Global scale (RoW) | M6: Total | O6: % of species in Continental scale | P6: % of species in Global scale | Q6: % of species in RoW Continental scale | R6: Sum | T6: % of species in Continental scale | U6: % of species in Global scale
A7: North America | B7: Atlantic Northwest, Atlantic Western Central , Pacific North East, Pacific Eastern Central | C7: 4943 | D7: 10969 | E7: =SUM(C7:D7) -> 15912 | F7: 12523 | G7: =E7-F7 -> 3389 | H7: =(C7-G7) -> 1554 | I7: =(D7-G7) -> 7580 | J7: 5283 | K7: =(G7+H7)/(2*G7+H7+I7+J7) -> 0.23321538 | L7: =(G7+I7+J7)/(2*G7+H7+I7+J7) -> 0.76678462 | M7: =SUM(K7:L7) -> 1 | O7: =C7/(F7+J7) -> 0.27760306 | P7: =J7/(J7+F7) -> 0.29669774 | Q7: =I7/(F7+J7) -> 0.4256992 | R7: =O7+P7+Q7 -> 1 | T7: =H7/(J7+F7) -> 0.087273953 | U7: =J7/(J7+F7) -> 0.29669774 | V7: =I7/(F7+J7) -> 0.4256992 | W7: =SUM(T7:V7) -> 0.8096709
A8: Latin America | B8: Atlantic western central, Atlantic southwest, Pacific Eastern Centreal, Pacific Southeast | C8: 5410 | D8: 9667 | E8: =SUM(C8:D8) -> 15077 | F8: 12523 | G8: =E8-F8 -> 2554 | H8: =(C8-G8) -> 2856 | I8: =(D8-G8) -> 7113 | J8: 5283 | K8: =(G8+H8)/(2*G8+H8+I8+J8) -> 0.26571709 | L8: =(G8+I8+J8)/(2*G8+H8+I8+J8) -> 0.73428291 | M8: =SUM(K8:L8) -> 1 | O8: =C8/(F8+J8) -> 0.30383017 | P8: =J8/(J8+F8) -> 0.29669774 | Q8: =I8/(F8+J8) -> 0.39947209 | R8: =O8+P8+Q8 -> 1 | T8: =H8/(J8+F8) -> 0.16039537 | U8: =J8/(J8+F8) -> 0.29669774 | V8: =I8/(F8+J8) -> 0.39947209 | W8: =SUM(T8:V8) -> 0.8565652
A9: Europe | B9: Atlantic Northeast, Mediterranean and Black sea | C9: 739 | D9: 12362 | E9: =SUM(C9:D9) -> 13101 | F9: 12523 | G9: =E9-F9 -> 578 | H9: =(C9-G9) -> 161 | I9: =(D9-G9) -> 11784 | J9: 5283 | K9: =(G9+H9)/(2*G9+H9+I9+J9) -> 0.040197998 | L9: =(G9+I9+J9)/(2*G9+H9+I9+J9) -> 0.959802 | M9: =SUM(K9:L9) -> 1 | O9: =C9/(F9+J9) -> 0.041502864 | P9: =J9/(J9+F9) -> 0.29669774 | Q9: =I9/(F9+J9) -> 0.66179939 | R9: =O9+P9+Q9 -> 1 | T9: =H9/(J9+F9) -> 0.009041896 | U9: =J9/(J9+F9) -> 0.29669774 | V9: =I9/(F9+J9) -> 0.66179939 | W9: =SUM(T9:V9) -> 0.96753903
A10: Africa + Middle East | B10: Atlantic eastern central, Mediterranean and Black sea, Atlantic Southeast, Indian Ocean Western | C10: 4787 | D10: 10808 | E10: =SUM(C10:D10) -> 15595 | F10: 12523 | G10: =E10-F10 -> 3072 | H10: =(C10-G10) -> 1715 | I10: =(D10-G10) -> 7736 | J10: 5283 | K10: =(G10+H10)/(2*G10+H10+I10+J10) -> 0.22928441 | L10: =(G10+I10+J10)/(2*G10+H10+I10+J10) -> 0.77071559 | M10: =SUM(K10:L10) -> 1 | O10: =C10/(F10+J10) -> 0.26884196 | P10: =J10/(J10+F10) -> 0.29669774 | Q10: =I10/(F10+J10) -> 0.43446029 | R10: =O10+P10+Q10 -> 1 | T10: =H10/(J10+F10) -> 0.096315849 | U10: =J10/(J10+F10) -> 0.29669774 | V10: =I10/(F10+J10) -> 0.43446029 | W10: =SUM(T10:V10) -> 0.82747389
A11: Central Asia | B11: Indian Ocean Western, Pacific Northwest | C11: 5601 | D11: 11181 | E11: =SUM(C11:D11) -> 16782 | F11: 12523 | G11: =E11-F11 -> 4259 | H11: =(C11-G11) -> 1342 | I11: =(D11-G11) -> 6922 | J11: 5283 | K11: =(G11+H11)/(2*G11+H11+I11+J11) -> 0.25384092 | L11: =(G11+I11+J11)/(2*G11+H11+I11+J11) -> 0.74615908 | M11: =SUM(K11:L11) -> 1 | O11: =C11/(F11+J11) -> 0.31455689 | P11: =J11/(J11+F11) -> 0.29669774 | Q11: =I11/(F11+J11) -> 0.38874537 | R11: =O11+P11+Q11 -> 1 | T11: =H11/(J11+F11) -> 0.075367854 | U11: =J11/(J11+F11) -> 0.29669774 | V11: =I11/(F11+J11) -> 0.38874537 | W11: =SUM(T11:V11) -> 0.76081096
A12: Southeast Asia | B12: Indian Ocean Eastern, Indian Ocean Western, Pacific Northwest, Pacific Western Central | C12: 7971 | D12: 7602 | E12: =SUM(C12:D12) -> 15573 | F12: 12523 | G12: =E12-F12 -> 3050 | H12: =(C12-G12) -> 4921 | I12: =(D12-G12) -> 4552 | J12: 5283 | K12: =(G12+H12)/(2*G12+H12+I12+J12) -> 0.38219217 | L12: =(G12+I12+J12)/(2*G12+H12+I12+J12) -> 0.61780783 | M12: =SUM(K12:L12) -> 1 | O12: =C12/(F12+J12) -> 0.44765809 | P12: =J12/(J12+F12) -> 0.29669774 | Q12: =I12/(F12+J12) -> 0.25564416 | R12: =O12+P12+Q12 -> 1 | T12: =H12/(J12+F12) -> 0.27636752 | U12: =J12/(J12+F12) -> 0.29669774 | V12: =I12/(F12+J12) -> 0.25564416 | W12: =SUM(T12:V12) -> 0.82870942
A13: Northern regions | B13: Arctic Sea, Atlantic North East, Atlantic Northwest, Pacific Northwest, Pacific Northeast | C13: 4662 | D13: 11954 | E13: =SUM(C13:D13) -> 16616 | F13: 12523 | G13: =E13-F13 -> 4093 | H13: =(C13-G13) -> 569 | I13: =(D13-G13) -> 7861 | J13: 5283 | K13: =(G13+H13)/(2*G13+H13+I13+J13) -> 0.21288643 | L13: =(G13+I13+J13)/(2*G13+H13+I13+J13) -> 0.78711357 | M13: =SUM(K13:L13) -> 1 | O13: =C13/(F13+J13) -> 0.26182186 | P13: =J13/(J13+F13) -> 0.29669774 | Q13: =I13/(F13+J13) -> 0.4414804 | R13: =O13+P13+Q13 -> 1 | T13: =H13/(J13+F13) -> 0.031955521 | U13: =J13/(J13+F13) -> 0.29669774 | V13: =I13/(F13+J13) -> 0.4414804 | W13: =SUM(T13:V13) -> 0.77013366
A14: Oceania | B14: Indian Ocean Eastern, Pacific Western Central, Pacific Southwest | C14: 3031 | D14: 10203 | E14: =SUM(C14:D14) -> 13234 | F14: 12523 | G14: =E14-F14 -> 711 | H14: =(C14-G14) -> 2320 | I14: =(D14-G14) -> 9492 | J14: 5283 | K14: =(G14+H14)/(2*G14+H14+I14+J14) -> 0.16368742 | L14: =(G14+I14+J14)/(2*G14+H14+I14+J14) -> 0.83631258 | M14: =SUM(K14:L14) -> 1 | O14: =C14/(F14+J14) -> 0.17022352 | P14: =J14/(J14+F14) -> 0.29669774 | Q14: =I14/(F14+J14) -> 0.53307874 | R14: =O14+P14+Q14 -> 1 | T14: =H14/(J14+F14) -> 0.13029316 | U14: =J14/(J14+F14) -> 0.29669774 | V14: =I14/(F14+J14) -> 0.53307874 | W14: =SUM(T14:V14) -> 0.96006964

Sheet 4.2.GEP
B2: Global extinction probability (GEP)
B4: GEP values calculated for each USEtox region and each ecosystem. The raw data sum of GEPs (per ecosystem) is not equal to 1 due to some grid cells being in two regions at the same time and therefore neglected in GEP region levels sums. The species group included correspond to the ones in Verones et al. (2022)
B8: normalized data (sum of GEPs=1) | H8: raw data | N8: species groups included
B9: USEtox_reg | C9: GEP_FW | D9: GEP_MAR | E9: GEP_TER | H9: raw data | I9: GEP_Plastics_USEtox_FW | J9: GEP_Plastics_USEtox_MAR | K9: GEP_Plastics_USEtox_TER | N9: Plastics_USEtox_MAR | O9: Plastics_USEtox_TER | P9: Plastics_USEtox_FW
B10: {=H10:H18} -> Southeast Asia | C10: =I10/I$19 -> 0.32834703 | D10: =J10/J$19 -> 0.18266153 | E10: =K10/K$19 -> 0.20716998 | H10: Southeast Asia | I10: 0.30052356 | J10: 0.17476836 | K10: 0.18787941 | N10: MAR_RayFinnedFish | O10: TER_VascularPlants | P10: FW_Plants
B11: Northern regions | C11: =I11/I$19 -> 0.0048053334 | D11: =J11/J$19 -> 0.002579814 | E11: =K11/K$19 -> 0.003286548 | H11: Northern regions | I11: 0.004398139 | J11: 0.002468335 | K11: 0.002980522 | N11: MAR_CartilaginousFish | O11: TER_Amphibians | P11: FW_Branchiopods
B12: Central Asia | C12: =I12/I$19 -> 0.0099781408 | D12: =J12/J$19 -> 0.018066338 | E12: =K12/K$19 -> 0.012068099 | H12: Central Asia | I12: 0.009132613 | J12: 0.017285655 | K12: 0.010944381 | N12: MAR_Cnidarians | O12: TER_Birds | P12: FW_Malacostracans
B13: Europe | C13: =I13/I$19 -> 0.040952246 | D13: =J13/J$19 -> 0.015125204 | E13: =K13/K$19 -> 0.022176711 | H13: Europe | I13: 0.037482034 | J13: 0.014471613 | K13: 0.020111733 | N13: MAR_Lobsters | O13: TER_Mammals | P13: FW_Molluscs
B14: Africa & Middle East | C14: =I14/I$19 -> 0.20853272 | D14: =J14/J$19 -> 0.097109148 | E14: =K14/K$19 -> 0.22053861 | H14: Africa & Middle East | I14: 0.19086207 | J14: 0.092912865 | K14: 0.20000322 | N14: MAR_Mammals | O14: TER_Reptiles | P14: FW_Fish
B15: North America | C15: =I15/I$19 -> 0.059054668 | D15: =J15/J$19 -> 0.021439842 | E15: =K15/K$19 -> 0.030145307 | H15: North America | I15: 0.054050493 | J15: 0.020513383 | K15: 0.027338335 | N15: MAR_Reptiles | P15: FW_Clitellates
B16: Oceania | C16: =I16/I$19 -> 0.044678071 | D16: =J16/J$19 -> 0.05794415 | E16: =K16/K$19 -> 0.079845996 | H16: Oceania | I16: 0.04089214 | J16: 0.055440266 | K16: 0.072411159 | N16: MAR_SeaCucumbers | P16: FW_Amphibians
B17: Latin America | C17: =I17/I$19 -> 0.30365179 | D17: =J17/J$19 -> 0.087638778 | E17: =K17/K$19 -> 0.42476875 | H17: Latin America | I17: 0.27792094 | J17: 0.083851729 | K17: 0.38521653 | N17: MAR_SeaGrasses | P17: FW_Arthropods
B18: open ocean | C18: =I18/I$19 -> 0 | D18: =J18/J$19 -> 0.51743519 | E18: =K18/K$19 -> 0 | H18: open ocean | J18: 0.49507577 | P18: FW_Birds
B19: SUM | C19: =SUM(C10:C18) -> 1 | D19: =SUM(D10:D18) -> 1 | E19: =SUM(E10:E18) -> 1 | H19: SUM | I19: =SUM(I10:I18) -> 0.91526199 | J19: =SUM(J10:J18) -> 0.95678797 | K19: =SUM(K10:K18) -> 0.90688529 | P19: FW_DragonfliesDamselflies
P20: FW_Fungi
P21: FW_Mammals
P22: FW_Reptiles

Sheet 4.3.polymer_emissions
H1: R input: | I1: polymer | J1: weighting_all_density | K1: weighting_low_density | L1: weighting_high_density
I2: EPS | J2: =_xlfn.XLOOKUP(I2,$B$9:$B$19,$E$9:$E$19,,0) -> 0.011085844 | K2: =_xlfn.XLOOKUP(I2,$B$29:$B$32,$D$29:$D$32,,0) -> 0.017038008 | L2: =_xlfn.XLOOKUP(I2,$B$37:$B$42,$D$37:$D$42,,0) -> #N/A
B3: Emissions by polymer type | I3: HDPE | J3: =_xlfn.XLOOKUP(I3,$B$9:$B$19,$E$9:$E$19,,0) -> 0.17055145 | K3: =_xlfn.XLOOKUP(I3,$B$29:$B$32,$D$29:$D$32,,0) -> 0.2621232 | L3: =_xlfn.XLOOKUP(I3,$B$37:$B$42,$D$37:$D$42,,0) -> #N/A
I4: LDPE | J4: =_xlfn.XLOOKUP(I4,$B$9:$B$19,$E$9:$E$19,,0) -> 0.26340724 | K4: =_xlfn.XLOOKUP(I4,$B$29:$B$32,$D$29:$D$32,,0) -> 0.40483472 | L4: =_xlfn.XLOOKUP(I4,$B$37:$B$42,$D$37:$D$42,,0) -> #N/A
B5: Worldwide annual emissions into the environment. | I5: PA_Nylon | J5: =_xlfn.XLOOKUP(I5,$B$9:$B$19,$E$9:$E$19,,0) -> 0.064620049 | K5: =_xlfn.XLOOKUP(I5,$B$29:$B$32,$D$29:$D$32,,0) -> #N/A | L5: =_xlfn.XLOOKUP(I5,$B$37:$B$42,$D$37:$D$42,,0) -> 0.18497423
I6: PET | J6: =_xlfn.XLOOKUP(I6,$B$9:$B$19,$E$9:$E$19,,0) -> 0.20750426 | K6: =_xlfn.XLOOKUP(I6,$B$29:$B$32,$D$29:$D$32,,0) -> #N/A | L6: =_xlfn.XLOOKUP(I6,$B$37:$B$42,$D$37:$D$42,,0) -> 0.59397884
B7: Default polymer | I7: PP | J7: =_xlfn.XLOOKUP(I7,$B$9:$B$19,$E$9:$E$19,,0) -> 0.20560925 | K7: =_xlfn.XLOOKUP(I7,$B$29:$B$32,$D$29:$D$32,,0) -> 0.31600408 | L7: =_xlfn.XLOOKUP(I7,$B$37:$B$42,$D$37:$D$42,,0) -> #N/A
B8: Fossil-based polymers | C8: Total amount of plastic released/year (Mt)* | D8: Proportion (%) | E8: Proportion without TRWP (%) | F8: Study used | I8: PS | J8: =_xlfn.XLOOKUP(I8,$B$9:$B$19,$E$9:$E$19,,0) -> 0.047375403 | K8: =_xlfn.XLOOKUP(I8,$B$29:$B$32,$D$29:$D$32,,0) -> #N/A | L8: =_xlfn.XLOOKUP(I8,$B$37:$B$42,$D$37:$D$42,,0) -> 0.13561161
B9: EPS | C9: =[4]studies_review!C34*0.000001 -> 0.117 | D9: =C9/$C$20 -> 0.0094706168 | E9: =C9/$C$21 -> 0.011085844 | F9: Schwarz et al. 2023 | I9: PVC | J9: =_xlfn.XLOOKUP(I9,$B$9:$B$19,$E$9:$E$19,,0) -> 0.029846504 | K9: =_xlfn.XLOOKUP(I9,$B$29:$B$32,$D$29:$D$32,,0) -> #N/A | L9: =_xlfn.XLOOKUP(I9,$B$37:$B$42,$D$37:$D$42,,0) -> 0.085435313
B10: HDPE | C10: =[4]studies_review!C30*0.000001 -> 1.8 | D10: =C10/$C$20 -> 0.1457018 | E10: =C10/$C$21 -> 0.17055145 | F10: Schwarz et al. 2023 | I10: PU | J10: =_xlfn.XLOOKUP(I10,$B$9:$B$19,$E$9:$E$19,,0) -> 0 | K10: =_xlfn.XLOOKUP(I10,$B$29:$B$32,$D$29:$D$32,,0) -> #N/A | L10: =_xlfn.XLOOKUP(I10,$B$37:$B$42,$D$37:$D$42,,0) -> 0
B11: LDPE | C11: =[4]studies_review!C31*0.000001 -> 2.78 | D11: =C11/$C$20 -> 0.22502833 | E11: =C11/$C$21 -> 0.26340724 | F11: Schwarz et al. 2023 | I11: PAN | J11: =_xlfn.XLOOKUP(I11,$B$9:$B$19,$E$9:$E$19,,0) -> 0 | K11: =_xlfn.XLOOKUP(I11,$B$29:$B$32,$D$29:$D$32,,0) -> #N/A | L11: =_xlfn.XLOOKUP(I11,$B$37:$B$42,$D$37:$D$42,,0) -> 0
B12: PA_Nylon | C12: =[4]studies_review!C51 -> 0.682 | D12: =C12/$C$20 -> 0.055204792 | E12: =C12/$C$21 -> 0.064620049 | F12: Ryberg et al. 2019 | I12: TRWP | J12: =_xlfn.XLOOKUP(I12,$B$9:$B$19,$E$9:$E$19,,0) -> 0 | K12: =_xlfn.XLOOKUP(I12,$B$29:$B$32,$D$29:$D$32,,0) -> #N/A | L12: =_xlfn.XLOOKUP(I12,$B$37:$B$42,$D$37:$D$42,,0) -> #N/A
B13: PET | C13: =[4]studies_review!C37*0.000001 -> 2.19 | D13: =C13/$C$20 -> 0.17727052 | E13: =C13/$C$21 -> 0.20750426 | F13: Schwarz et al. 2023
B14: PP | C14: =[4]studies_review!C32*0.000001 -> 2.17 | D14: =C14/$C$20 -> 0.17565161 | E14: =C14/$C$21 -> 0.20560925 | F14: Schwarz et al. 2023
B15: PS | C15: =[4]studies_review!C16 -> 0.5 | D15: =C15/$C$20 -> 0.040472721 | E15: =C15/$C$21 -> 0.047375403 | F15: Hoseini and Bond 2022
B16: PVC | C16: =[4]studies_review!C35*0.000001 -> 0.315 | D16: =C16/$C$20 -> 0.025497814 | E16: =C16/$C$21 -> 0.029846504 | F16: Schwarz et al. 2023
B17: PU | C17: ND** | D17: 0 | E17: 0
B18: PAN | C18: ND | D18: 0 | E18: 0
B19: TRWP | C19: =[4]studies_review!C20 -> 1.8 | D19: =C19/$C$20 -> 0.1457018 | F19: Hoseini and Bond 2022
B20: Total | C20: =SUM(C9:C19) -> 12.354 | D20: =C20/$C$20 -> 1
B21: Total without TRWP | C21: =SUM(C9:C18) -> 10.554 | E21: =SUM(E9:E16) -> 1
B23: *If a polymer is present in the 3 studies considered, the maximum value out of the 3 studies is chosen.
B24: **ND = No Data
B25: values selected for the study
B27: Default polymer - low density
B28: Fossil-based polymers | C28: Total amount of plastic released/year (Mt)* | D28: Proportion (%) | E28: Study used
B29: EPS | C29: =C9 -> 0.117 | D29: =C29/$C$33 -> 0.017038008 | E29: Schwarz et al. 2023
B30: HDPE | C30: =C10 -> 1.8 | D30: =C30/$C$33 -> 0.2621232 | E30: Schwarz et al. 2023
B31: LDPE | C31: =C11 -> 2.78 | D31: =C31/$C$33 -> 0.40483472 | E31: Schwarz et al. 2023
B32: PP | C32: =C14 -> 2.17 | D32: =C32/$C$33 -> 0.31600408 | E32: Schwarz et al. 2023
B33: Total | C33: =SUM(C29:C32) -> 6.867 | D33: =C33/$C$33 -> 1
B35: Default polymer - high density
B36: Fossil-based polymers | C36: Total amount of plastic released/year (Mt)* | D36: Proportion (%) | E36: Study used
B37: PA_Nylon | C37: =C12 -> 0.682 | D37: =C37/$C$43 -> 0.18497423 | E37: Ryberg et al. 2019
B38: PET | C38: =C13 -> 2.19 | D38: =C38/$C$43 -> 0.59397884 | E38: Schwarz et al. 2023
B39: PS | C39: =C15 -> 0.5 | D39: =C39/$C$43 -> 0.13561161 | E39: Hoseini and Bond 2022
B40: PVC | C40: =C16 -> 0.315 | D40: =C40/$C$43 -> 0.085435313 | E40: Schwarz et al. 2023
B41: PU | C41: ND
B42: PAN | C42: ND
B43: Total | C43: =SUM(C37:C40) -> 3.687 | D43: =C43/$C$43 -> 1

Sheet 5.1.usetox_ef
A1: CAS_Harmonized | B1: HC20_gpL
A2: 93763-87-2 | B2: 6.8726143
A3: 91722-10-0 | B3: 2.2308159
A4: 492-62-6 | B4: 2.0748861
A5: 65996-71-6 | B5: 1.8413602
A6: 13963-57-0 | B6: 1.7582068
A7: 65996-69-2 | B7: 1.6966044
A8: 2370-88-9 | B8: 1.5330197
A9: 4316-74-9 | B9: 1.1889994
A10: 14038-43-8 | B10: 0.9120791
A11: 12111-24-9 | B11: 0.83936849
A12: 7681-38-1 | B12: 0.62785221
A13: 100-79-8 | B13: 0.46926854
... A9863: 6517-25-5 | B9863: 2.3090599e-09

Sheet References
B2: References
B4: Chamas et al. (2020) | C4: Chamas, A., Moon, H., Zheng, J., Qiu, Y., Tabassum, T., Jang, J. H., Abu-Omar, M., Scott, S. L., & Suh, S. (2020). Degradation Rates of Plastics in the Environment. ACS Sustainable Chemistry & Engineering, 8(9), 3494–3511. https://doi.org/10.1021/acssuschemeng.9b06635
B5: Corella-Puertas et al. (2023) | C5: Corella-Puertas, E., Hajjar, C., Lavoie, J., & Boulay, A.-M. (2023). MarILCA characterization factors for microplastic impacts in life cycle assessment: Physical effects on biota from emissions to aquatic environments. Journal of Cleaner Production, 418, 138197. https://doi.org/10.1016/j.jclepro.2023.138197
B6: Douziech et al. (2024) | C6: Douziech, M., Oginah, S. A., Golsteijn, L., Hauschild, M. Z., Jolliet, O., Owsianiak, M., Posthuma, L., & Fantke, P. (2024). Characterizing Freshwater Ecotoxicity of More Than 9000 Chemicals by Combining Different Levels of Available Measured Test Data with In Silico Predictions. Environmental Toxicology and Chemistry, 43(8), 1914–1927. https://doi.org/10.1002/etc.5929
B7: Fantke et al. (2017) | C7: Fantke, P., Bijster, M., Guignard, C., Hauschild, M. Z., Huijbregts, M. A. J., Jolliet, O., Kounina, A., Magaud, V., Margni, M., Mckone, T., Posthuma, L., Rosenbaum, R. K., van de Meent, D., van Zelm, R., & Fantke, P. (2017). USEtox 2.0: Documentation (Version 1). USEtox International Center. https://doi.org/10.11581/DTU:00000011
B8: Galafton et al. (2026) | C8: Galafton, C., Zantis, L. J., Thonemann, N., & Vijver, M. G. (2026). Terrestrial ecotoxicity of plastics: Effect factors for life cycle impact assessment. ChemRxiv, (0309). https://doi.org/10.26434/chemrxiv.15000718/v1
B9: Hajjar et al. (2025) | C9: Hajjar, C., Bulle, C., Agez, M., Corella-Puertas, E., & Boulay, A.-M. (2025). Identifying influencing physical and environmental parameters on fate and characterization factors for microplastic emissions in the marine environment. The International Journal of Life Cycle Assessment. https://doi.org/10.1007/s11367-024-02421-8
B10: Kounina et al. (2014) | C10: Kounina, A., Margni, M., Shaked, S., Bulle, C., & Jolliet, O. (2014). Spatial analysis of toxic emissions in LCA: A sub-continental nested USEtox model with freshwater archetypes. Environment International, 69, 67–89. https://doi.org/10.1016/j.envint.2014.04.004
B11: Lehner et al. (2022) | C11: Lehner, B., Messager, M. L., Korver, M. C., & Linke, S. (2022). Global hydro-environmental lake characteristics at high spatial resolution. Scientific Data, 9(1), 351. https://doi.org/10.1038/s41597-022-01425-z
B12: Li et al. (2010) | C12: Li, L., Frey, M., & Browning, K. J. (2010). Biodegradability Study on Cotton and Polyester Fabrics. Journal of Engineered Fibers and Fabrics, 5(4), 155892501000500406. https://doi.org/10.1177/155892501000500406
B13: Linke et al. (2019) | C13: Linke, S., Lehner, B., Ouellet Dallaire, C., Ariwi, J., Grill, G., Anand, M., Beames, P., Burchard-Levine, V., Maxwell, S., Moidu, H., Tan, F., & Thieme, M. (2019). Global hydro-environmental sub-basin and river reach characteristics at high spatial resolution. Scientific Data, 6(1), 283. https://doi.org/10.1038/s41597-019-0300-6
B14: Lott et al. (2025) | C14: Lott, C., Berning, A., Eckerle, V., Rupp, A.-S., Rau, J., Suaria, G., Borghini, M., Miserocchi, S., Mendoza, F. P. de, Giglio, F., Lasut, M., Eich, A., & Weber, M. (2025). Native and regenerated cellulose show similar environmental biodegradation behavior across global terrestrial and aquatic ecosystems (p. 2025.12.24.696393). bioRxiv. https://doi.org/10.64898/2025.12.24.696393
B15: Louvet et al. (2026) | C15: Louvet, J., Quik, J. T. K., & Boulay, A.-M. (2026). Regionalized characterization factors for microplastic emissions in life cycle assessment considering multimedia fate modelling. Journal of Cleaner Production, 538, 147217. https://doi.org/10.1016/j.jclepro.2025.147217
... B22: Verones et al. (2022) | C22: Verones, F., Kuipers, K., Núñez, M., Rosa, F., Scherer, L., Marques, A., Michelsen, O., Barbarossa, V., Jaffe, B., Pfister, S., & Dorber, M. (2022). Global extinction probabilities of terrestrial, freshwater, and marine species groups for use in Life Cycle Assessment. Ecological Indicators, 142, 109204. https://doi.org/10.1016/j.ecolind.2022.109204
