Workbook
Name AREAland.C: [1]input!$L$287
Name AREAland.R: [1]input!$L$259
Name AREAsea.C: [1]input!$L$288
Name AREAsea.R: [1]input!$L$260
Name DEPTHfreshwater.C: [1]input!$L$300
Name DEPTHfreshwater.R: [1]input!$L$270
Name DEPTHlake.C: [1]input!$L$299
Name DEPTHlake.R: [1]input!$L$269
Name FRACagsoil.C: [1]input!$L$294
Name FRACfresh.C: [1]input!$L$292
Name FRAClake.C: [1]input!$L$291
Name FRACnatsoil.C: [1]input!$L$293
Name FRACothersoil.C: [1]input!$L$295
Name période_sélectionnée: [2]Echéancier!$H$2
Name PériodeDansPlan: [2]Echéancier!A$5=MEDIAN([2]Echéancier!A$5,[2]Echéancier!$C1,[2]Echéancier!$C1+[2]Echéancier!$D1-1)
Name PériodeDansRéel: [2]Echéancier!A$5=MEDIAN([2]Echéancier!A$5,[2]Echéancier!$E1,[2]Echéancier!$E1+[2]Echéancier!$F1-1)
Name Plan: PériodeDansPlan*([2]Echéancier!$C1>0)
Name PourcentageAccompli: PourcentageAccompliAuDelà*PériodeDansPlan
Name Réel: (PériodeDansRéel*([2]Echéancier!$E1>0))*PériodeDansPlan
Name RéelAuDelà: PériodeDansRéel*([2]Echéancier!$E1>0)
Name RegionBaseRowNr: [3]Run!$F$10
Name SYSTEMAREA.C: [1]continental!$L$16
Name SYSTEMAREA.R: [1]regional!$L$16

Sheet description
B3: SUPPORTING INFORMATION FOR:
B5: Saadi, N., Hajjar, C., Ospital, L., Quik, J., Corella-Puertas, E., Hids, A., Lebrun, M., Louvet, J., Tang, Y., Thonemann, N., Boulay, A.-M. (under review). MarILCA Characterization Factors for Microplastics, Tire Particles and Cellulosic Fibers in Life Cycle Assessment : Regionalized impacts in marine, freshwater and terrestrial ecosystems.
B9: Description:
B10: Supplementary information with derivation of input data for SimpleBox object-oriented (SBoo): degradation data, landscape data, UV intensity calculations, exposure and effect factors (EEFs), Species richness distribution.
B14: Table of content | D14: Description
B15: 1. Degradation data | D15: - Specific surface degradation rates (SSDRs) obtained in literature or derived in previous studies, per compartment and per polymer. A range of values is given to reprsent the full range of degradation rate data available, used in the uncertainty analysis. - PlasticFADE degradation model data given in Tang & Boulay (under reivew). SimpleBox uses these inputs by default, if available for a specific polymer.
C16: 1.1. SSDRs for water compartments
C17: 1.2. SSDRs for sediment compartments
C18: 1.3. SSDRs for soil compartments
C19: 1.4. PlasticFADE constants
B20: 2. Transfer rates in the marine environment | D20: Default sedimentation rates are input when SBoo returns a settling velocity of 0 m/s (for particles with density lower than that of water). However, for the marine environment, these default settling velocities are not used, as TrackMPD is used to derive settling velocities from water surface to water column, from water column to sediments, at continental and global scales. These settling velocities can be found here.
C21: 2.1. Default sedimentation rates for low density polymers
C22: 2.2. TrackMPD results
B23: 3. SimpleBox object-oriented input | D23: SimpleBox directly reads these sheets to retrive data for fate factors and characterization factors calculations. The sheet contains regional landscape data (e.g. rainrate, wind speed, depth of compartments), polymer data (e.g. degradation rates, density), TrackMPD transfer rates, exposure and effect data (in water, soil, and sediments), and confidence intervals (distribution) when available.
C24: 3.1. Regional landscape data
C25: 3.2. Polymer data
C26: 3.3. Polymer data for uncertainty analysis
C27: 3.4. Exposure and effect factors per compartment with their distribution
C28: 3.5. TrackMPD transfer rates between marine compartments
B29: 4.1. Aggregation data | D29: - Data used to derive the percentage of species in marine environments, for each continent and the global scale (IUCN). - GEP values per continent, per ecosystem used for GLAM compatible units. - Data on emissions to the environment, per polymer type. The ratio of emissions is used for polymer emission-weighted average CFs.
C30: 4.1. Marine species richness data
C31: 4.2. Global exctinction probability (GEP)
C32: 4.3. Polymer emissions data for default CFs
B33: 5. USEtox data | D33: USEtox HC20s for water, used to compare to the HC20 of microplastics. Only used to generate graphs. Data taken from Douziech et al. (2024).
C34: 5.1. Effect factors
C35: 5.2. Characterization factors
B36: References | D36: References to the data used in each sheet.

Sheet 1.1.SSDR_water
B2: SSDR water
B4: SSDR values are taken from Louvet et al. (2026), Saadi et al. (2025), Saadi & Boulay (2026), and Corella-Puertas et al. (2023). SBoo requires [m/s] as an input for Kssdr. It is assumed that SSDRs are log-normally distributed (Corella-Puertas et al., 2023), and that the lower to upper limit represents the 99% confidence interval (CI), from which the distribution parameters are derived and used as an input in SBoo (for probabilistic solver). However, when plasticFADE model empirical degradation constants (and their CI) are available, they are used as input to compute degradation rates, ignoring the values below.
I5: log-normal distribution | J5: z_0.995 = | K5: 2.576
B6: Polymer type | C6: Geometric mean SSDR [µm/year] | D6: Lower limit SSDR [µm/year] | E6: Upper limit SSDR [µm/year] | F6: Geometric mean SSDR [m/s] | G6: Lower limit SSDR [m/s] | H6: Upper limit SSDR [m/s] | I6: mu | J6: sigma
B7: EPS | C7: =GEOMEAN(D7,E7) -> 0.031622777 | D7: 0.001 | E7: 1 | F7: =GEOMEAN(G7:H7) -> 1.0027517e-15 | G7: =(D7*0.000001)/(365*24*3600) -> 3.1709792e-17 | H7: =(E7*0.000001)/(365*24*3600) -> 3.1709792e-14 | I7: =LN(F7) -> -34.536029 | J7: =(LN(H7)-LN(G7))/(2*$K$5) -> 1.340791
B8: HDPE | C8: =GEOMEAN(D8,E8) -> 0.10954451 | D8: 0.001 | E8: 12 | F8: =GEOMEAN(G8:H8) -> 3.4736337e-15 | G8: =(D8*0.000001)/(365*24*3600) -> 3.1709792e-17 | H8: =(E8*0.000001)/(365*24*3600) -> 3.805175e-13 | I8: =LN(F8) -> -33.293575 | J8: =(LN(H8)-LN(G8))/(2*$K$5) -> 1.8231098
B9: LDPE | C9: =GEOMEAN(D9,E9) -> 0.19498718 | D9: 0.001 | E9: 38.02 | F9: =GEOMEAN(G9:H9) -> 6.1830029e-15 | G9: =(D9*0.000001)/(365*24*3600) -> 3.1709792e-17 | H9: =(E9*0.000001)/(365*24*3600) -> 1.2056063e-12 | I9: =LN(F9) -> -32.716972 | J9: =(LN(H9)-LN(G9))/(2*$K$5) -> 2.0469464
B10: PA_Nylon | C10: =GEOMEAN(D10,E10) -> 3.2 | D10: 0.032 | E10: 320 | F10: =GEOMEAN(G10:H10) -> 1.0147133e-13 | G10: =(D10*0.000001)/(365*24*3600) -> 1.0147133e-15 | H10: =(E10*0.000001)/(365*24*3600) -> 1.0147133e-11 | I10: =LN(F10) -> -29.919 | J10: =(LN(H10)-LN(G10))/(2*$K$5) -> 1.7877213
B11: PET | C11: =GEOMEAN(D11,E11) -> 0.32403703 | D11: 0.001 | E11: 105 | F11: =GEOMEAN(G11:H11) -> 1.0275147e-14 | G11: =(D11*0.000001)/(365*24*3600) -> 3.1709792e-17 | H11: =(E11*0.000001)/(365*24*3600) -> 3.3295282e-12 | I11: =LN(F11) -> -32.209048 | J11: =(LN(H11)-LN(G11))/(2*$K$5) -> 2.2441218
B12: PP | C12: =GEOMEAN(D12,E12) -> 1.2328828 | D12: 0.2 | E12: 7.6 | F12: =GEOMEAN(G12:H12) -> 3.9094457e-14 | G12: =(D12*0.000001)/(365*24*3600) -> 6.3419584e-15 | H12: =(E12*0.000001)/(365*24*3600) -> 2.4099442e-13 | I12: =LN(F12) -> -30.872796 | J12: =(LN(H12)-LN(G12))/(2*$K$5) -> 0.70605321
B13: PS | C13: =GEOMEAN(D13,E13) -> 0.031622777 | D13: 0.001 | E13: 1 | F13: =GEOMEAN(G13:H13) -> 1.0027517e-15 | G13: =(D13*0.000001)/(365*24*3600) -> 3.1709792e-17 | H13: =(E13*0.000001)/(365*24*3600) -> 3.1709792e-14 | I13: =LN(F13) -> -34.536029 | J13: =(LN(H13)-LN(G13))/(2*$K$5) -> 1.340791
B14: PVC | C14: =GEOMEAN(D14,E14) -> 0.01 | D14: 0.001 | E14: 0.1 | F14: =GEOMEAN(G14:H14) -> 3.1709792e-16 | G14: =(D14*0.000001)/(365*24*3600) -> 3.1709792e-17 | H14: =(E14*0.000001)/(365*24*3600) -> 3.1709792e-15 | I14: =LN(F14) -> -35.687321 | J14: =(LN(H14)-LN(G14))/(2*$K$5) -> 0.89386067
B15: PU | C15: =GEOMEAN(D15,E15) -> 0.25248762 | D15: 0.001 | E15: 63.75 | F15: =GEOMEAN(G15:H15) -> 8.00633e-15 | G15: =(D15*0.000001)/(365*24*3600) -> 3.1709792e-17 | H15: =(E15*0.000001)/(365*24*3600) -> 2.0214992e-12 | I15: =LN(F15) -> -32.458544 | J15: =(LN(H15)-LN(G15))/(2*$K$5) -> 2.1472679
B16: PAN | C16: =GEOMEAN(D16,E16) -> 0.01 | D16: 0.001 | E16: 0.1 | F16: =GEOMEAN(G16:H16) -> 3.1709792e-16 | G16: =(D16*0.000001)/(365*24*3600) -> 3.1709792e-17 | H16: =(E16*0.000001)/(365*24*3600) -> 3.1709792e-15 | I16: =LN(F16) -> -35.687321 | J16: =(LN(H16)-LN(G16))/(2*$K$5) -> 0.89386067
B17: TRWP | C17: - | D17: - | E17: - | F17: =GEOMEAN(G17:H17) -> 3.3287916e-15 | G17: 3.16881e-17 | H17: 3.49685e-13 | I17: =LN(F17) -> -33.336167 | J17: =(LN(H17)-LN(G17))/(2*$K$5) -> 1.8068414
B18: PHA | C18: =GEOMEAN(D18,E18) -> 112.62327 | D18: 7.55 | E18: 1680 | F18: =GEOMEAN(G18:H18) -> 3.5712603e-12 | G18: =(D18*0.000001)/(365*24*3600) -> 2.3940893e-13 | H18: =(E18*0.000001)/(365*24*3600) -> 5.3272451e-11 | I18: =LN(F18) -> -26.358103 | J18: =(LN(H18)-LN(G18))/(2*$K$5) -> 1.0491074
B19: PLA | C19: =GEOMEAN(D19,E19) -> 0.08660254 | D19: 0.001 | E19: 7.5 | F19: =GEOMEAN(G19:H19) -> 2.7461485e-15 | G19: =(D19*0.000001)/(365*24*3600) -> 3.1709792e-17 | H19: =(E19*0.000001)/(365*24*3600) -> 2.3782344e-13 | I19: =LN(F19) -> -33.528577 | J19: =(LN(H19)-LN(G19))/(2*$K$5) -> 1.7318824
B20: PCL | C20: =GEOMEAN(D20,E20) -> 14.839903 | D20: 1.31416 | E20: 167.5768 | F20: =GEOMEAN(G20:H20) -> 4.7057024e-13 | G20: =(D20*0.000001)/(365*24*3600) -> 4.167174e-14 | H20: =(E20*0.000001)/(365*24*3600) -> 5.3138255e-12 | I20: =LN(F20) -> -28.384831 | J20: =(LN(H20)-LN(G20))/(2*$K$5) -> 0.94104116
B21: PBSA | C21: =GEOMEAN(D21,E21) -> 1.5655184 | D21: 0.608 | E21: 4.031 | F21: =GEOMEAN(G21:H21) -> 4.9642264e-14 | G21: =(D21*0.000001)/(365*24*3600) -> 1.9279554e-14 | H21: =(E21*0.000001)/(365*24*3600) -> 1.2782217e-13 | I21: =LN(F21) -> -30.633934 | J21: =(LN(H21)-LN(G21))/(2*$K$5) -> 0.36715739
B22: starch_blend | C22: 101.29 | D22: =C22/10 -> 10.129 | E22: =C22*10 -> 1012.9 | F22: =GEOMEAN(G22:H22) -> 3.2118848e-12 | G22: =(D22*0.000001)/(365*24*3600) -> 3.2118848e-13 | H22: =(E22*0.000001)/(365*24*3600) -> 3.2118848e-11 | I22: =LN(F22) -> -26.464163 | J22: =(LN(H22)-LN(G22))/(2*$K$5) -> 0.89386067
B23: PBAT | C23: =GEOMEAN(D23,E23) -> 11.752936 | D23: 10.27 | E23: 13.45 | F23: =GEOMEAN(G23:H23) -> 3.7268315e-13 | G23: =(D23*0.000001)/(365*24*3600) -> 3.2565956e-13 | H23: =(E23*0.000001)/(365*24*3600) -> 4.264967e-13 | I23: =LN(F23) -> -28.618048 | J23: =(LN(H23)-LN(G23))/(2*$K$5) -> 0.052358712
B24: Cotton | C24: =GEOMEAN(D24,E24) -> 18.300786 | D24: 5.9971847 | E24: 55.845997 | F24: =GEOMEAN(G24:H24) -> 5.8031411e-13 | G24: =(D24*0.000001)/(365*24*3600) -> 1.9016948e-13 | H24: =(E24*0.000001)/(365*24*3600) -> 1.770865e-12 | I24: =LN(F24) -> -28.175207 | J24: =(LN(H24)-LN(G24))/(2*$K$5) -> 0.43309544
B25: Linen | C25: =GEOMEAN(D25,E25) -> 32.689902 | D25: 21.74 | E25: 49.155 | F25: =GEOMEAN(G25:H25) -> 1.03659e-12 | G25: =(D25*0.000001)/(365*24*3600) -> 6.8937088e-13 | H25: =(E25*0.000001)/(365*24*3600) -> 1.5586948e-12 | I25: =LN(F25) -> -27.595085 | J25: =(LN(H25)-LN(G25))/(2*$K$5) -> 0.15835107
B26: Viscose | C26: =GEOMEAN(D26,E26) -> 24.559331 | D26: 21.922321 | E26: 27.513544 | F26: =GEOMEAN(G26:H26) -> 7.7877128e-13 | G26: =(D26*0.000001)/(365*24*3600) -> 6.9515223e-13 | H26: =(E26*0.000001)/(365*24*3600) -> 8.7244877e-13 | I26: =LN(F26) -> -27.881059 | J26: =(LN(H26)-LN(G26))/(2*$K$5) -> 0.044094154
B27: Rayon | C27: =GEOMEAN(D27,E27) -> 24.559331 | D27: 21.922321 | E27: 27.513544 | F27: =GEOMEAN(G27:H27) -> 7.7877128e-13 | G27: =(D27*0.000001)/(365*24*3600) -> 6.9515223e-13 | H27: =(E27*0.000001)/(365*24*3600) -> 8.7244877e-13 | I27: =LN(F27) -> -27.881059 | J27: =(LN(H27)-LN(G27))/(2*$K$5) -> 0.044094154
B28: Lyocell | C28: =GEOMEAN(D28,E28) -> 39.899771 | D28: 37.799367 | E28: 42.116889 | F28: =GEOMEAN(G28:H28) -> 1.2652134e-12 | G28: =(D28*0.000001)/(365*24*3600) -> 1.1986101e-12 | H28: =(E28*0.000001)/(365*24*3600) -> 1.3355178e-12 | I28: =LN(F28) -> -27.39578 | J28: =(LN(H28)-LN(G28))/(2*$K$5) -> 0.020993104
B29: Modal | C29: =GEOMEAN(D29,E29) -> 51.909814 | D29: 49.834159 | E29: 54.071923 | F29: =GEOMEAN(G29:H29) -> 1.6460494e-12 | G29: =(D29*0.000001)/(365*24*3600) -> 1.5802308e-12 | H29: =(E29*0.000001)/(365*24*3600) -> 1.7146094e-12 | I29: =LN(F29) -> -27.132643 | J29: =(LN(H29)-LN(G29))/(2*$K$5) -> 0.015841305

Sheet 1.2.SSDR_sediment
B2: SSDR sediment
B4: SSDR values are taken from Louvet et al. (2026), Saadi et al. (2025), Saadi & Boulay (2026), and Corella-Puertas et al. (2023). SBoo requires [m/s] as an input for Kssdr. It is assumed that SSDRs are log-normally distributed (Corella-Puertas et al., 2023), and that the lower to upper limit represents the 99% confidence interval (CI), from which the distribution parameters are derived and used as an input in SBoo (for probabilistic solver). However, when plasticFADE model empirical degradation constants (and their CI) are available, they are used as input to compute degradation rates, ignoring the values below.
I5: log-normal distribution | J5: z_0.995 = | K5: 2.576
B6: Polymer type | C6: Geometric mean SSDR [µm/year] | D6: Lower limit SSDR [µm/year] | E6: Upper limit SSDR [µm/year] | F6: Geometric mean SSDR [m/s] | G6: Lower limit SSDR [m/s] | H6: Upper limit SSDR [m/s] | I6: mu | J6: sigma
B7: EPS | C7: =GEOMEAN(D7,E7) -> 0.031622777 | D7: 0.001 | E7: 1 | F7: =GEOMEAN(G7:H7) -> 1.0027517e-15 | G7: =(D7*0.000001)/(365*24*3600) -> 3.1709792e-17 | H7: =(E7*0.000001)/(365*24*3600) -> 3.1709792e-14 | I7: =LN(F7) -> -34.536029 | J7: =(LN(H7)-LN(G7))/(2*$K$5) -> 1.340791
B8: HDPE | C8: =GEOMEAN(D8,E8) -> 0.10954451 | D8: 0.001 | E8: 12 | F8: =GEOMEAN(G8:H8) -> 3.4736337e-15 | G8: =(D8*0.000001)/(365*24*3600) -> 3.1709792e-17 | H8: =(E8*0.000001)/(365*24*3600) -> 3.805175e-13 | I8: =LN(F8) -> -33.293575 | J8: =(LN(H8)-LN(G8))/(2*$K$5) -> 1.8231098
B9: LDPE | C9: =GEOMEAN(D9,E9) -> 0.70413067 | D9: 0.67 | E9: 0.74 | F9: =GEOMEAN(G9:H9) -> 2.2327837e-14 | G9: =(D9*0.000001)/(365*24*3600) -> 2.1245561e-14 | H9: =(E9*0.000001)/(365*24*3600) -> 2.3465246e-14 | I9: =LN(F9) -> -31.432942 | J9: =(LN(H9)-LN(G9))/(2*$K$5) -> 0.019288135
B10: PA_Nylon | C10: =GEOMEAN(D10,E10) -> 3.2 | D10: 0.032 | E10: 320 | F10: =GEOMEAN(G10:H10) -> 1.0147133e-13 | G10: =(D10*0.000001)/(365*24*3600) -> 1.0147133e-15 | H10: =(E10*0.000001)/(365*24*3600) -> 1.0147133e-11 | I10: =LN(F10) -> -29.919 | J10: =(LN(H10)-LN(G10))/(2*$K$5) -> 1.7877213
B11: PET | C11: =GEOMEAN(D11,E11) -> 0.32403703 | D11: 0.001 | E11: 105 | F11: =GEOMEAN(G11:H11) -> 1.0275147e-14 | G11: =(D11*0.000001)/(365*24*3600) -> 3.1709792e-17 | H11: =(E11*0.000001)/(365*24*3600) -> 3.3295282e-12 | I11: =LN(F11) -> -32.209048 | J11: =(LN(H11)-LN(G11))/(2*$K$5) -> 2.2441218
B12: PP | C12: =GEOMEAN(D12,E12) -> 1.2328828 | D12: 0.2 | E12: 7.6 | F12: =GEOMEAN(G12:H12) -> 3.9094457e-14 | G12: =(D12*0.000001)/(365*24*3600) -> 6.3419584e-15 | H12: =(E12*0.000001)/(365*24*3600) -> 2.4099442e-13 | I12: =LN(F12) -> -30.872796 | J12: =(LN(H12)-LN(G12))/(2*$K$5) -> 0.70605321
B13: PS | C13: =GEOMEAN(D13,E13) -> 0.031622777 | D13: 0.001 | E13: 1 | F13: =GEOMEAN(G13:H13) -> 1.0027517e-15 | G13: =(D13*0.000001)/(365*24*3600) -> 3.1709792e-17 | H13: =(E13*0.000001)/(365*24*3600) -> 3.1709792e-14 | I13: =LN(F13) -> -34.536029 | J13: =(LN(H13)-LN(G13))/(2*$K$5) -> 1.340791
B14: PVC | C14: =GEOMEAN(D14,E14) -> 0.01 | D14: 0.001 | E14: 0.1 | F14: =GEOMEAN(G14:H14) -> 3.1709792e-16 | G14: =(D14*0.000001)/(365*24*3600) -> 3.1709792e-17 | H14: =(E14*0.000001)/(365*24*3600) -> 3.1709792e-15 | I14: =LN(F14) -> -35.687321 | J14: =(LN(H14)-LN(G14))/(2*$K$5) -> 0.89386067
B15: PU | C15: =GEOMEAN(D15,E15) -> 0.25248762 | D15: 0.001 | E15: 63.75 | F15: =GEOMEAN(G15:H15) -> 8.00633e-15 | G15: =(D15*0.000001)/(365*24*3600) -> 3.1709792e-17 | H15: =(E15*0.000001)/(365*24*3600) -> 2.0214992e-12 | I15: =LN(F15) -> -32.458544 | J15: =(LN(H15)-LN(G15))/(2*$K$5) -> 2.1472679
B16: PAN | C16: =GEOMEAN(D16,E16) -> 0.01 | D16: 0.001 | E16: 0.1 | F16: =GEOMEAN(G16:H16) -> 3.1709792e-16 | G16: =(D16*0.000001)/(365*24*3600) -> 3.1709792e-17 | H16: =(E16*0.000001)/(365*24*3600) -> 3.1709792e-15 | I16: =LN(F16) -> -35.687321 | J16: =(LN(H16)-LN(G16))/(2*$K$5) -> 0.89386067
B17: TRWP | C17: - | D17: - | E17: - | F17: =GEOMEAN(G17:H17) -> 3.3287916e-15 | G17: 3.16881e-17 | H17: 3.49685e-13 | I17: =LN(F17) -> -33.336167 | J17: =(LN(H17)-LN(G17))/(2*$K$5) -> 1.8068414
B18: PHA | C18: =GEOMEAN(D18,E18) -> 6.1773214 | D18: 0.23 | E18: 165.91 | F18: =GEOMEAN(G18:H18) -> 1.9588158e-13 | G18: =(D18*0.000001)/(365*24*3600) -> 7.2932522e-15 | H18: =(E18*0.000001)/(365*24*3600) -> 5.2609716e-12 | I18: =LN(F18) -> -29.261266 | J18: =(LN(H18)-LN(G18))/(2*$K$5) -> 1.2773916
B19: PLA | C19: =GEOMEAN(D19,E19) -> 0.08660254 | D19: 0.001 | E19: 7.5 | F19: =GEOMEAN(G19:H19) -> 2.7461485e-15 | G19: =(D19*0.000001)/(365*24*3600) -> 3.1709792e-17 | H19: =(E19*0.000001)/(365*24*3600) -> 2.3782344e-13 | I19: =LN(F19) -> -33.528577 | J19: =(LN(H19)-LN(G19))/(2*$K$5) -> 1.7318824
B20: PCL | C20: =GEOMEAN(D20,E20) -> 14.839903 | D20: 1.31416 | E20: 167.5768 | F20: =GEOMEAN(G20:H20) -> 4.7057024e-13 | G20: =(D20*0.000001)/(365*24*3600) -> 4.167174e-14 | H20: =(E20*0.000001)/(365*24*3600) -> 5.3138255e-12 | I20: =LN(F20) -> -28.384831 | J20: =(LN(H20)-LN(G20))/(2*$K$5) -> 0.94104116
B21: PBSA | C21: =GEOMEAN(D21,E21) -> 1.5655184 | D21: 0.608 | E21: 4.031 | F21: =GEOMEAN(G21:H21) -> 4.9642264e-14 | G21: =(D21*0.000001)/(365*24*3600) -> 1.9279554e-14 | H21: =(E21*0.000001)/(365*24*3600) -> 1.2782217e-13 | I21: =LN(F21) -> -30.633934 | J21: =(LN(H21)-LN(G21))/(2*$K$5) -> 0.36715739
B22: starch_blend | C22: 101.29 | D22: =C22/10 -> 10.129 | E22: =C22*10 -> 1012.9 | F22: =GEOMEAN(G22:H22) -> 3.2118848e-12 | G22: =(D22*0.000001)/(365*24*3600) -> 3.2118848e-13 | H22: =(E22*0.000001)/(365*24*3600) -> 3.2118848e-11 | I22: =LN(F22) -> -26.464163 | J22: =(LN(H22)-LN(G22))/(2*$K$5) -> 0.89386067
B23: PBAT | C23: =GEOMEAN(D23,E23) -> 11.752936 | D23: 10.27 | E23: 13.45 | F23: =GEOMEAN(G23:H23) -> 3.7268315e-13 | G23: =(D23*0.000001)/(365*24*3600) -> 3.2565956e-13 | H23: =(E23*0.000001)/(365*24*3600) -> 4.264967e-13 | I23: =LN(F23) -> -28.618048 | J23: =(LN(H23)-LN(G23))/(2*$K$5) -> 0.052358712
B24: Cotton | C24: =GEOMEAN(D24,E24) -> 18.300786 | D24: 5.9971847 | E24: 55.845997 | F24: =GEOMEAN(G24:H24) -> 5.8031411e-13 | G24: =(D24*0.000001)/(365*24*3600) -> 1.9016948e-13 | H24: =(E24*0.000001)/(365*24*3600) -> 1.770865e-12 | I24: =LN(F24) -> -28.175207 | J24: =(LN(H24)-LN(G24))/(2*$K$5) -> 0.43309544
B25: Linen | C25: =GEOMEAN(D25,E25) -> 32.689902 | D25: 21.74 | E25: 49.155 | F25: =GEOMEAN(G25:H25) -> 1.03659e-12 | G25: =(D25*0.000001)/(365*24*3600) -> 6.8937088e-13 | H25: =(E25*0.000001)/(365*24*3600) -> 1.5586948e-12 | I25: =LN(F25) -> -27.595085 | J25: =(LN(H25)-LN(G25))/(2*$K$5) -> 0.15835107
B26: Viscose | C26: =GEOMEAN(D26,E26) -> 24.559331 | D26: 21.922321 | E26: 27.513544 | F26: =GEOMEAN(G26:H26) -> 7.7877128e-13 | G26: =(D26*0.000001)/(365*24*3600) -> 6.9515223e-13 | H26: =(E26*0.000001)/(365*24*3600) -> 8.7244877e-13 | I26: =LN(F26) -> -27.881059 | J26: =(LN(H26)-LN(G26))/(2*$K$5) -> 0.044094154
B27: Rayon | C27: =GEOMEAN(D27,E27) -> 24.559331 | D27: 21.922321 | E27: 27.513544 | F27: =GEOMEAN(G27:H27) -> 7.7877128e-13 | G27: =(D27*0.000001)/(365*24*3600) -> 6.9515223e-13 | H27: =(E27*0.000001)/(365*24*3600) -> 8.7244877e-13 | I27: =LN(F27) -> -27.881059 | J27: =(LN(H27)-LN(G27))/(2*$K$5) -> 0.044094154
B28: Lyocell | C28: =GEOMEAN(D28,E28) -> 39.899771 | D28: 37.799367 | E28: 42.116889 | F28: =GEOMEAN(G28:H28) -> 1.2652134e-12 | G28: =(D28*0.000001)/(365*24*3600) -> 1.1986101e-12 | H28: =(E28*0.000001)/(365*24*3600) -> 1.3355178e-12 | I28: =LN(F28) -> -27.39578 | J28: =(LN(H28)-LN(G28))/(2*$K$5) -> 0.020993104
B29: Modal | C29: =GEOMEAN(D29,E29) -> 51.909814 | D29: 49.834159 | E29: 54.071923 | F29: =GEOMEAN(G29:H29) -> 1.6460494e-12 | G29: =(D29*0.000001)/(365*24*3600) -> 1.5802308e-12 | H29: =(E29*0.000001)/(365*24*3600) -> 1.7146094e-12 | I29: =LN(F29) -> -27.132643 | J29: =(LN(H29)-LN(G29))/(2*$K$5) -> 0.015841305

Sheet 1.3.SSDR_soil
B2: SSDR soil
B4: SSDR values are taken from Louvet et al. (2026), Saadi et al. (2025), Saadi & Boulay (2026), and Corella-Puertas et al. (2023). SBoo requires [m/s] as an input for Kssdr. It is assumed that SSDRs are log-normally distributed (Corella-Puertas et al., 2023), and that the lower to upper limit represents the 99% confidence interval (CI), from which the distribution parameters are derived and used as an input in SBoo (for probabilistic solver). However, when plasticFADE model empirical degradation constants (and their CI) are available, they are used as input to compute degradation rates, ignoring the values below.
I5: log-normal distribution | J5: z_0.995 = | K5: 2.576
B6: Polymer type | C6: Geometric mean SSDR [µm/year] | D6: Lower limit SSDR [µm/year] | E6: Upper limit SSDR [µm/year] | F6: Geometric mean SSDR [m/s] | G6: Lower limit SSDR [m/s] | H6: Upper limit SSDR [m/s] | I6: mu | J6: sigma | K6: Note
B7: EPS | C7: =GEOMEAN(D7,E7) -> 0.031622777 | D7: 0.001 | E7: 1 | F7: =GEOMEAN(G7:H7) -> 1.0027517e-15 | G7: =(D7*0.000001)/(365*24*3600) -> 3.1709792e-17 | H7: =(E7*0.000001)/(365*24*3600) -> 3.1709792e-14 | I7: =LN(F7) -> -34.536029 | J7: =(LN(H7)-LN(G7))/(2*$K$5) -> 1.340791
B8: HDPE | C8: =GEOMEAN(D8,E8) -> 1.1401754 | D8: 1 | E8: 1.3 | F8: =GEOMEAN(G8:H8) -> 3.6154726e-14 | G8: =(D8*0.000001)/(365*24*3600) -> 3.1709792e-14 | H8: =(E8*0.000001)/(365*24*3600) -> 4.122273e-14 | I8: =LN(F8) -> -30.950969 | J8: =(LN(H8)-LN(G8))/(2*$K$5) -> 0.050924741
B9: LDPE | C9: =GEOMEAN(D9,E9) -> 15.556349 | D9: 11 | E9: 22 | F9: =GEOMEAN(G9:H9) -> 4.932886e-13 | G9: =(D9*0.000001)/(365*24*3600) -> 3.4880771e-13 | H9: =(E9*0.000001)/(365*24*3600) -> 6.9761542e-13 | I9: =LN(F9) -> -28.337682 | J9: =(LN(H9)-LN(G9))/(2*$K$5) -> 0.13453944
B10: PA_Nylon | C10: =GEOMEAN(D10,E10) -> 3.2 | D10: 0.032 | E10: 320 | F10: =GEOMEAN(G10:H10) -> 1.0147133e-13 | G10: =(D10*0.000001)/(365*24*3600) -> 1.0147133e-15 | H10: =(E10*0.000001)/(365*24*3600) -> 1.0147133e-11 | I10: =LN(F10) -> -29.919 | J10: =(LN(H10)-LN(G10))/(2*$K$5) -> 1.7877213
B11: PET | C11: =GEOMEAN(D11,E11) -> 0.59219929 | D11: 0.21 | E11: 1.67 | F11: =GEOMEAN(G11:H11) -> 1.8778516e-14 | G11: =(D11*0.000001)/(365*24*3600) -> 6.6590563e-15 | H11: =(E11*0.000001)/(365*24*3600) -> 5.2955353e-14 | I11: =LN(F11) -> -31.606063 | J11: =(LN(H11)-LN(G11))/(2*$K$5) -> 0.40245951
B12: PP | C12: =GEOMEAN(D12,E12) -> 0.69107852 | D12: 0.29775984 | E12: 1.603942 | F12: =GEOMEAN(G12:H12) -> 2.1913956e-14 | G12: =(D12*0.000001)/(365*24*3600) -> 9.4419026e-15 | H12: =(E12*0.000001)/(365*24*3600) -> 5.0860667e-14 | I12: =LN(F12) -> -31.451653 | J12: =(LN(H12)-LN(G12))/(2*$K$5) -> 0.32685023
B13: PS | C13: =GEOMEAN(D13,E13) -> 0.031622777 | D13: 0.001 | E13: 1 | F13: =GEOMEAN(G13:H13) -> 1.0027517e-15 | G13: =(D13*0.000001)/(365*24*3600) -> 3.1709792e-17 | H13: =(E13*0.000001)/(365*24*3600) -> 3.1709792e-14 | I13: =LN(F13) -> -34.536029 | J13: =(LN(H13)-LN(G13))/(2*$K$5) -> 1.340791
B14: PVC | C14: =GEOMEAN(D14,E14) -> 0.01 | D14: 0.001 | E14: 0.1 | F14: =GEOMEAN(G14:H14) -> 3.1709792e-16 | G14: =(D14*0.000001)/(365*24*3600) -> 3.1709792e-17 | H14: =(E14*0.000001)/(365*24*3600) -> 3.1709792e-15 | I14: =LN(F14) -> -35.687321 | J14: =(LN(H14)-LN(G14))/(2*$K$5) -> 0.89386067
B15: PU | C15: =GEOMEAN(D15,E15) -> 0.25248762 | D15: 0.001 | E15: 63.75 | F15: =GEOMEAN(G15:H15) -> 8.00633e-15 | G15: =(D15*0.000001)/(365*24*3600) -> 3.1709792e-17 | H15: =(E15*0.000001)/(365*24*3600) -> 2.0214992e-12 | I15: =LN(F15) -> -32.458544 | J15: =(LN(H15)-LN(G15))/(2*$K$5) -> 2.1472679
B16: PAN | C16: =GEOMEAN(D16,E16) -> 0.01 | D16: 0.001 | E16: 0.1 | F16: =GEOMEAN(G16:H16) -> 3.1709792e-16 | G16: =(D16*0.000001)/(365*24*3600) -> 3.1709792e-17 | H16: =(E16*0.000001)/(365*24*3600) -> 3.1709792e-15 | I16: =LN(F16) -> -35.687321 | J16: =(LN(H16)-LN(G16))/(2*$K$5) -> 0.89386067
B17: TRWP | C17: - | D17: - | E17: - | F17: =GEOMEAN(G17:H17) -> 2.6740142e-13 | G17: 6.15047e-14 | H17: 1.16257e-12 | I17: =LN(F17) -> -28.950025 | J17: =(LN(H17)-LN(G17))/(2*$K$5) -> 0.5705114
B18: PHA | C18: =GEOMEAN(D18,E18) -> 1194.7446 | D18: 912.5 | E18: 1564.29 | F18: =GEOMEAN(G18:H18) -> 3.7885102e-11 | G18: =(D18*0.000001)/(365*24*3600) -> 2.8935185e-11 | H18: =(E18*0.000001)/(365*24*3600) -> 4.9603311e-11 | I18: =LN(F18) -> -23.996463 | J18: =(LN(H18)-LN(G18))/(2*$K$5) -> 0.10461942
B19: PLA | C19: =GEOMEAN(D19,E19) -> 121.05227 | D19: 78.69 | E19: 186.22 | F19: =GEOMEAN(G19:H19) -> 3.8385423e-12 | G19: =(D19*0.000001)/(365*24*3600) -> 2.4952435e-12 | H19: =(E19*0.000001)/(365*24*3600) -> 5.9049975e-12 | I19: =LN(F19) -> -26.285928 | J19: =(LN(H19)-LN(G19))/(2*$K$5) -> 0.16719967
B20: PCL | C20: =GEOMEAN(D20,E20) -> 14.839903 | D20: 1.31416 | E20: 167.5768 | F20: =GEOMEAN(G20:H20) -> 4.7057024e-13 | G20: =(D20*0.000001)/(365*24*3600) -> 4.167174e-14 | H20: =(E20*0.000001)/(365*24*3600) -> 5.3138255e-12 | I20: =LN(F20) -> -28.384831 | J20: =(LN(H20)-LN(G20))/(2*$K$5) -> 0.94104116
B21: PBSA | C21: =GEOMEAN(D21,E21) -> 44.72287 | D21: 39.673913 | E21: 50.414365 | F21: =GEOMEAN(G21:H21) -> 1.4181529e-12 | G21: =(D21*0.000001)/(365*24*3600) -> 1.2580515e-12 | H21: =(E21*0.000001)/(365*24*3600) -> 1.598629e-12 | I21: =LN(F21) -> -27.281666 | J21: =(LN(H21)-LN(G21))/(2*$K$5) -> 0.046502771
B22: starch_blend | C22: 101.29 | D22: 42.74 | E22: 2556.9 | F22: =GEOMEAN(G22:H22) -> 1.0482564e-11 | G22: =(D22*0.000001)/(365*24*3600) -> 1.3552765e-12 | H22: =(E22*0.000001)/(365*24*3600) -> 8.1078767e-11 | I22: =LN(F22) -> -25.281308 | J22: =(LN(H22)-LN(G22))/(2*$K$5) -> 0.79414123
B23: PBAT | C23: =GEOMEAN(D23,E23) -> 5.4221767 | D23: 1.96 | E23: 15 | F23: =GEOMEAN(G23:H23) -> 1.7193609e-13 | G23: =(D23*0.000001)/(365*24*3600) -> 6.2151192e-14 | H23: =(E23*0.000001)/(365*24*3600) -> 4.7564688e-13 | I23: =LN(F23) -> -29.391654 | J23: =(LN(H23)-LN(G23))/(2*$K$5) -> 0.39501276
B24: Cotton | C24: =GEOMEAN(D24,E24) -> 3.9632422 | D24: =H35 -> 1.8766595 | E24: =H36 -> 8.3698127 | F24: =GEOMEAN(G24:H24) -> 1.2567359e-13 | G24: =(D24*0.000001)/(365*24*3600) -> 5.9508483e-14 | H24: =(E24*0.000001)/(365*24*3600) -> 2.6540502e-13 | I24: =LN(F24) -> -29.705088 | J24: =(LN(H24)-LN(G24))/(2*$K$5) -> 0.29020539
B25: Linen | C25: =GEOMEAN(D25,E25) -> 3.9632422 | D25: =D24 -> 1.8766595 | E25: =E24 -> 8.3698127 | F25: =GEOMEAN(G25:H25) -> 1.2567359e-13 | G25: =(D25*0.000001)/(365*24*3600) -> 5.9508483e-14 | H25: =(E25*0.000001)/(365*24*3600) -> 2.6540502e-13 | I25: =LN(F25) -> -29.705088 | J25: =(LN(H25)-LN(G25))/(2*$K$5) -> 0.29020539 | K25: No degradation data in soil available. The SSDR of cotton was chosen as a proxy, given their common cellulosic composition
B26: Viscose | C26: =GEOMEAN(D26,E26) -> 3.9632422 | D26: =D25 -> 1.8766595 | E26: =E25 -> 8.3698127 | F26: =GEOMEAN(G26:H26) -> 1.2567359e-13 | G26: =(D26*0.000001)/(365*24*3600) -> 5.9508483e-14 | H26: =(E26*0.000001)/(365*24*3600) -> 2.6540502e-13 | I26: =LN(F26) -> -29.705088 | J26: =(LN(H26)-LN(G26))/(2*$K$5) -> 0.29020539
B27: Rayon | C27: =GEOMEAN(D27,E27) -> 3.9632422 | D27: =D26 -> 1.8766595 | E27: =E26 -> 8.3698127 | F27: =GEOMEAN(G27:H27) -> 1.2567359e-13 | G27: =(D27*0.000001)/(365*24*3600) -> 5.9508483e-14 | H27: =(E27*0.000001)/(365*24*3600) -> 2.6540502e-13 | I27: =LN(F27) -> -29.705088 | J27: =(LN(H27)-LN(G27))/(2*$K$5) -> 0.29020539
B28: Lyocell | C28: =GEOMEAN(D28,E28) -> 3.9632422 | D28: =D27 -> 1.8766595 | E28: =E27 -> 8.3698127 | F28: =GEOMEAN(G28:H28) -> 1.2567359e-13 | G28: =(D28*0.000001)/(365*24*3600) -> 5.9508483e-14 | H28: =(E28*0.000001)/(365*24*3600) -> 2.6540502e-13 | I28: =LN(F28) -> -29.705088 | J28: =(LN(H28)-LN(G28))/(2*$K$5) -> 0.29020539
B29: Modal | C29: =GEOMEAN(D29,E29) -> 3.9632422 | D29: =D28 -> 1.8766595 | E29: =E28 -> 8.3698127 | F29: =GEOMEAN(G29:H29) -> 1.2567359e-13 | G29: =(D29*0.000001)/(365*24*3600) -> 5.9508483e-14 | H29: =(E29*0.000001)/(365*24*3600) -> 2.6540502e-13 | I29: =LN(F29) -> -29.705088 | J29: =(LN(H29)-LN(G29))/(2*$K$5) -> 0.29020539
B32: Additional SSDRs are computed, based on the approach of Maga et al. (2022)
B34: Material | C34: Reference | D34: shape factor (1, 2, 3) | E34: % Reduction in mass | F34: time (yr) | G34: Initial size (um) | H34: SSDR (um/yr) | I34: SSDR (m/s)
B35: Cotton | C35: Smith et al. (2021) | D35: 2 | E35: 0.2 | F35: =154/365 -> 0.42191781 | G35: 15 | H35: =1/2*G35/F35*(1-(1-E35)^(1/D35)) -> 1.8766595 | I35: =H35/(365*24*3600)/1000000 -> 5.9508483e-14
B36: Cotton | C36: Smith et al. (2021) | D36: 2 | E36: 0.72 | F36: =154/365 -> 0.42191781 | G36: 15 | H36: =1/2*G36/F36*(1-(1-E36)^(1/D36)) -> 8.3698127 | I36: =H36/(365*24*3600)/1000000 -> 2.6540502e-13
B37: Cotton | C37: Li et al. (2010) | D37: 2 | E37: 0.16 | F37: =90/365 -> 0.24657534 | G37: 15 | H37: =1/2*G37/F37*(1-(1-E37)^(1/D37)) -> 2.5393312 | I37: =H37/(365*24*3600)/1000000 -> 8.0521664e-14
B38: Cotton | C38: Li et al. (2010) | D38: 2 | E38: 0.28 | F38: =90/365 -> 0.24657534 | G38: 15 | H38: =1/2*G38/F38*(1-(1-E38)^(1/D38)) -> 4.6072692 | I38: =H38/(365*24*3600)/1000000 -> 1.4609555e-13

Sheet 1.4.plasticFADE constants
B2: PlasticFADE
B4: plasticFADE empirical constants (deg: x, y, z, tau, theta and eta) are taken from Tang & Boulay (under review). SBoo takes the empirical constants as an input, when available, and combines them with compartment and region specific UV intensity, as well as compartment specific microbial concentration. To derive the uncertainty associated with the degradation model, the mean and standard deviation of plasticFADE are used. The standard deviation defined in plasticFADE corresponds to the std. dev. of normal distribution in log-space, while the fitted value is the mean value from which we take the log.
C6: HDPE | G6: LDPE | K6: PET | O6: PP | S6: PS
B7: Polymer type | C7: Fitted value | D7: Standard deviation | E7: mu | F7: sigma | G7: Fitted value | H7: Standard deviation | I7: mu | J7: sigma | K7: Fitted value | L7: Standard deviation | M7: mu | N7: sigma | O7: Fitted value | P7: Standard deviation | Q7: mu | R7: sigma | S7: Fitted value | T7: Standard deviation | U7: mu | V7: sigma
B8: degx | C8: 0.010262753 | D8: 0.00088522569 | E8: =LN(C8) -> -4.5792341 | F8: =D8 -> 0.00088522569 | G8: 0.01105059 | H8: 0.0057046217 | I8: =LN(G8) -> -4.5052715 | J8: =H8 -> 0.0057046217 | K8: 0.00024327627 | L8: 0.00029524826 | M8: =LN(K8) -> -8.3213129 | N8: =L8 -> 0.00029524826 | O8: 0.0054981915 | P8: 0.0050951617 | Q8: =LN(O8) -> -5.2033361 | R8: =P8 -> 0.0050951617 | S8: 0.00027325415 | T8: 0.00020039698 | U8: =LN(S8) -> -8.2051082 | V8: =T8 -> 0.00020039698
B9: degtau | C9: 3.3584081e-11 | D9: 0.18031552 | E9: =LN(C9) -> -24.116969 | F9: =D9 -> 0.18031552 | G9: 5e-13 | H9: 0.10974721 | I9: =LN(G9) -> -28.324168 | J9: =H9 -> 0.10974721 | K9: 0.79097577 | L9: 0.1933289 | M9: =LN(K9) -> -0.23448794 | N9: =L9 -> 0.1933289 | O9: 0.013720791 | P9: 0.11216725 | Q9: =LN(O9) -> -4.288843 | R9: =P9 -> 0.11216725 | S9: 0.24329239 | T9: 0.067550473 | U9: =LN(S9) -> -1.4134913 | V9: =T9 -> 0.067550473
B10: degy | C10: 0.0021825284 | D10: 0.004283861 | E10: =LN(C10) -> -6.1272713 | F10: =D10 -> 0.004283861 | G10: 0.01031456 | H10: 0.0061122893 | I10: =LN(G10) -> -4.5741988 | J10: =H10 -> 0.0061122893 | K10: 1.3261956e-05 | L10: 2.1960389e-05 | M10: =LN(K10) -> -11.230611 | N10: =L10 -> 2.1960389e-05 | O10: 0.01724523 | P10: 0.0016245855 | Q10: =LN(O10) -> -4.0602197 | R10: =P10 -> 0.0016245855 | S10: 0.014446952 | T10: 4.3872181e-06 | U10: =LN(S10) -> -4.2372718 | V10: =T10 -> 4.3872181e-06
B11: degtheta | C11: 0.29904863 | D11: 0.56576349 | E11: =LN(C11) -> -1.2071491 | F11: =D11 -> 0.56576349 | G11: 0.0043620223 | H11: 3.6211087e-05 | I11: =LN(G11) -> -5.4348195 | J11: =H11 -> 3.6211087e-05 | K11: 1.8763022 | L11: 0.22318783 | M11: =LN(K11) -> 0.62930293 | N11: =L11 -> 0.22318783 | O11: 0.70549282 | P11: 0.3804722 | Q11: =LN(O11) -> -0.34885869 | R11: =P11 -> 0.3804722 | S11: 1.0090732 | T11: 0.16004413 | U11: =LN(S11) -> 0.0090322632 | V11: =T11 -> 0.16004413
B12: degz | C12: 0.00037803206 | D12: 0.0010821863 | E12: =LN(C12) -> -7.8805316 | F12: =D12 -> 0.0010821863 | G12: 0.00010475543 | H12: 0.00044412819 | I12: =LN(G12) -> -9.1638822 | J12: =H12 -> 0.00044412819 | K12: 0.015217891 | L12: 4.4013893e-06 | M12: =LN(K12) -> -4.1852835 | N12: =L12 -> 4.4013893e-06 | O12: 1.6158544e-05 | P12: 3.8147496e-05 | Q12: =LN(O12) -> -11.033062 | R12: =P12 -> 3.8147496e-05 | S12: 6.2330522e-05 | T12: 0.00017657694 | U12: =LN(S12) -> -9.6830593 | V12: =T12 -> 0.00017657694
B13: degeta | C13: 0.21648777 | D13: 0.17415974 | E13: =LN(C13) -> -1.5302212 | F13: =D13 -> 0.17415974 | G13: 0.32405972 | H13: 0.19223313 | I13: =LN(G13) -> -1.1268275 | J13: =H13 -> 0.19223313 | K13: 0.07846195 | L13: 0.045684842 | M13: =LN(K13) -> -2.5451415 | N13: =L13 -> 0.045684842 | O13: 0.44210919 | P13: 0.11138573 | Q13: =LN(O13) -> -0.8161984 | R13: =P13 -> 0.11138573 | S13: 0.49603679 | T13: 0.1221179 | U13: =LN(S13) -> -0.70110518 | V13: =T13 -> 0.1221179

Sheet 1.5.UVintensity
A1: Adjustment factor per region | G1: Global average UV intensity | K1: Region- and compartment-specific UV intensity [W*m-2]
A2: Region | B2: Latitude range [º] | C2: Longitude range [º] | E2: Adjustment factor [-] | G2: Region | H2: Value [W*m-2] | I2: Reference | K2: Compartment | L2: SBoo compartment name | M2: North America | N2: Latin America | O2: Europe | P2: Africa & Middle East | Q2: Central Asia | R2: Southeast Asia | S2: Northern regions | T2: Oceania | U2: Global scale
A3: North America | B3: (15, 75) | C3: (-170, -50) | E3: 0.802 | G3: Default | H3: 10 | I3: Tang & Boulay (under revision) | K3: Air | L3: air | M3: ='1.5.UVintensity'!$H$3*'1.5.UVintensity'!$E$3*'1.5.UVintensity'!E14 -> 8.02 | N3: ='1.5.UVintensity'!$H$3*'1.5.UVintensity'!$E$4*'1.5.UVintensity'!E14 -> 11.78 | O3: ='1.5.UVintensity'!$H$3*'1.5.UVintensity'!$E$5*'1.5.UVintensity'!E14 -> 5.23 | P3: ='1.5.UVintensity'!$H$3*'1.5.UVintensity'!$E$6*'1.5.UVintensity'!E14 -> 13.82 | Q3: ='1.5.UVintensity'!$H$3*'1.5.UVintensity'!$E$7*'1.5.UVintensity'!E14 -> 5.63 | R3: ='1.5.UVintensity'!$H$3*'1.5.UVintensity'!$E$8*'1.5.UVintensity'!E14 -> 13.65 | S3: ='1.5.UVintensity'!$H$3*'1.5.UVintensity'!$E$9*'1.5.UVintensity'!E14 -> 3.64 | T3: ='1.5.UVintensity'!$H$3*'1.5.UVintensity'!$E$10*'1.5.UVintensity'!E14 -> 11.85 | U3: =H3 -> 10
A4: Latin America | B4: (-60, 15) | C4: (-90, -30) | E4: 1.178 | K4: Agricultural soil | L4: agriculturalsoil | M4: ='1.5.UVintensity'!$H$3*'1.5.UVintensity'!$E$3*'1.5.UVintensity'!E15 -> 0 | N4: ='1.5.UVintensity'!$H$3*'1.5.UVintensity'!$E$4*'1.5.UVintensity'!E15 -> 0 | O4: ='1.5.UVintensity'!$H$3*'1.5.UVintensity'!$E$5*'1.5.UVintensity'!E15 -> 0 | P4: ='1.5.UVintensity'!$H$3*'1.5.UVintensity'!$E$6*'1.5.UVintensity'!E15 -> 0 | Q4: ='1.5.UVintensity'!$H$3*'1.5.UVintensity'!$E$7*'1.5.UVintensity'!E15 -> 0 | R4: ='1.5.UVintensity'!$H$3*'1.5.UVintensity'!$E$8*'1.5.UVintensity'!E15 -> 0 | S4: ='1.5.UVintensity'!$H$3*'1.5.UVintensity'!$E$9*'1.5.UVintensity'!E15 -> 0 | T4: ='1.5.UVintensity'!$H$3*'1.5.UVintensity'!$E$10*'1.5.UVintensity'!E15 -> 0 | U4: =AVERAGE(M4:T4) -> 0
A5: Europe | B5: (35, 70) | C5: (40, 140) | E5: 0.523 | G5: Compartment | H5: K_d [m-1] | I5: Reference | K5: Natural soil | L5: naturalsoil | M5: ='1.5.UVintensity'!$H$3*'1.5.UVintensity'!$E$3*'1.5.UVintensity'!E16 -> 0 | N5: ='1.5.UVintensity'!$H$3*'1.5.UVintensity'!$E$4*'1.5.UVintensity'!E16 -> 0 | O5: ='1.5.UVintensity'!$H$3*'1.5.UVintensity'!$E$5*'1.5.UVintensity'!E16 -> 0 | P5: ='1.5.UVintensity'!$H$3*'1.5.UVintensity'!$E$6*'1.5.UVintensity'!E16 -> 0 | Q5: ='1.5.UVintensity'!$H$3*'1.5.UVintensity'!$E$7*'1.5.UVintensity'!E16 -> 0 | R5: ='1.5.UVintensity'!$H$3*'1.5.UVintensity'!$E$8*'1.5.UVintensity'!E16 -> 0 | S5: ='1.5.UVintensity'!$H$3*'1.5.UVintensity'!$E$9*'1.5.UVintensity'!E16 -> 0 | T5: ='1.5.UVintensity'!$H$3*'1.5.UVintensity'!$E$10*'1.5.UVintensity'!E16 -> 0 | U5: =AVERAGE(M5:T5) -> 0
A6: Africa & Middle East | B6: (-35, 35) | C6: (-20, 60) | E6: 1.382 | G6: Freshwater (river) | H6: 10 | I6: Belmont et al. (2007) | K6: Other soil | L6: othersoil | M6: ='1.5.UVintensity'!$H$3*'1.5.UVintensity'!$E$3*'1.5.UVintensity'!E17 -> 0 | N6: ='1.5.UVintensity'!$H$3*'1.5.UVintensity'!$E$4*'1.5.UVintensity'!E17 -> 0 | O6: ='1.5.UVintensity'!$H$3*'1.5.UVintensity'!$E$5*'1.5.UVintensity'!E17 -> 0 | P6: ='1.5.UVintensity'!$H$3*'1.5.UVintensity'!$E$6*'1.5.UVintensity'!E17 -> 0 | Q6: ='1.5.UVintensity'!$H$3*'1.5.UVintensity'!$E$7*'1.5.UVintensity'!E17 -> 0 | R6: ='1.5.UVintensity'!$H$3*'1.5.UVintensity'!$E$8*'1.5.UVintensity'!E17 -> 0 | S6: ='1.5.UVintensity'!$H$3*'1.5.UVintensity'!$E$9*'1.5.UVintensity'!E17 -> 0 | T6: ='1.5.UVintensity'!$H$3*'1.5.UVintensity'!$E$10*'1.5.UVintensity'!E17 -> 0 | U6: =AVERAGE(M6:T6) -> 0
A7: Central Asia | B7: (35, 70) | C7: (40, 140) | E7: 0.563 | G7: Lake | H7: 4 | I7: Morris et al. (1995) | K7: Cloudwater | L7: cloudwater | M7: ='1.5.UVintensity'!$H$3*'1.5.UVintensity'!$E$3*'1.5.UVintensity'!E18 -> 8.02 | N7: ='1.5.UVintensity'!$H$3*'1.5.UVintensity'!$E$4*'1.5.UVintensity'!E18 -> 11.78 | O7: ='1.5.UVintensity'!$H$3*'1.5.UVintensity'!$E$5*'1.5.UVintensity'!E18 -> 5.23 | P7: ='1.5.UVintensity'!$H$3*'1.5.UVintensity'!$E$6*'1.5.UVintensity'!E18 -> 13.82 | Q7: ='1.5.UVintensity'!$H$3*'1.5.UVintensity'!$E$7*'1.5.UVintensity'!E18 -> 5.63 | R7: ='1.5.UVintensity'!$H$3*'1.5.UVintensity'!$E$8*'1.5.UVintensity'!E18 -> 13.65 | S7: ='1.5.UVintensity'!$H$3*'1.5.UVintensity'!$E$9*'1.5.UVintensity'!E18 -> 3.64 | T7: ='1.5.UVintensity'!$H$3*'1.5.UVintensity'!$E$10*'1.5.UVintensity'!E18 -> 11.85 | U7: =H3 -> 10
A8: Southeast Asia | B8: (-10, 35) | C8: (60, 150) | E8: 1.365 | G8: Seawater surface | H8: 0.2 | I8: Llabrés et al. (2010) | K8: Freshwater | L8: river | M8: ='1.5.UVintensity'!$H$3*'1.5.UVintensity'!E3*'1.5.UVintensity'!E19 -> 0.33416667 | N8: ='1.5.UVintensity'!$H$3*'1.5.UVintensity'!E4*'1.5.UVintensity'!E20 -> 0.26772727 | O8: ='1.5.UVintensity'!$H$3*'1.5.UVintensity'!E5*'1.5.UVintensity'!E21 -> 0.27526316 | P8: ='1.5.UVintensity'!$H$3*'1.5.UVintensity'!E6*'1.5.UVintensity'!E22 -> 0.5528 | Q8: ='1.5.UVintensity'!$H$3*'1.5.UVintensity'!E7*'1.5.UVintensity'!E23 -> 0.25590909 | R8: ='1.5.UVintensity'!$H$3*'1.5.UVintensity'!E8*'1.5.UVintensity'!E24 -> 0.41363636 | S8: ='1.5.UVintensity'!$H$3*'1.5.UVintensity'!E9*'1.5.UVintensity'!E25 -> 0.12551724 | T8: ='1.5.UVintensity'!$H$3*'1.5.UVintensity'!E10*'1.5.UVintensity'!E26 -> 1.1849462 | U8: =AVERAGE(M8:T8) -> 0.42624575
A9: Northern regions | B9: (70, 90) | C9: (-180, 180) | E9: 0.364 | K9: Freshwater sediment | L9: freshwatersediment | M9: ='1.5.UVintensity'!$H$3*'1.5.UVintensity'!$E$3*'1.5.UVintensity'!E27 -> 0 | N9: ='1.5.UVintensity'!$H$3*'1.5.UVintensity'!$E$4*'1.5.UVintensity'!E27 -> 0 | O9: ='1.5.UVintensity'!$H$3*'1.5.UVintensity'!$E$5*'1.5.UVintensity'!E27 -> 0 | P9: ='1.5.UVintensity'!$H$3*'1.5.UVintensity'!$E$6*'1.5.UVintensity'!E27 -> 0 | Q9: ='1.5.UVintensity'!$H$3*'1.5.UVintensity'!$E$7*'1.5.UVintensity'!E27 -> 0 | R9: ='1.5.UVintensity'!$H$3*'1.5.UVintensity'!$E$8*'1.5.UVintensity'!E27 -> 0 | S9: ='1.5.UVintensity'!$H$3*'1.5.UVintensity'!$E$9*'1.5.UVintensity'!E27 -> 0 | T9: ='1.5.UVintensity'!$H$3*'1.5.UVintensity'!$E$10*'1.5.UVintensity'!E27 -> 0 | U9: =AVERAGE(M9:T9) -> 0
A10: Oceania | B10: (-50, 0) | C10: (110, 180) | E10: 1.185 | K10: Lake | L10: lake | M10: ='1.5.UVintensity'!$H$3*'1.5.UVintensity'!E3*'1.5.UVintensity'!E28 -> 0.067966102 | N10: ='1.5.UVintensity'!$H$3*'1.5.UVintensity'!E4*'1.5.UVintensity'!E29 -> 0.11459144 | O10: ='1.5.UVintensity'!$H$3*'1.5.UVintensity'!E5*'1.5.UVintensity'!E30 -> 0.048605948 | P10: ='1.5.UVintensity'!$H$3*'1.5.UVintensity'!E6*'1.5.UVintensity'!E31 -> 0.029810181 | Q10: ='1.5.UVintensity'!$H$3*'1.5.UVintensity'!E7*'1.5.UVintensity'!E32 -> 0.042522659 | R10: ='1.5.UVintensity'!$H$3*'1.5.UVintensity'!E8*'1.5.UVintensity'!E33 -> 0.19612069 | S10: ='1.5.UVintensity'!$H$3*'1.5.UVintensity'!E9*'1.5.UVintensity'!E34 -> 0.006899166 | T10: ='1.5.UVintensity'!$H$3*'1.5.UVintensity'!E10*'1.5.UVintensity'!E35 -> 0.33664773 | U10: =AVERAGE(M10:T10) -> 0.10539549
K11: Lake sediment | L11: lakesediment | M11: ='1.5.UVintensity'!$H$3*'1.5.UVintensity'!$E$3*'1.5.UVintensity'!E36 -> 0 | N11: ='1.5.UVintensity'!$H$3*'1.5.UVintensity'!$E$4*'1.5.UVintensity'!E36 -> 0 | O11: ='1.5.UVintensity'!$H$3*'1.5.UVintensity'!$E$5*'1.5.UVintensity'!E36 -> 0 | P11: ='1.5.UVintensity'!$H$3*'1.5.UVintensity'!$E$6*'1.5.UVintensity'!E36 -> 0 | Q11: ='1.5.UVintensity'!$H$3*'1.5.UVintensity'!$E$7*'1.5.UVintensity'!E36 -> 0 | R11: ='1.5.UVintensity'!$H$3*'1.5.UVintensity'!$E$8*'1.5.UVintensity'!E36 -> 0 | S11: ='1.5.UVintensity'!$H$3*'1.5.UVintensity'!$E$9*'1.5.UVintensity'!E36 -> 0 | T11: ='1.5.UVintensity'!$H$3*'1.5.UVintensity'!$E$10*'1.5.UVintensity'!E36 -> 0 | U11: =AVERAGE(M11:T11) -> 0
A12: Scaling factor per region & compartment | K12: Seawater surface | L12: sea | M12: ='1.5.UVintensity'!$H$3*'1.5.UVintensity'!E3*'1.5.UVintensity'!E37 -> 3.4673055 | N12: ='1.5.UVintensity'!$H$3*'1.5.UVintensity'!E4*'1.5.UVintensity'!E38 -> 5.0928752 | O12: ='1.5.UVintensity'!$H$3*'1.5.UVintensity'!E5*'1.5.UVintensity'!E39 -> 2.2610982 | P12: ='1.5.UVintensity'!$H$3*'1.5.UVintensity'!E6*'1.5.UVintensity'!E40 -> 5.9748332 | Q12: ='1.5.UVintensity'!$H$3*'1.5.UVintensity'!E7*'1.5.UVintensity'!E41 -> 2.4340312 | R12: ='1.5.UVintensity'!$H$3*'1.5.UVintensity'!E8*'1.5.UVintensity'!E42 -> 5.9013367 | S12: ='1.5.UVintensity'!$H$3*'1.5.UVintensity'!E9*'1.5.UVintensity'!E43 -> 1.5736898 | T12: ='1.5.UVintensity'!$H$3*'1.5.UVintensity'!E10*'1.5.UVintensity'!E44 -> 5.1231384 | U12: =AVERAGE(M12:T12) -> 3.9785385
A13: Compartment | B13: Region | C13: Depth [m] | D13: K_d [m-1] | E13: Scaling factor [%] | K13: Seawater column | L13: deepocean | M13: ='1.5.UVintensity'!$H$3*'1.5.UVintensity'!$E$3*'1.5.UVintensity'!E45 -> 0 | N13: ='1.5.UVintensity'!$H$3*'1.5.UVintensity'!$E$4*'1.5.UVintensity'!E45 -> 0 | O13: ='1.5.UVintensity'!$H$3*'1.5.UVintensity'!$E$5*'1.5.UVintensity'!E45 -> 0 | P13: ='1.5.UVintensity'!$H$3*'1.5.UVintensity'!$E$6*'1.5.UVintensity'!E45 -> 0 | Q13: ='1.5.UVintensity'!$H$3*'1.5.UVintensity'!$E$7*'1.5.UVintensity'!E45 -> 0 | R13: ='1.5.UVintensity'!$H$3*'1.5.UVintensity'!$E$8*'1.5.UVintensity'!E45 -> 0 | S13: ='1.5.UVintensity'!$H$3*'1.5.UVintensity'!$E$9*'1.5.UVintensity'!E45 -> 0 | T13: ='1.5.UVintensity'!$H$3*'1.5.UVintensity'!$E$10*'1.5.UVintensity'!E45 -> 0 | U13: =AVERAGE(M13:T13) -> 0
A14: Air | B14: – | C14: – | D14: – | E14: 1 | K14: Marine sediment | L14: marinesediment | M14: ='1.5.UVintensity'!$H$3*'1.5.UVintensity'!$E$3*'1.5.UVintensity'!E46 -> 0 | N14: ='1.5.UVintensity'!$H$3*'1.5.UVintensity'!$E$4*'1.5.UVintensity'!E46 -> 0 | O14: ='1.5.UVintensity'!$H$3*'1.5.UVintensity'!$E$5*'1.5.UVintensity'!E46 -> 0 | P14: ='1.5.UVintensity'!$H$3*'1.5.UVintensity'!$E$6*'1.5.UVintensity'!E46 -> 0 | Q14: ='1.5.UVintensity'!$H$3*'1.5.UVintensity'!$E$7*'1.5.UVintensity'!E46 -> 0 | R14: ='1.5.UVintensity'!$H$3*'1.5.UVintensity'!$E$8*'1.5.UVintensity'!E46 -> 0 | S14: ='1.5.UVintensity'!$H$3*'1.5.UVintensity'!$E$9*'1.5.UVintensity'!E46 -> 0 | T14: ='1.5.UVintensity'!$H$3*'1.5.UVintensity'!$E$10*'1.5.UVintensity'!E46 -> 0 | U14: =AVERAGE(M14:T14) -> 0
A15: Agricultural soil | B15: – | C15: – | D15: – | E15: 0
A16: Natural soil | B16: – | C16: – | D16: – | E16: 0
A17: Other soil | B17: – | C17: – | D17: – | E17: 0
A18: Cloudwater | B18: – | C18: – | D18: – | E18: 1
A19: Freshwater | B19: North America | C19: 2.4 | D19: =$H$6 -> 10 | E19: =(1-EXP(-D19*C19))/(D19*C19) -> 0.041666667
B20: Latin America | C20: 4.4 | D20: =$H$6 -> 10 | E20: =(1-EXP(-D20*C20))/(D20*C20) -> 0.022727273
B21: Europe | C21: 1.9 | D21: =$H$6 -> 10 | E21: =(1-EXP(-D21*C21))/(D21*C21) -> 0.052631579
B22: Africa & Middle East | C22: 2.5 | D22: =$H$6 -> 10 | E22: =(1-EXP(-D22*C22))/(D22*C22) -> 0.04
B23: Central Asia | C23: 2.2 | D23: =$H$6 -> 10 | E23: =(1-EXP(-D23*C23))/(D23*C23) -> 0.045454545
B24: Southeast Asia | C24: 3.3 | D24: =$H$6 -> 10 | E24: =(1-EXP(-D24*C24))/(D24*C24) -> 0.03030303
B25: Northern regions | C25: 2.9 | D25: =$H$6 -> 10 | E25: =(1-EXP(-D25*C25))/(D25*C25) -> 0.034482759
B26: Oceania | C26: 1 | D26: =$H$6 -> 10 | E26: =(1-EXP(-D26*C26))/(D26*C26) -> 0.09999546
A27: Freshwater sediment | B27: – | C27: – | D27: – | E27: 0
A28: Lake | B28: North America | C28: 29.5 | D28: =$H$7 -> 4 | E28: =(1-EXP(-D28*C28))/(D28*C28) -> 0.0084745763
B29: Latin America | C29: 25.7 | D29: =$H$7 -> 4 | E29: =(1-EXP(-D29*C29))/(D29*C29) -> 0.0097276265
B30: Europe | C30: 26.9 | D30: =$H$7 -> 4 | E30: =(1-EXP(-D30*C30))/(D30*C30) -> 0.0092936803
B31: Africa & Middle East | C31: 115.9 | D31: =$H$7 -> 4 | E31: =(1-EXP(-D31*C31))/(D31*C31) -> 0.0021570319
B32: Central Asia | C32: 33.1 | D32: =$H$7 -> 4 | E32: =(1-EXP(-D32*C32))/(D32*C32) -> 0.0075528701
B33: Southeast Asia | C33: 17.4 | D33: =$H$7 -> 4 | E33: =(1-EXP(-D33*C33))/(D33*C33) -> 0.014367816
B34: Northern regions | C34: 131.9 | D34: =$H$7 -> 4 | E34: =(1-EXP(-D34*C34))/(D34*C34) -> 0.0018953753
B35: Oceania | C35: 8.8 | D35: =$H$7 -> 4 | E35: =(1-EXP(-D35*C35))/(D35*C35) -> 0.028409091
A36: Lake sediment | B36: – | C36: – | D36: – | E36: 0
A37: Seawater surface | B37: North America | C37: 10 | D37: =$H$8 -> 0.2 | E37: =(1-EXP(-D37*C37))/(D37*C37) -> 0.43233236 | F37: (Carla updating)
B38: Latin America | C38: 10 | D38: =$H$8 -> 0.2 | E38: =(1-EXP(-D38*C38))/(D38*C38) -> 0.43233236 | F38: (Carla updating)
B39: Europe | C39: 10 | D39: =$H$8 -> 0.2 | E39: =(1-EXP(-D39*C39))/(D39*C39) -> 0.43233236 | F39: (Carla updating)
B40: Africa & Middle East | C40: 10 | D40: =$H$8 -> 0.2 | E40: =(1-EXP(-D40*C40))/(D40*C40) -> 0.43233236 | F40: (Carla updating)
B41: Central Asia | C41: 10 | D41: =$H$8 -> 0.2 | E41: =(1-EXP(-D41*C41))/(D41*C41) -> 0.43233236 | F41: (Carla updating)
B42: Southeast Asia | C42: 10 | D42: =$H$8 -> 0.2 | E42: =(1-EXP(-D42*C42))/(D42*C42) -> 0.43233236 | F42: (Carla updating)
B43: Northern regions | C43: 10 | D43: =$H$8 -> 0.2 | E43: =(1-EXP(-D43*C43))/(D43*C43) -> 0.43233236 | F43: (Carla updating)
B44: Oceania | C44: 10 | D44: =$H$8 -> 0.2 | E44: =(1-EXP(-D44*C44))/(D44*C44) -> 0.43233236 | F44: (Carla updating)
A45: Seawater column | B45: – | C45: – | D45: – | E45: 0
A46: Marine sediment | B46: – | C46: – | D46: – | E46: 0
A47: Note: Since cloudwater is discontinuous droplets in air, we neglect the UV attenuation in cloudwater (K_d is defined for continuous water columns)

Sheet 2.1.sed_rates
B2: Default sedimentation rates for low-density polymers
B4: Default sedimentation rates are taken from Corella-Puertas et al. (2023). They are only used when SBoo returns a settling velocity of 0 m/s (for particles with density lower than that of water). For the marine environment, these default settling velocities are not used, as TrackMPD is used to derive settling velocities. TrackMPD value are shown for comparison only.
D5: 100 | E5: m | F5: TrackMPD value (water column) | H5: TrackMPD value (water surface)
B6: polymer type | C6: default sed rate [s-1] | D6: default sed velocity [m.s-1] | F6: 1um | G6: 5000um | H6: 1um | I6: 5000um
B7: EPS | C7: 8.35e-13 | D7: =C7*$D$5 -> 8.35e-11 | E7: m/s | F7: ='2.1.trackMPD'!AC11/(24*60*60) -> 4.7732852e-06 | G7: ='2.1.trackMPD'!AC7/(24*60*60) -> 1.9069435e-05 | H7: ='2.1.trackMPD'!AB11/(24*60*60) -> 6.7421007e-06 | I7: ='2.1.trackMPD'!AB7/(24*60*60) -> 6.1388963e-07
B8: PP | C8: 5.67e-10 | D8: =C8*$D$5 -> 5.67e-08 | E8: m/s | F8: ='2.1.trackMPD'!AC51/(24*60*60) -> 4.5227098e-06 | G8: ='2.1.trackMPD'!AC47/(24*60*60) -> 0.0023915465 | H8: ='2.1.trackMPD'!AB51/(24*60*60) -> 4.5139356e-06 | I8: ='2.1.trackMPD'!AB47/(24*60*60) -> 1.2686836e-06
B9: HDPE | C9: 5.67e-10 | D9: =C9*$D$5 -> 5.67e-08 | E9: m/s | F9: ='2.1.trackMPD'!AC21/(24*60*60) -> 5.7336989e-05 | G9: ='2.1.trackMPD'!AC17/(24*60*60) -> 0.0029897651 | H9: ='2.1.trackMPD'!AB21/(24*60*60) -> 1.3226447e-05 | I9: ='2.1.trackMPD'!AB17/(24*60*60) -> 2.3939741e-06
B10: LDPE | C10: 5.67e-10 | D10: =C10*$D$5 -> 5.67e-08 | E10: m/s | F10: ='2.1.trackMPD'!AC31/(24*60*60) -> 7.4430661e-05 | G10: ='2.1.trackMPD'!AC27/(24*60*60) -> 0.0025636687 | H10: ='2.1.trackMPD'!AB31/(24*60*60) -> 1.1641858e-05 | I10: ='2.1.trackMPD'!AB27/(24*60*60) -> 1.5404144e-06

Sheet 2.1.trackMPD
B2: Settling and transfer rates derived from TrackMPD | E2: TO BE FINALIZED
B4: Regional transfer from water surface to water column, and water column to sediments, at continental and global scale was determine through TrackMPD. Transfer from continental to global water is also derived from TrackMPD. More information can be found in Hajjar et al. (2025) on how the model is parametrized. If a velocity is not available, SBoo will compute it.
A5: a | I5: m/d | J5: m/d | K5: d-1 | L5: d-1 | M5: m/d | N5: m/d | AB5: average in open ocean (m/d)
A6: Region | B6: Country_all | C6: Polymer_all | D6: Density_code | E6: Density_all | F6: Shape_all | G6: Size_all | H6: Diameter_all | I6: v_Surf2Col_cont_median_all | J6: v_Col2Sed_cont_median_all | K6: v_Surf2glo_median_all | L6: v_Col2glo_median_all | M6: v_Surf2Col_glo_median_all | N6: v_Col2Sed_glo_median_all | R6: Polymer | S6: Density | T6: Code | V6: Region | W6: Density_code | X6: Density_all | Y6: Shape_all | Z6: Size_all | AA6: Diameter_all | AB6: v_Surf2Col_glo_median_all | AC6: v_Col2Sed_glo_median_all | AJ6: USEtox continent | AK6: Northern regions | AL6: Central Asia | AM6: Southeast Asia | AO6: Oceania | AP6: Europe | AR6: Africa&Middle east | AU6: North America | AV6: Latin America
A7: Northern regions | B7: KaraSea | C7: EPS | D7: 1 | E7: 0.03 | F7: sphere | G7: 0.005 | H7: 0.005 | I7: 0.048790807 | J7: 0.97546155 | K7: 0 | L7: 0 | M7: 0 | N7: 0 | R7: EPS | S7: 36.5 | T7: 1 | V7: Global | W7: 1 | X7: 0.03 | Y7: sphere | Z7: 0.005 | AA7: 0.005 | AB7: =AVERAGEIFS('2.1.trackMPD'!M:M,'2.1.trackMPD'!D:D,W7,'2.1.trackMPD'!F:F,Y7,'2.1.trackMPD'!H:H,AA7) -> 0.053040064 | AC7: =AVERAGEIFS('2.1.trackMPD'!N:N,'2.1.trackMPD'!D:D,W7,'2.1.trackMPD'!F:F,Y7,'2.1.trackMPD'!H:H,AA7) -> 1.6475992 | AJ7: receiving sea | AK7: Kara sea | AL7: Sea of Okhotsk | AM7: EC-Japan | AN7: Bay of Bengal | AO7: (didnt specify) | AP7: Mediterranean (greece) | AQ7: North sea | AR7: mediterranean (Nile) | AS7: Gulf of Guinea | AT7: Congo | AU7: (didnt specify) | AV7: (didnt specify)
A8: Northern regions | B8: KaraSea | C8: EPS | D8: 1 | E8: 0.03 | F8: sphere | G8: 0.001 | H8: 0.001 | I8: 0.044993512 | J8: 1.165717 | K8: 0 | L8: 0 | M8: 0 | N8: 0 | R8: HDPE | S8: 955 | T8: 4 | V8: Global | W8: 1 | X8: 0.03 | Y8: sphere | Z8: 0.001 | AA8: 0.001 | AB8: =AVERAGEIFS('2.1.trackMPD'!M:M,'2.1.trackMPD'!D:D,W8,'2.1.trackMPD'!F:F,Y8,'2.1.trackMPD'!H:H,AA8) -> 0.13442525 | AC8: =AVERAGEIFS('2.1.trackMPD'!N:N,'2.1.trackMPD'!D:D,W8,'2.1.trackMPD'!F:F,Y8,'2.1.trackMPD'!H:H,AA8) -> 126.60157 | AJ8: Microplastic load Model 1 [tons y-1] (Schmidt et al., 2017) | AK8: 795.54958 | AL8: 38267.5 | AM8: 1469480.8 | AN8: 72844.777 | AO8: 1526.2218 | AP8: 73.158823 | AQ8: 472.68921 | AR8: 84791.834 | AS8: 35195.802 | AT8: 13445.699 | AU8: 572.01341 | AV8: 3729.1249
A9: Northern regions | B9: KaraSea | C9: EPS | D9: 1 | E9: 0.03 | F9: sphere | G9: 0.0001 | H9: 0.0001 | I9: 0.17322306 | J9: 3.4404077 | K9: 0 | L9: 0 | M9: 0 | N9: 0 | R9: LDPE | S9: 925 | T9: 3 | V9: Global | W9: 1 | X9: 0.03 | Y9: sphere | Z9: 0.0001 | AA9: 0.0001 | AB9: =AVERAGEIFS('2.1.trackMPD'!M:M,'2.1.trackMPD'!D:D,W9,'2.1.trackMPD'!F:F,Y9,'2.1.trackMPD'!H:H,AA9) -> 0.89184001 | AC9: =AVERAGEIFS('2.1.trackMPD'!N:N,'2.1.trackMPD'!D:D,W9,'2.1.trackMPD'!F:F,Y9,'2.1.trackMPD'!H:H,AA9) -> 17.543218
A10: Northern regions | B10: KaraSea | C10: EPS | D10: 1 | E10: 0.03 | F10: sphere | G10: 1e-05 | H10: 1e-05 | I10: 0.42721449 | J10: 1.4827506 | K10: 0 | L10: 0 | M10: 0 | N10: 0 | R10: PA_Nylon | S10: 1240 | T10: 6 | V10: Global | W10: 1 | X10: 0.03 | Y10: sphere | Z10: 1e-05 | AA10: 1e-05 | AB10: =AVERAGEIFS('2.1.trackMPD'!M:M,'2.1.trackMPD'!D:D,W10,'2.1.trackMPD'!F:F,Y10,'2.1.trackMPD'!H:H,AA10) -> 0.6308517 | AC10: =AVERAGEIFS('2.1.trackMPD'!N:N,'2.1.trackMPD'!D:D,W10,'2.1.trackMPD'!F:F,Y10,'2.1.trackMPD'!H:H,AA10) -> 5.2478272
A11: Northern regions | B11: KaraSea | C11: EPS | D11: 1 | E11: 0.03 | F11: sphere | G11: 1e-06 | H11: 1e-06 | I11: 0.061039138 | J11: 0.99927459 | K11: 0 | L11: 0 | M11: 0 | N11: 0 | R11: PET | S11: 1350 | T11: 6 | V11: Global | W11: 1 | X11: 0.03 | Y11: sphere | Z11: 1e-06 | AA11: 1e-06 | AB11: =AVERAGEIFS('2.1.trackMPD'!M:M,'2.1.trackMPD'!D:D,W11,'2.1.trackMPD'!F:F,Y11,'2.1.trackMPD'!H:H,AA11) -> 0.5825175 | AC11: =AVERAGEIFS('2.1.trackMPD'!N:N,'2.1.trackMPD'!D:D,W11,'2.1.trackMPD'!F:F,Y11,'2.1.trackMPD'!H:H,AA11) -> 0.41241184
A12: Northern regions | B12: KaraSea | C12: EPS | D12: 1 | E12: 0.03 | F12: fiber | G12: 0.005 | H12: 0.001 | I12: 0.050674625 | J12: 0.97523805 | K12: 0 | L12: 0 | M12: 0 | N12: 0 | R12: PP | S12: 885 | T12: 2 | V12: Global | W12: 1 | X12: 0.03 | Y12: fiber | Z12: 0.005 | AA12: 0.001 | AB12: =AVERAGEIFS('2.1.trackMPD'!M:M,'2.1.trackMPD'!D:D,W12,'2.1.trackMPD'!F:F,Y12,'2.1.trackMPD'!H:H,AA12) -> 0.061415057 | AC12: =AVERAGEIFS('2.1.trackMPD'!N:N,'2.1.trackMPD'!D:D,W12,'2.1.trackMPD'!F:F,Y12,'2.1.trackMPD'!H:H,AA12) -> 56.10675
A13: Northern regions | B13: KaraSea | C13: EPS | D13: 1 | E13: 0.03 | F13: fiber | G13: 0.001 | H13: 0.0001 | I13: 0.10922152 | J13: 2.4484587 | K13: 0 | L13: 0 | M13: 0 | N13: 0 | R13: PS | S13: 1040 | T13: 5 | V13: Global | W13: 1 | X13: 0.03 | Y13: fiber | Z13: 0.001 | AA13: 0.0001 | AB13: =AVERAGEIFS('2.1.trackMPD'!M:M,'2.1.trackMPD'!D:D,W13,'2.1.trackMPD'!F:F,Y13,'2.1.trackMPD'!H:H,AA13) -> 0.38564733 | AC13: =AVERAGEIFS('2.1.trackMPD'!N:N,'2.1.trackMPD'!D:D,W13,'2.1.trackMPD'!F:F,Y13,'2.1.trackMPD'!H:H,AA13) -> 40.095027
A14: Northern regions | B14: KaraSea | C14: EPS | D14: 1 | E14: 0.03 | F14: fiber | G14: 0.0001 | H14: 1e-05 | I14: 0.53087132 | J14: 3.4271453 | K14: 0 | L14: 0 | M14: 0 | N14: 0 | R14: PVC | S14: 1380 | T14: 6 | V14: Global | W14: 1 | X14: 0.03 | Y14: fiber | Z14: 0.0001 | AA14: 1e-05 | AB14: =AVERAGEIFS('2.1.trackMPD'!M:M,'2.1.trackMPD'!D:D,W14,'2.1.trackMPD'!F:F,Y14,'2.1.trackMPD'!H:H,AA14) -> 0.32073267 | AC14: =AVERAGEIFS('2.1.trackMPD'!N:N,'2.1.trackMPD'!D:D,W14,'2.1.trackMPD'!F:F,Y14,'2.1.trackMPD'!H:H,AA14) -> 1.7028413
A15: Northern regions | B15: KaraSea | C15: EPS | D15: 1 | E15: 0.03 | F15: fiber | G15: 5e-05 | H15: 1e-06 | I15: 0.11181453 | J15: 0.98455713 | K15: 0 | L15: 0 | M15: 0 | N15: 0 | R15: PU | S15: 1200 | T15: 5 | V15: Global | W15: 1 | X15: 0.03 | Y15: fiber | Z15: 5e-05 | AA15: 1e-06 | AB15: =AVERAGEIFS('2.1.trackMPD'!M:M,'2.1.trackMPD'!D:D,W15,'2.1.trackMPD'!F:F,Y15,'2.1.trackMPD'!H:H,AA15) -> 0.32923644 | AC15: =AVERAGEIFS('2.1.trackMPD'!N:N,'2.1.trackMPD'!D:D,W15,'2.1.trackMPD'!F:F,Y15,'2.1.trackMPD'!H:H,AA15) -> 0.63879947
A16: Northern regions | B16: KaraSea | C16: EPS | D16: 1 | E16: 0.03 | F16: fiber | G16: 0.025 | H16: 0.005 | I16: 0.047288178 | J16: 0.99707771 | K16: 0 | L16: 0 | M16: 0 | N16: 0 | R16: PAN | S16: 1184 | T16: 5 | V16: Global | W16: 1 | X16: 0.03 | Y16: fiber | Z16: 0.025 | AA16: 0.005 | AB16: =AVERAGEIFS('2.1.trackMPD'!M:M,'2.1.trackMPD'!D:D,W16,'2.1.trackMPD'!F:F,Y16,'2.1.trackMPD'!H:H,AA16) -> 0.43924212 | AC16: =AVERAGEIFS('2.1.trackMPD'!N:N,'2.1.trackMPD'!D:D,W16,'2.1.trackMPD'!F:F,Y16,'2.1.trackMPD'!H:H,AA16) -> 0.71687786
A17: Northern regions | B17: KaraSea | C17: HDPE | D17: 4 | E17: 0.953 | F17: sphere | G17: 0.005 | H17: 0.005 | I17: 0.0446751 | J17: 1.4148403 | K17: 0 | L17: 0 | M17: 0 | N17: 0 | R17: TRWP | S17: 1800 | T17: 6 | V17: Global | W17: 4 | X17: 0.953 | Y17: sphere | Z17: 0.005 | AA17: 0.005 | AB17: =AVERAGEIFS('2.1.trackMPD'!M:M,'2.1.trackMPD'!D:D,W17,'2.1.trackMPD'!F:F,Y17,'2.1.trackMPD'!H:H,AA17) -> 0.20683936 | AC17: =AVERAGEIFS('2.1.trackMPD'!N:N,'2.1.trackMPD'!D:D,W17,'2.1.trackMPD'!F:F,Y17,'2.1.trackMPD'!H:H,AA17) -> 258.31571
A18: Northern regions | B18: KaraSea | C18: HDPE | D18: 4 | E18: 0.953 | F18: sphere | G18: 0.001 | H18: 0.001 | I18: 0.15253466 | J18: 3.4790329 | K18: 0 | L18: 0 | M18: 0 | N18: 0 | R18: PHA | S18: 1220 | T18: 6 | V18: Global | W18: 4 | X18: 0.953 | Y18: sphere | Z18: 0.001 | AA18: 0.001 | AB18: =AVERAGEIFS('2.1.trackMPD'!M:M,'2.1.trackMPD'!D:D,W18,'2.1.trackMPD'!F:F,Y18,'2.1.trackMPD'!H:H,AA18) -> 1.7524517 | AC18: =AVERAGEIFS('2.1.trackMPD'!N:N,'2.1.trackMPD'!D:D,W18,'2.1.trackMPD'!F:F,Y18,'2.1.trackMPD'!H:H,AA18) -> 94.049134
A19: Northern regions | B19: KaraSea | C19: HDPE | D19: 4 | E19: 0.953 | F19: sphere | G19: 0.0001 | H19: 0.0001 | I19: 0.87789609 | J19: 12.3929 | K19: 0 | L19: 0 | M19: 0 | N19: 0 | R19: PLA | S19: 1240 | T19: 6 | V19: Global | W19: 4 | X19: 0.953 | Y19: sphere | Z19: 0.0001 | AA19: 0.0001 | AB19: =AVERAGEIFS('2.1.trackMPD'!M:M,'2.1.trackMPD'!D:D,W19,'2.1.trackMPD'!F:F,Y19,'2.1.trackMPD'!H:H,AA19) -> 0.87736206 | AC19: =AVERAGEIFS('2.1.trackMPD'!N:N,'2.1.trackMPD'!D:D,W19,'2.1.trackMPD'!F:F,Y19,'2.1.trackMPD'!H:H,AA19) -> 12.083765
A20: Northern regions | B20: KaraSea | C20: HDPE | D20: 4 | E20: 0.953 | F20: sphere | G20: 1e-05 | H20: 1e-05 | I20: 0.57103849 | J20: 1.5342524 | K20: 0 | L20: 0 | M20: 0 | N20: 0 | R20: PCL | S20: 1150 | T20: 5 | V20: Global | W20: 4 | X20: 0.953 | Y20: sphere | Z20: 1e-05 | AA20: 1e-05 | AB20: =AVERAGEIFS('2.1.trackMPD'!M:M,'2.1.trackMPD'!D:D,W20,'2.1.trackMPD'!F:F,Y20,'2.1.trackMPD'!H:H,AA20) -> 1.1072854 | AC20: =AVERAGEIFS('2.1.trackMPD'!N:N,'2.1.trackMPD'!D:D,W20,'2.1.trackMPD'!F:F,Y20,'2.1.trackMPD'!H:H,AA20) -> 6.6273913
... A29: Northern regions | B29: KaraSea | C29: LDPE | D29: 3 | E29: 0.915 | F29: sphere | G29: 0.0001 | H29: 0.0001 | I29: 0.67001856 | J29: 10.515711 | K29: 0 | L29: 0 | M29: 0 | N29: 0 | R29: Modal | S29: 1520 | T29: 6 | V29: Global | W29: 3 | X29: 0.915 | Y29: sphere | Z29: 0.0001 | AA29: 0.0001 | AB29: =AVERAGEIFS('2.1.trackMPD'!M:M,'2.1.trackMPD'!D:D,W29,'2.1.trackMPD'!F:F,Y29,'2.1.trackMPD'!H:H,AA29) -> 0.71945823 | AC29: =AVERAGEIFS('2.1.trackMPD'!N:N,'2.1.trackMPD'!D:D,W29,'2.1.trackMPD'!F:F,Y29,'2.1.trackMPD'!H:H,AA29) -> 11.788389
A30: Northern regions | B30: KaraSea | C30: LDPE | D30: 3 | E30: 0.915 | F30: sphere | G30: 1e-05 | H30: 1e-05 | I30: 0.61909204 | J30: 1.5431022 | K30: 0 | L30: 0 | M30: 0 | N30: 0 | V30: Global | W30: 3 | X30: 0.915 | Y30: sphere | Z30: 1e-05 | AA30: 1e-05 | AB30: =AVERAGEIFS('2.1.trackMPD'!M:M,'2.1.trackMPD'!D:D,W30,'2.1.trackMPD'!F:F,Y30,'2.1.trackMPD'!H:H,AA30) -> 1.0438001 | AC30: =AVERAGEIFS('2.1.trackMPD'!N:N,'2.1.trackMPD'!D:D,W30,'2.1.trackMPD'!F:F,Y30,'2.1.trackMPD'!H:H,AA30) -> 7.0612195
A31: Northern regions | B31: KaraSea | C31: LDPE | D31: 3 | E31: 0.915 | F31: sphere | G31: 1e-06 | H31: 1e-06 | I31: 0.058903128 | J31: 0.95410888 | K31: 0 | L31: 0 | M31: 0 | N31: 0 | V31: Global | W31: 3 | X31: 0.915 | Y31: sphere | Z31: 1e-06 | AA31: 1e-06 | AB31: =AVERAGEIFS('2.1.trackMPD'!M:M,'2.1.trackMPD'!D:D,W31,'2.1.trackMPD'!F:F,Y31,'2.1.trackMPD'!H:H,AA31) -> 1.0058565 | AC31: =AVERAGEIFS('2.1.trackMPD'!N:N,'2.1.trackMPD'!D:D,W31,'2.1.trackMPD'!F:F,Y31,'2.1.trackMPD'!H:H,AA31) -> 6.4308091
A32: Northern regions | B32: KaraSea | C32: LDPE | D32: 3 | E32: 0.915 | F32: fiber | G32: 0.005 | H32: 0.001 | I32: 0.072215558 | J32: 1.6948904 | K32: 0 | L32: 0 | M32: 0 | N32: 0 | R32: Density_code | S32: Density | T32: Density | V32: Global | W32: 3 | X32: 0.915 | Y32: fiber | Z32: 0.005 | AA32: 0.001 | AB32: =AVERAGEIFS('2.1.trackMPD'!M:M,'2.1.trackMPD'!D:D,W32,'2.1.trackMPD'!F:F,Y32,'2.1.trackMPD'!H:H,AA32) -> 1.3351858 | AC32: =AVERAGEIFS('2.1.trackMPD'!N:N,'2.1.trackMPD'!D:D,W32,'2.1.trackMPD'!F:F,Y32,'2.1.trackMPD'!H:H,AA32) -> 163.93942
A33: Northern regions | B33: KaraSea | C33: LDPE | D33: 3 | E33: 0.915 | F33: fiber | G33: 0.001 | H33: 0.0001 | I33: 0.46781272 | J33: 12.647985 | K33: 0 | L33: 0 | M33: 0 | N33: 0 | R33: 1 | S33: 0.03 | T33: =S33*1000 -> 30 | V33: Global | W33: 3 | X33: 0.915 | Y33: fiber | Z33: 0.001 | AA33: 0.0001 | AB33: =AVERAGEIFS('2.1.trackMPD'!M:M,'2.1.trackMPD'!D:D,W33,'2.1.trackMPD'!F:F,Y33,'2.1.trackMPD'!H:H,AA33) -> 0.71996929 | AC33: =AVERAGEIFS('2.1.trackMPD'!N:N,'2.1.trackMPD'!D:D,W33,'2.1.trackMPD'!F:F,Y33,'2.1.trackMPD'!H:H,AA33) -> 23.611256
A34: Northern regions | B34: KaraSea | C34: LDPE | D34: 3 | E34: 0.915 | F34: fiber | G34: 0.0001 | H34: 1e-05 | I34: 1.3087316 | J34: 4.0193651 | K34: 0 | L34: 0 | M34: 0 | N34: 0 | R34: 4 | S34: 0.953 | T34: =S34*1000 -> 953 | V34: Global | W34: 3 | X34: 0.915 | Y34: fiber | Z34: 0.0001 | AA34: 1e-05 | AB34: =AVERAGEIFS('2.1.trackMPD'!M:M,'2.1.trackMPD'!D:D,W34,'2.1.trackMPD'!F:F,Y34,'2.1.trackMPD'!H:H,AA34) -> 0.42490207 | AC34: =AVERAGEIFS('2.1.trackMPD'!N:N,'2.1.trackMPD'!D:D,W34,'2.1.trackMPD'!F:F,Y34,'2.1.trackMPD'!H:H,AA34) -> 1.0812044
A35: Northern regions | B35: KaraSea | C35: LDPE | D35: 3 | E35: 0.915 | F35: fiber | G35: 5e-05 | H35: 1e-06 | I35: 0.090789745 | J35: 1.0352833 | K35: 0 | L35: 0 | M35: 0 | N35: 0 | R35: 3 | S35: 0.915 | T35: =S35*1000 -> 915 | V35: Global | W35: 3 | X35: 0.915 | Y35: fiber | Z35: 5e-05 | AA35: 1e-06 | AB35: =AVERAGEIFS('2.1.trackMPD'!M:M,'2.1.trackMPD'!D:D,W35,'2.1.trackMPD'!F:F,Y35,'2.1.trackMPD'!H:H,AA35) -> 0.40782811 | AC35: =AVERAGEIFS('2.1.trackMPD'!N:N,'2.1.trackMPD'!D:D,W35,'2.1.trackMPD'!F:F,Y35,'2.1.trackMPD'!H:H,AA35) -> 1.0738279
A36: Northern regions | B36: KaraSea | C36: LDPE | D36: 3 | E36: 0.915 | F36: fiber | G36: 0.025 | H36: 0.005 | I36: 0.047214622 | J36: 1.0332251 | K36: 0 | L36: 0 | M36: 0 | N36: 0 | R36: 6 | S36: 1.35 | T36: =S36*1000 -> 1350 | V36: Global | W36: 3 | X36: 0.915 | Y36: fiber | Z36: 0.025 | AA36: 0.005 | AB36: =AVERAGEIFS('2.1.trackMPD'!M:M,'2.1.trackMPD'!D:D,W36,'2.1.trackMPD'!F:F,Y36,'2.1.trackMPD'!H:H,AA36) -> 0.093025052 | AC36: =AVERAGEIFS('2.1.trackMPD'!N:N,'2.1.trackMPD'!D:D,W36,'2.1.trackMPD'!F:F,Y36,'2.1.trackMPD'!H:H,AA36) -> 133.50967
A37: Northern regions | B37: KaraSea | C37: PET | D37: 6 | E37: 1.35 | F37: sphere | G37: 0.005 | H37: 0.005 | I37: 23776.897 | J37: 20118.882 | K37: 0 | L37: 0 | M37: 0 | N37: 0 | R37: 2 | S37: 0.88 | T37: =S37*1000 -> 880 | V37: Global | W37: 6 | X37: 1.35 | Y37: sphere | Z37: 0.005 | AA37: 0.005 | AB37: =AVERAGEIFS('2.1.trackMPD'!M:M,'2.1.trackMPD'!D:D,W37,'2.1.trackMPD'!F:F,Y37,'2.1.trackMPD'!H:H,AA37) -> 77.933979 | AC37: =AVERAGEIFS('2.1.trackMPD'!N:N,'2.1.trackMPD'!D:D,W37,'2.1.trackMPD'!F:F,Y37,'2.1.trackMPD'!H:H,AA37) -> 2201.9651
A38: Northern regions | B38: KaraSea | C38: PET | D38: 6 | E38: 1.35 | F38: sphere | G38: 0.001 | H38: 0.001 | I38: 6047.4725 | J38: 5117.0911 | K38: 0 | L38: 0 | M38: 0 | N38: 0 | R38: 5 | S38: 1.06 | T38: =S38*1000 -> 1060 | V38: Global | W38: 6 | X38: 1.35 | Y38: sphere | Z38: 0.001 | AA38: 0.001 | AB38: =AVERAGEIFS('2.1.trackMPD'!M:M,'2.1.trackMPD'!D:D,W38,'2.1.trackMPD'!F:F,Y38,'2.1.trackMPD'!H:H,AA38) -> 77.799554 | AC38: =AVERAGEIFS('2.1.trackMPD'!N:N,'2.1.trackMPD'!D:D,W38,'2.1.trackMPD'!F:F,Y38,'2.1.trackMPD'!H:H,AA38) -> 557.50774
A39: Northern regions | B39: KaraSea | C39: PET | D39: 6 | E39: 1.35 | F39: sphere | G39: 0.0001 | H39: 0.0001 | I39: 166.86412 | J39: 139.99844 | K39: 0 | L39: 0 | M39: 0 | N39: 0 | V39: Global | W39: 6 | X39: 1.35 | Y39: sphere | Z39: 0.0001 | AA39: 0.0001 | AB39: =AVERAGEIFS('2.1.trackMPD'!M:M,'2.1.trackMPD'!D:D,W39,'2.1.trackMPD'!F:F,Y39,'2.1.trackMPD'!H:H,AA39) -> 15.277385 | AC39: =AVERAGEIFS('2.1.trackMPD'!N:N,'2.1.trackMPD'!D:D,W39,'2.1.trackMPD'!F:F,Y39,'2.1.trackMPD'!H:H,AA39) -> 13.674018
A40: Northern regions | B40: KaraSea | C40: PET | D40: 6 | E40: 1.35 | F40: sphere | G40: 1e-05 | H40: 1e-05 | I40: 0.62438312 | J40: 1.5522332 | K40: 0 | L40: 0 | M40: 0 | N40: 0 | V40: Global | W40: 6 | X40: 1.35 | Y40: sphere | Z40: 1e-05 | AA40: 1e-05 | AB40: =AVERAGEIFS('2.1.trackMPD'!M:M,'2.1.trackMPD'!D:D,W40,'2.1.trackMPD'!F:F,Y40,'2.1.trackMPD'!H:H,AA40) -> 0.58783861 | AC40: =AVERAGEIFS('2.1.trackMPD'!N:N,'2.1.trackMPD'!D:D,W40,'2.1.trackMPD'!F:F,Y40,'2.1.trackMPD'!H:H,AA40) -> 0.64971542
A41: Northern regions | B41: KaraSea | C41: PET | D41: 6 | E41: 1.35 | F41: sphere | G41: 1e-06 | H41: 1e-06 | I41: 0.05881424 | J41: 0.9909337 | K41: 0 | L41: 0 | M41: 0 | N41: 0 | V41: Global | W41: 6 | X41: 1.35 | Y41: sphere | Z41: 1e-06 | AA41: 1e-06 | AB41: =AVERAGEIFS('2.1.trackMPD'!M:M,'2.1.trackMPD'!D:D,W41,'2.1.trackMPD'!F:F,Y41,'2.1.trackMPD'!H:H,AA41) -> 0.24795334 | AC41: =AVERAGEIFS('2.1.trackMPD'!N:N,'2.1.trackMPD'!D:D,W41,'2.1.trackMPD'!F:F,Y41,'2.1.trackMPD'!H:H,AA41) -> 0.57813015
A42: Northern regions | B42: KaraSea | C42: PET | D42: 6 | E42: 1.35 | F42: fiber | G42: 0.005 | H42: 0.001 | I42: 5457.5651 | J42: 4617.9382 | K42: 0 | L42: 0 | M42: 0 | N42: 0 | V42: Global | W42: 6 | X42: 1.35 | Y42: fiber | Z42: 0.005 | AA42: 0.001 | AB42: =AVERAGEIFS('2.1.trackMPD'!M:M,'2.1.trackMPD'!D:D,W42,'2.1.trackMPD'!F:F,Y42,'2.1.trackMPD'!H:H,AA42) -> 77.780723 | AC42: =AVERAGEIFS('2.1.trackMPD'!N:N,'2.1.trackMPD'!D:D,W42,'2.1.trackMPD'!F:F,Y42,'2.1.trackMPD'!H:H,AA42) -> 504.59041
A43: Northern regions | B43: KaraSea | C43: PET | D43: 6 | E43: 1.35 | F43: fiber | G43: 0.001 | H43: 0.0001 | I43: 486.2807 | J43: 411.52718 | K43: 0 | L43: 0 | M43: 0 | N43: 0 | V43: Global | W43: 6 | X43: 1.35 | Y43: fiber | Z43: 0.001 | AA43: 0.0001 | AB43: =AVERAGEIFS('2.1.trackMPD'!M:M,'2.1.trackMPD'!D:D,W43,'2.1.trackMPD'!F:F,Y43,'2.1.trackMPD'!H:H,AA43) -> 45.17875 | AC43: =AVERAGEIFS('2.1.trackMPD'!N:N,'2.1.trackMPD'!D:D,W43,'2.1.trackMPD'!F:F,Y43,'2.1.trackMPD'!H:H,AA43) -> 43.682338
A44: Northern regions | B44: KaraSea | C44: PET | D44: 6 | E44: 1.35 | F44: fiber | G44: 0.0001 | H44: 1e-05 | I44: 6.1950559 | J44: 5.4855122 | K44: 0 | L44: 0 | M44: 0 | N44: 0 | V44: Global | W44: 6 | X44: 1.35 | Y44: fiber | Z44: 0.0001 | AA44: 1e-05 | AB44: =AVERAGEIFS('2.1.trackMPD'!M:M,'2.1.trackMPD'!D:D,W44,'2.1.trackMPD'!F:F,Y44,'2.1.trackMPD'!H:H,AA44) -> 0.54625719 | AC44: =AVERAGEIFS('2.1.trackMPD'!N:N,'2.1.trackMPD'!D:D,W44,'2.1.trackMPD'!F:F,Y44,'2.1.trackMPD'!H:H,AA44) -> 1.9116258
A45: Northern regions | B45: KaraSea | C45: PET | D45: 6 | E45: 1.35 | F45: fiber | G45: 5e-05 | H45: 1e-06 | I45: 0.087138098 | J45: 1.0057596 | K45: 0 | L45: 0 | M45: 0 | N45: 0 | V45: Global | W45: 6 | X45: 1.35 | Y45: fiber | Z45: 5e-05 | AA45: 1e-06 | AB45: =AVERAGEIFS('2.1.trackMPD'!M:M,'2.1.trackMPD'!D:D,W45,'2.1.trackMPD'!F:F,Y45,'2.1.trackMPD'!H:H,AA45) -> 0.57459755 | AC45: =AVERAGEIFS('2.1.trackMPD'!N:N,'2.1.trackMPD'!D:D,W45,'2.1.trackMPD'!F:F,Y45,'2.1.trackMPD'!H:H,AA45) -> 1.1878627
A46: Northern regions | B46: KaraSea | C46: PET | D46: 6 | E46: 1.35 | F46: fiber | G46: 0.025 | H46: 0.005 | I46: 13202.488 | J46: 11171.331 | K46: 0 | L46: 0 | M46: 0 | N46: 0 | V46: Global | W46: 6 | X46: 1.35 | Y46: fiber | Z46: 0.025 | AA46: 0.005 | AB46: =AVERAGEIFS('2.1.trackMPD'!M:M,'2.1.trackMPD'!D:D,W46,'2.1.trackMPD'!F:F,Y46,'2.1.trackMPD'!H:H,AA46) -> 87.634777 | AC46: =AVERAGEIFS('2.1.trackMPD'!N:N,'2.1.trackMPD'!D:D,W46,'2.1.trackMPD'!F:F,Y46,'2.1.trackMPD'!H:H,AA46) -> 1378.1482
A47: Northern regions | B47: KaraSea | C47: PP | D47: 2 | E47: 0.88 | F47: sphere | G47: 0.005 | H47: 0.005 | I47: 0.043695647 | J47: 1.0818258 | K47: 0 | L47: 0 | M47: 0 | N47: 0 | V47: Global | W47: 2 | X47: 0.88 | Y47: sphere | Z47: 0.005 | AA47: 0.005 | AB47: =AVERAGEIFS('2.1.trackMPD'!M:M,'2.1.trackMPD'!D:D,W47,'2.1.trackMPD'!F:F,Y47,'2.1.trackMPD'!H:H,AA47) -> 0.10961426 | AC47: =AVERAGEIFS('2.1.trackMPD'!N:N,'2.1.trackMPD'!D:D,W47,'2.1.trackMPD'!F:F,Y47,'2.1.trackMPD'!H:H,AA47) -> 206.62962
A48: Northern regions | B48: KaraSea | C48: PP | D48: 2 | E48: 0.88 | F48: sphere | G48: 0.001 | H48: 0.001 | I48: 0.084102371 | J48: 1.9131786 | K48: 0 | L48: 0 | M48: 0 | N48: 0 | V48: Global | W48: 2 | X48: 0.88 | Y48: sphere | Z48: 0.001 | AA48: 0.001 | AB48: =AVERAGEIFS('2.1.trackMPD'!M:M,'2.1.trackMPD'!D:D,W48,'2.1.trackMPD'!F:F,Y48,'2.1.trackMPD'!H:H,AA48) -> 2.4066553 | AC48: =AVERAGEIFS('2.1.trackMPD'!N:N,'2.1.trackMPD'!D:D,W48,'2.1.trackMPD'!F:F,Y48,'2.1.trackMPD'!H:H,AA48) -> 127.59945
A49: Northern regions | B49: KaraSea | C49: PP | D49: 2 | E49: 0.88 | F49: sphere | G49: 0.0001 | H49: 0.0001 | I49: 0.52986312 | J49: 9.6609217 | K49: 0 | L49: 0 | M49: 0 | N49: 0 | V49: Global | W49: 2 | X49: 0.88 | Y49: sphere | Z49: 0.0001 | AA49: 0.0001 | AB49: =AVERAGEIFS('2.1.trackMPD'!M:M,'2.1.trackMPD'!D:D,W49,'2.1.trackMPD'!F:F,Y49,'2.1.trackMPD'!H:H,AA49) -> 0.62592446 | AC49: =AVERAGEIFS('2.1.trackMPD'!N:N,'2.1.trackMPD'!D:D,W49,'2.1.trackMPD'!F:F,Y49,'2.1.trackMPD'!H:H,AA49) -> 11.411934
A50: Northern regions | B50: KaraSea | C50: PP | D50: 2 | E50: 0.88 | F50: sphere | G50: 1e-05 | H50: 1e-05 | I50: 0.51893116 | J50: 1.5063067 | K50: 0 | L50: 0 | M50: 0 | N50: 0 | V50: Global | W50: 2 | X50: 0.88 | Y50: sphere | Z50: 1e-05 | AA50: 1e-05 | AB50: =AVERAGEIFS('2.1.trackMPD'!M:M,'2.1.trackMPD'!D:D,W50,'2.1.trackMPD'!F:F,Y50,'2.1.trackMPD'!H:H,AA50) -> 1.0457289 | AC50: =AVERAGEIFS('2.1.trackMPD'!N:N,'2.1.trackMPD'!D:D,W50,'2.1.trackMPD'!F:F,Y50,'2.1.trackMPD'!H:H,AA50) -> 6.7616699
... A66: Northern regions | B66: KaraSea | C66: PS | D66: 5 | E66: 1.06 | F66: fiber | G66: 0.025 | H66: 0.005 | I66: 4793.7125 | J66: 4056.2173 | K66: 0 | L66: 0 | M66: 0 | N66: 0 | V66: Global | W66: 5 | X66: 1.06 | Y66: fiber | Z66: 0.025 | AA66: 0.005 | AB66: =AVERAGEIFS('2.1.trackMPD'!M:M,'2.1.trackMPD'!D:D,W66,'2.1.trackMPD'!F:F,Y66,'2.1.trackMPD'!H:H,AA66) -> 87.450336 | AC66: =AVERAGEIFS('2.1.trackMPD'!N:N,'2.1.trackMPD'!D:D,W66,'2.1.trackMPD'!F:F,Y66,'2.1.trackMPD'!H:H,AA66) -> 459.05571
A67: Southeast Asia | B67: BayBengal | C67: EPS | D67: 1 | E67: 0.03 | F67: sphere | G67: 0.005 | H67: 0.005 | I67: 0.018685911 | J67: 0.49030183 | K67: 0.079626216 | L67: 0.022236118 | M67: 0.07925047 | N67: 0.26434724
A68: Southeast Asia | B68: BayBengal | C68: EPS | D68: 1 | E68: 0.03 | F68: sphere | G68: 0.001 | H68: 0.001 | I68: 0.026476879 | J68: 0.71759348 | K68: 0.022716644 | L68: 0.072480592 | M68: 0.1443294 | N68: 157.16682
A69: Southeast Asia | B69: BayBengal | C69: EPS | D69: 1 | E69: 0.03 | F69: sphere | G69: 0.0001 | H69: 0.0001 | I69: 0.066176414 | J69: 14.768717 | K69: 0 | L69: 0.12752613 | M69: 0 | N69: 33.754199
A70: Southeast Asia | B70: BayBengal | C70: EPS | D70: 1 | E70: 0.03 | F70: sphere | G70: 1e-05 | H70: 1e-05 | I70: 0.096744169 | J70: 1.2184042 | K70: 0.12765957 | L70: 0.031069059 | M70: 1.1540396 | N70: 0.78792928
A71: Southeast Asia | B71: BayBengal | C71: EPS | D71: 1 | E71: 0.03 | F71: sphere | G71: 1e-06 | H71: 1e-06 | I71: 0.027998619 | J71: 0.77217233 | K71: 0.019694802 | L71: 0.050632911 | M71: 0.19158101 | N71: 0.66789066
A72: Southeast Asia | B72: BayBengal | C72: EPS | D72: 1 | E72: 0.03 | F72: fiber | G72: 0.005 | H72: 0.001 | I72: 0.022258077 | J72: 0.71870304 | K72: 0.023210832 | L72: 0.097808765 | M72: 0.064931631 | N72: 56.334516
A73: Southeast Asia | B73: BayBengal | C73: EPS | D73: 1 | E73: 0.03 | F73: fibre | G73: 0.001 | H73: 0.0001 | I73: 0.041015571 | J73: 13.406021 | K73: 0 | L73: 0.094488189 | M73: 0 | N73: 9.1430883
A74: Southeast Asia | B74: BayBengal | C74: EPS | D74: 1 | E74: 0.03 | F74: fibre | G74: 0.0001 | H74: 1e-05 | I74: 0.27415792 | J74: 10.84665 | K74: 0 | L74: 0 | M74: 0 | N74: 0
A75: Southeast Asia | B75: BayBengal | C75: EPS | D75: 1 | E75: 0.03 | F75: fibre | G75: 5e-05 | H75: 1e-06 | I75: 0.20357851 | J75: 1.3438449 | K75: 0.12060301 | L75: 0.045801527 | M75: 0.67644338 | N75: 0.89587159
A76: Southeast Asia | B76: BayBengal | C76: EPS | D76: 1 | E76: 0.03 | F76: fiber | G76: 0.025 | H76: 0.005 | I76: 0.039727939 | J76: 0.84245829 | K76: 0.0353622 | L76: 0.036036036 | M76: 0.07432186 | N76: 0.59577503
A77: Southeast Asia | B77: BayBengal | C77: HDPE | D77: 4 | E77: 0.953 | F77: sphere | G77: 0.005 | H77: 0.005 | I77: 0.036318223 | J77: 1.483173 | K77: 0.026343806 | L77: 0.046260773 | M77: 0.28210387 | N77: 253.69154
A78: Southeast Asia | B78: BayBengal | C78: HDPE | D78: 4 | E78: 0.953 | F78: sphere | G78: 0.001 | H78: 0.001 | I78: 0.075602839 | J78: 30.462977 | K78: 0 | L78: 0 | M78: 0 | N78: 0
... A186: Central Asia | B186: SeaOkhotsk | C186: PS | D186: 5 | E186: 1.06 | F186: fiber | G186: 0.025 | H186: 0.005 | I186: 4473.1017 | J186: 3784.9319 | K186: 0 | L186: 0 | M186: 0 | N186: 0
A187: Oceania | C187: EPS | D187: 1 | E187: 0.03 | F187: sphere | G187: 0.005 | H187: 0.005 | I187: 0.057684107 | J187: 1.3361513 | K187: 0.022922636 | L187: 0 | M187: 0.11446548 | N187: 10.546958
A188: Oceania | C188: EPS | D188: 1 | E188: 0.03 | F188: sphere | G188: 0.001 | H188: 0.001 | I188: 0.072945877 | J188: 1.3370696 | K188: 0.026666667 | L188: 0.081355932 | M188: 0.19055034 | N188: 271.39517
A189: Oceania | C189: EPS | D189: 1 | E189: 0.03 | F189: sphere | G189: 0.0001 | H189: 0.0001 | I189: 0.06560581 | J189: 13.532364 | K189: 0 | L189: 0 | M189: 0 | N189: 0
A190: Oceania | C190: EPS | D190: 1 | E190: 0.03 | F190: sphere | G190: 1e-05 | H190: 1e-05 | I190: 0.080796819 | J190: 1.5400861 | K190: 0 | L190: 0.045112782 | M190: 0 | N190: 0.98402686
A191: Oceania | C191: EPS | D191: 1 | E191: 0.03 | F191: sphere | G191: 1e-06 | H191: 1e-06 | I191: 0.067632512 | J191: 1.5004484 | K191: 0.029339853 | L191: 0.059366207 | M191: 0.12991168 | N191: 0.31950091
A192: Oceania | C192: EPS | D192: 1 | E192: 0.03 | F192: fiber | G192: 0.005 | H192: 0.001 | I192: 0.064450701 | J192: 1.4506094 | K192: 0.025330161 | L192: 0.046153846 | M192: 0.1023713 | N192: 81.123705
A193: Oceania | C193: EPS | D193: 1 | E193: 0.03 | F193: fiber | G193: 0.001 | H193: 0.0001 | I193: 0.041202532 | J193: 13.396125 | K193: 0 | L193: 0 | M193: 0 | N193: 0
A194: Oceania | C194: EPS | D194: 1 | E194: 0.03 | F194: fiber | G194: 0.0001 | H194: 1e-05 | I194: 0.15072039 | J194: 3.8431303 | K194: 0 | L194: 0 | M194: 0 | N194: 0
A195: Oceania | C195: EPS | D195: 1 | E195: 0.03 | F195: fiber | G195: 5e-05 | H195: 1e-06 | I195: 0.1156877 | J195: 3.3105961 | K195: 0.027522936 | L195: 0.20869565 | M195: 0.29160522 | N195: 0.44272107
A196: Oceania | C196: EPS | D196: 1 | E196: 0.03 | F196: fiber | G196: 0.025 | H196: 0.005 | I196: 0.095430381 | J196: 2.946743 | K196: 0.027149321 | L196: 0.20869565 | M196: 1.4588234 | N196: 0.36411298
A197: Oceania | C197: HDPE | D197: 4 | E197: 0.953 | F197: sphere | G197: 0.005 | H197: 0.005 | I197: 0.10133628 | J197: 1.5700804 | K197: 0.0268757 | L197: 0.064 | M197: 0.36294323 | N197: 740.87613
A198: Oceania | C198: HDPE | D198: 4 | E198: 0.953 | F198: sphere | G198: 0.001 | H198: 0.001 | I198: 0.065927381 | J198: 25.991521 | K198: 0 | L198: 0 | M198: 0 | N198: 0
... A306: North America | C306: PS | D306: 5 | E306: 1.06 | F306: fiber | G306: 0.025 | H306: 0.005 | I306: 269082.1 | J306: 3895.668 | K306: 0 | L306: 0 | M306: 0 | N306: 0
A307: Europe | B307: NorthSea | C307: EPS | D307: 1 | E307: 0.03 | F307: sphere | G307: 0.005 | H307: 0.005 | I307: 0.035976643 | J307: 1.0814596 | K307: 0 | L307: 0 | M307: 0 | N307: 0
A308: Europe | B308: NorthSea | C308: EPS | D308: 1 | E308: 0.03 | F308: sphere | G308: 0.001 | H308: 0.001 | I308: 0.028959743 | J308: 1.217802 | K308: 0 | L308: 0 | M308: 0 | N308: 0
A309: Europe | B309: NorthSea | C309: EPS | D309: 1 | E309: 0.03 | F309: sphere | G309: 0.0001 | H309: 0.0001 | I309: 0.071620096 | J309: 4.4684112 | K309: 0 | L309: 0 | M309: 0 | N309: 0
A310: Europe | B310: NorthSea | C310: EPS | D310: 1 | E310: 0.03 | F310: sphere | G310: 1e-05 | H310: 1e-05 | I310: 0.14788197 | J310: 1.5761257 | K310: 0 | L310: 0 | M310: 0 | N310: 0
A311: Europe | B311: NorthSea | C311: EPS | D311: 1 | E311: 0.03 | F311: sphere | G311: 1e-06 | H311: 1e-06 | I311: 0.03913138 | J311: 1.1259819 | K311: 0 | L311: 0 | M311: 0 | N311: 0
A312: Europe | B312: NorthSea | C312: EPS | D312: 1 | E312: 0.03 | F312: fiber | G312: 0.005 | H312: 0.001 | I312: 0.028091427 | J312: 1.1599077 | K312: 0 | L312: 0.043243243 | M312: 0 | N312: 69.117622
A313: Europe | B313: NorthSea | C313: EPS | D313: 1 | E313: 0.03 | F313: fiber | G313: 0.001 | H313: 0.0001 | I313: 0.047257743 | J313: 3.2523414 | K313: 0 | L313: 0 | M313: 0 | N313: 0
A314: Europe | B314: NorthSea | C314: EPS | D314: 1 | E314: 0.03 | F314: fiber | G314: 0.0001 | H314: 1e-05 | I314: 0.20401681 | J314: 3.4316921 | K314: 0 | L314: 0 | M314: 0 | N314: 0
A315: Europe | B315: NorthSea | C315: EPS | D315: 1 | E315: 0.03 | F315: fiber | G315: 5e-05 | H315: 1e-06 | I315: 0.05062556 | J315: 1.1790398 | K315: 0 | L315: 0 | M315: 0 | N315: 0
A316: Europe | B316: NorthSea | C316: EPS | D316: 1 | E316: 0.03 | F316: fiber | G316: 5e-05 | H316: 1e-06 | I316: 0.046426018 | J316: 1.1567626 | K316: 0 | L316: 0 | M316: 0 | N316: 0
A317: Europe | B317: NorthSea | C317: HDPE | D317: 4 | E317: 0.953 | F317: sphere | G317: 0.005 | H317: 0.005 | I317: 0.023239799 | J317: 1.5558422 | K317: 0 | L317: 0 | M317: 0 | N317: 0
A318: Europe | B318: NorthSea | C318: HDPE | D318: 4 | E318: 0.953 | F318: sphere | G318: 0.001 | H318: 0.001 | I318: 0.069625032 | J318: 4.9606921 | K318: 0 | L318: 0 | M318: 0 | N318: 0
... A426: Africa & Middle East | B426: Mediterranean | C426: PS | D426: 5 | E426: 1.06 | F426: fiber | G426: 0.025 | H426: 0.005 | I426: 3728.668 | J426: 220246.17 | K426: 0 | L426: 0 | M426: 0 | N426: 0
A427: Latin America | C427: EPS | D427: 1 | E427: 0.03 | F427: sphere | G427: 0.005 | H427: 0.005 | I427: 0.13230959 | J427: 2.4486921 | K427: 0.068965517 | L427: 0 | M427: 0.13081716 | N427: 0.37153585
A428: Latin America | C428: EPS | D428: 1 | E428: 0.03 | F428: sphere | G428: 0.001 | H428: 0.001 | I428: 0.16038554 | J428: 3.0888191 | K428: 0.056206089 | L428: 0.11214953 | M428: 0.127745 | N428: 53.503166
A429: Latin America | C429: EPS | D429: 1 | E429: 0.03 | F429: sphere | G429: 0.0001 | H429: 0.0001 | I429: 0.076631259 | J429: 4.5429454 | K429: 0.082191781 | L429: 1.2631579 | M429: 5.3412433 | N429: 45.621468
A430: Latin America | C430: EPS | D430: 1 | E430: 0.03 | F430: sphere | G430: 1e-05 | H430: 1e-05 | I430: 0.1808917 | J430: 2.6444202 | K430: 0.087272727 | L430: 0.1023496 | M430: 1.213177 | N430: 0.89176128
A431: Latin America | C431: EPS | D431: 1 | E431: 0.03 | F431: sphere | G431: 1e-06 | H431: 1e-06 | I431: 0.13424795 | J431: 2.6361294 | K431: 0.062992126 | L431: 0.12 | M431: 0.17003895 | N431: 0.34604386
A432: Latin America | C432: EPS | D432: 1 | E432: 0.03 | F432: fiber | G432: 0.005 | H432: 0.001 | I432: 0.12149597 | J432: 2.9461485 | K432: 0.06185567 | L432: 0.156 | M432: 0.048483011 | N432: 12.669761
A433: Latin America | C433: EPS | D433: 1 | E433: 0.03 | F433: fiber | G433: 0.001 | H433: 0.0001 | I433: 0.16391591 | J433: 2.5581223 | K433: 0.060765725 | L433: 0.48679679 | M433: 1.4971111 | N433: 138.02154
A434: Latin America | C434: EPS | D434: 1 | E434: 0.03 | F434: fiber | G434: 0.0001 | H434: 1e-05 | I434: 0.1929838 | J434: 3.969143 | K434: 0 | L434: 0.05955335 | M434: 0 | N434: 4.6101005
A435: Latin America | C435: EPS | D435: 1 | E435: 0.03 | F435: fiber | G435: 5e-05 | H435: 1e-06 | I435: 0.15085373 | J435: 3.1269164 | K435: 0.061696658 | L435: 0.12394849 | M435: 0.17694446 | N435: 0.25553144
A436: Latin America | C436: EPS | D436: 1 | E436: 0.03 | F436: fiber | G436: 0.025 | H436: 0.005 | I436: 0.14866544 | J436: 2.9283352 | K436: 0.061646817 | L436: 0 | M436: 0.089499788 | N436: 0.36653646
A437: Latin America | C437: HDPE | D437: 4 | E437: 0.953 | F437: sphere | G437: 0.005 | H437: 0.005 | I437: 0.12332284 | J437: 3.0565379 | K437: 0.057976427 | L437: 0.27906977 | M437: 0.13579158 | N437: 193.49883
A438: Latin America | C438: HDPE | D438: 4 | E438: 0.953 | F438: sphere | G438: 0.001 | H438: 0.001 | I438: 0.094219454 | J438: 4.131316 | K438: 0.072911673 | L438: 0.2022977 | M438: 3.3794185 | N438: 293.49286
... A485: Latin America | C485: PS | D485: 5 | E485: 1.06 | F485: fiber | G485: 0.025 | H485: 0.005 | I485: 192538.13 | J485: 3895.1256 | K485: 0 | L485: 0 | M485: 0 | N485: 0
A487: Global | B487: greece | C487: EPS | D487: 1 | E487: 0.03 | F487: sphere | G487: 0.005 | H487: 0.005 | M487: 0.1314888 | N487: 0.3201736
A488: Global | B488: greece | C488: EPS | D488: 1 | E488: 0.03 | F488: sphere | G488: 0.001 | H488: 0.001 | M488: 0.22444881 | N488: 291.19761
A489: Global | B489: greece | C489: EPS | D489: 1 | E489: 0.03 | F489: sphere | G489: 0.0001 | H489: 0.0001 | M489: 1.9145177 | N489: 47.280192
A490: Global | B490: greece | C490: EPS | D490: 1 | E490: 0.03 | F490: sphere | G490: 1e-05 | H490: 1e-05 | M490: 1.8880029 | N490: 43.010231
A491: Global | B491: greece | C491: EPS | D491: 1 | E491: 0.03 | F491: sphere | G491: 1e-06 | H491: 1e-06 | M491: 1.4003168 | N491: 1.1496508
A492: Global | B492: greece | C492: EPS | D492: 1 | E492: 0.03 | F492: fiber | G492: 0.005 | H492: 0.001 | M492: 0.12769583 | N492: 187.91116
A493: Global | B493: greece | C493: EPS | D493: 1 | E493: 0.03 | F493: fiber | G493: 0.001 | H493: 0.0001 | M493: 1.200001 | N493: 79.158091
...

Sheet 3.1.regional_data
B2: Regionalization parameters
B3: SBoo retrieves the regional values in this sheet to initialize the model for different regions. Keep in mind that the scale "Regional" of SB corresponds to our continental USEtox scale. "Continental" in Sb corresponds to global scale of USEtox.
B4: Python Input (Louvet et al., 2026) | C4: SBoo input in R
A5: scale | B5: parameter | C5: Variable | D5: Scale | E5: SubCompart | F5: North America | G5: Latin America | H5: Europe | I5: Africa & Middle East | J5: Central Asia | K5: Southeast Asia | L5: Northern regions | M5: Oceania | N5: description | O5: unit | P5: source | Q5: SB4P notes
A6: CONTINENTAL SCALE | B6: area_land_C | D6: Regional | F6: 1.448998e+13 | G6: 2.08779e+13 | H6: 8.5662136e+12 | I6: 3.429833e+13 | J6: 1.6876936e+13 | K6: 1.6866064e+13 | L6: 1.8299925e+13 | M6: 8.1247481e+12 | N6: area of land | O6: [m2] | P6: USEtox (Fantke et al., 2017)
B7: area_sea_C | D7: Regional | F7: 1.8374074e+12 | G7: 2.9728967e+12 | H7: 1.7001869e+12 | I7: 1.5904011e+12 | J7: 7.3629569e+11 | K7: 5.3374046e+12 | L7: 5.6248619e+12 | M7: 2.2405685e+12 | N7: area of sea | O7: [m2] | P7: USEtox (Fantke et al., 2017)
C8: TotalArea | D8: Regional | F8: =F6+F7 -> 1.6327387e+13 | G8: =G6+G7 -> 2.3850797e+13 | H8: =H6+H7 -> 1.02664e+13 | I8: =I6+I7 -> 3.5888731e+13 | J8: =J6+J7 -> 1.7613232e+13 | K8: =K6+K7 -> 2.2203468e+13 | L8: =L6+L7 -> 2.3924787e+13 | M8: =M6+M7 -> 1.0365317e+13 | N8: total area of the continent | O8: [m2] | P8: USEtox (Fantke et al., 2017)
C9: FRACsea | D9: Regional | F9: =F7/F8 -> 0.1125353 | G9: =G7/G8 -> 0.12464559 | H9: =H7/H8 -> 0.16560691 | I9: =I7/I8 -> 0.044314777 | J9: =J7/J8 -> 0.041803555 | K9: =K7/K8 -> 0.24038608 | L9: =L7/L8 -> 0.23510604 | M9: =M7/M8 -> 0.21616016 | N9: fraction of continent area allocated to sea | O9: - | P9: USEtox (Fantke et al., 2017)
B10: areafrac_rw_C | C10: landFRAC | D10: Regional | E10: river | F10: 0.0034304356 | G10: 0.0064487285 | H10: 0.0050055029 | I10: 0.00013076169 | J10: 0.0022461359 | K10: 0.012328111 | L10: 0.0046867292 | M10: 0.0008998234 | N10: fraction of total area allocated to river | O10: - | P10: Calculated with HydroATLAS (Louvet et al., 2026)
B11: areafrac_lw_C | C11: landFRAC | D11: Regional | E11: lake | F11: 0.083169844 | G11: 0.012684412 | H11: 0.025460718 | I11: 0.013897746 | J11: 0.027333048 | K11: 0.026854951 | L11: 0.051861908 | M11: 0.0058477675 | N11: fraction of land area allocated to lake | O11: - | P11: Calculated with HydroATLAS (Louvet et al., 2026)
B12: areafrac_nat_soil_C | C12: landFRAC | D12: Regional | E12: naturalsoil | F12: 0.63128839 | G12: 0.65377256 | H12: 0.584526 | I12: 0.58847302 | J12: 0.5213891 | K12: 0.49742035 | L12: 0.82125082 | M12: 0.53527812 | N12: fraction of land area allocated to natural soil | O12: - | P12: USEtox (Fantke et al., 2017)
B13: areafrac_agr_soil_C | C13: landFRAC | D13: Regional | E13: agriculturalsoil | F13: 0.28211133 | G13: 0.3270943 | H13: 0.38500778 | I13: 0.39749848 | J13: 0.44903172 | K13: 0.46339659 | L13: 0.12220054 | M13: 0.45797429 | N13: fraction of land area allocated to agricultural soil | O13: - | P13: USEtox (Fantke et al., 2017)
B14: areafrac_agr_soil_C | C14: landFRAC | D14: Regional | E14: othersoil | F14: 1e-20 | G14: 1e-20 | H14: 1e-20 | I14: 1e-20 | J14: 1e-20 | K14: 1e-20 | L14: 1e-20 | M14: 1e-20 | N14: fraction of land area allocated to other soil | O14: - | P14: -
B15: fracsf_rw_C | D15: Regional | F15: 0.039612292 | G15: 0.33704496 | H15: 0.16429681 | I15: 0.0093211403 | J15: 0.075936371 | K15: 0.31462858 | L15: 0.082879614 | M15: 0.13335477 | N15: fraction of surface water allocated to river | O15: - | P15: Calculated with HydroATLAS
B16: fracsf_lw_C | D16: Regional | F16: 0.96038771 | G16: 0.66295504 | H16: 0.83570319 | I16: 0.99067886 | J16: 0.92406363 | K16: 0.68537142 | L16: 0.91712039 | M16: 0.86664523 | N16: fraction of surface water allocated to lake | O16: - | P16: Calculated with HydroATLAS
B17: temp_C | C17: Temp | D17: Regional | F17: 285.15 | G17: 285.15 | H17: 285.15 | I17: 285.15 | J17: 285.15 | K17: 285.15 | L17: 285.15 | M17: 285.15 | N17: temperature | O17: K | P17: USEtox (Fantke et al., 2017)
B18: wind_speed_C | C18: WINDspeed | D18: Regional | F18: 3 | G18: 3 | H18: 3 | I18: 3 | J18: 3 | K18: 3 | L18: 3 | M18: 3 | N18: wind speed | O18: [m*s-1] | P18: USEtox (Fantke et al., 2017)
B19: rain_rate_C | D19: Regional | F19: 2.2427398e-08 | G19: 5.1120312e-08 | H19: 1.7523958e-08 | I19: 2.0870339e-08 | J19: 6.9029435e-09 | K19: 4.8075939e-08 | L19: 1.5527965e-08 | M19: 4.1085817e-08 | N19: rain rate | O19: [m*s-1] | P19: USEtox (Fantke et al., 2017)
C20: RAINrate | D20: Regional | F20: =F19*1000*365*24*3600 -> 707.27042 | G20: =G19*1000*365*24*3600 -> 1612.1301 | H20: =H19*1000*365*24*3600 -> 552.63553 | I20: =I19*1000*365*24*3600 -> 658.16701 | J20: =J19*1000*365*24*3600 -> 217.69123 | K20: =K19*1000*365*24*3600 -> 1516.1228 | L20: =L19*1000*365*24*3600 -> 489.68992 | M20: =M19*1000*365*24*3600 -> 1295.6823 | N20: rain rate | O20: [mm*yr-1] | P20: USEtox (Fantke et al., 2017)
B21: depth_rw_C | C21: VertDistance | D21: Regional | E21: river | F21: 2.3696042 | G21: 4.3917246 | H21: 1.9467369 | I21: 2.4790569 | J21: 2.2211414 | K21: 3.3070096 | L21: 2.9280377 | M21: 1.0055754 | N21: depth river water | O21: [m] | P21: Calculated with HydroATLAS
B22: depth_lw_C | C22: VertDistance | D22: Regional | E22: lake | F22: 29.533 | G22: 25.706 | H22: 26.89 | I22: 115.865 | J22: 33.135 | K22: 17.388 | L22: 131.869 | M22: 8.809 | N22: depth lake water | O22: [m] | P22: Calculated with HydroATLAS
B23: depth_sw_C | C23: VertDistance | D23: Regional | E23: sea | F23: 10 | G23: 10 | H23: 10 | I23: 10 | J23: 1.3 | K23: 1.3 | L23: 2.5 | M23: 10 | N23: depth sea water surface | O23: [m] | P23: Tedetti & Sempéré (2006)
C24: VertDistance | D24: Regional | E24: deepocean | F24: 81.1 | G24: 65.8 | H24: 74.2 | I24: 66.1 | J24: 56.8 | K24: 55.7 | L24: 71.3 | M24: 65.3 | N24: depth water column | O24: [m] | P24: USEtox (Fantke et al., 2017) | Q24: Continental water depth - water surface depth = water column (depth where UV does not penetrate)
B25: frac_runoff_rw_C | D25: Regional | F25: 0.014496812 | G25: 0.12852081 | H25: 0.028291286 | I25: 0.0017166348 | J25: 0.035221577 | K25: 0.082847468 | L25: 0.029771738 | M25: 0.025343262 | N25: fraction runoff to river | O25: - | P25: Fraction runoff in USEtox * Fraction of surface water allocated to river
B26: frac_runoff_lw_C | D26: Regional | F26: 0.3514707 | G26: 0.25279571 | H26: 0.14390491 | I26: 0.18244911 | J26: 0.42860856 | K26: 0.18047085 | L26: 0.32944492 | M26: 0.16470065 | N26: fraction runoff to lake | O26: - | P26: Fraction runoff in USEtox * Fraction of surface water allocated to lake
C27: FRACrun | D27: Regional | F27: 0.36596752 | G27: 0.38131652 | H27: 0.1721962 | I27: 0.18416575 | J27: 0.46383013 | K27: 0.26331831 | L27: 0.35921666 | M27: 0.19004392 | N27: fraction runoff | O27: - | P27: USEtox (Fantke et al., 2017)
B28: frac_infiltr_C | C28: FRACinf | D28: Regional | F28: 0.26947836 | G28: 0.26947836 | H28: 0.26947836 | I28: 0.26947836 | J28: 0.26947836 | K28: 0.26947836 | L28: 0.26947836 | M28: 0.26947836 | N28: fraction infiltration | O28: - | P28: USEtox (Fantke et al., 2017)
B29: soil_ero_C | D29: Regional | F29: 9.5129376e-13 | G29: 9.5129376e-13 | H29: 9.5129376e-13 | I29: 9.5129376e-13 | J29: 9.5129376e-13 | K29: 9.5129376e-13 | L29: 9.5129376e-13 | M29: 9.5129376e-13 | N29: soil erosion | O29: [m*s-1] | P29: USEtox (Fantke et al., 2017)
B30: irrig_C | D30: Regional | F30: 1.9675113e+11 | G30: 232770200000 | H30: 1.154305e+11 | I30: 272246800000 | J30: 2.2477736e+11 | K30: 1.6684885e+12 | L30: 9.689203e+08 | M30: 1.0566e+10 | N30: irrigation | O30: [m3] | P30: USEtox (Fantke et al., 2017)
B31: dens_fw_species_C | C31: dens_fw_species_C | F31: 0.075 | G31: 0.2989 | H31: 0.1022 | I31: 0.2268 | J31: 0.1225 | K31: 0.288 | L31: 0.057 | M31: 0.0892 | O31: - | P31: Louvet et al. (2026)
B32: dens_marine_species_C | C32: dens_marine_species_C | F32: 0.087273953 | G32: 0.16039537 | H32: 0.009041896 | I32: 0.096315849 | J32: 0.075367854 | K32: 0.27636752 | L32: 0.031955521 | M32: 0.13029316 | O32: - | P32: Louvet et al. (2026)
B33: dens_ter_species_C | C33: dens_ter_species_C | F33: 0.0324 | G33: 0.3433 | H33: 0.0831 | I33: 0.2283 | J33: 0.076 | K33: 0.2298 | L33: 0.0214 | M33: 0.131 | O33: - | P33: Louvet et al. (2026)
C34: gep_fw_C | F34: =_xlfn.XLOOKUP(F5,'4.2.GEP'!$B$10:$B$17,'4.2.GEP'!$C$10:$C$17) -> 0.059054668 | G34: =_xlfn.XLOOKUP(G5,'4.2.GEP'!$B$10:$B$17,'4.2.GEP'!$C$10:$C$17) -> 0.30365179 | H34: =_xlfn.XLOOKUP(H5,'4.2.GEP'!$B$10:$B$17,'4.2.GEP'!$C$10:$C$17) -> 0.040952246 | I34: =_xlfn.XLOOKUP(I5,'4.2.GEP'!$B$10:$B$17,'4.2.GEP'!$C$10:$C$17) -> 0.20853272 | J34: =_xlfn.XLOOKUP(J5,'4.2.GEP'!$B$10:$B$17,'4.2.GEP'!$C$10:$C$17) -> 0.0099781408 | K34: =_xlfn.XLOOKUP(K5,'4.2.GEP'!$B$10:$B$17,'4.2.GEP'!$C$10:$C$17) -> 0.32834703 | L34: =_xlfn.XLOOKUP(L5,'4.2.GEP'!$B$10:$B$17,'4.2.GEP'!$C$10:$C$17) -> 0.0048053334 | M34: =_xlfn.XLOOKUP(M5,'4.2.GEP'!$B$10:$B$17,'4.2.GEP'!$C$10:$C$17) -> 0.044678071 | N34: Global extinction probability of freshwater species | O34: - | P34: This study
C35: gep_mar_C | F35: =_xlfn.XLOOKUP(F5,'4.2.GEP'!$B$10:$B$17,'4.2.GEP'!$D$10:$D$17) -> 0.021439842 | G35: =_xlfn.XLOOKUP(G5,'4.2.GEP'!$B$10:$B$17,'4.2.GEP'!$D$10:$D$17) -> 0.087638778 | H35: =_xlfn.XLOOKUP(H5,'4.2.GEP'!$B$10:$B$17,'4.2.GEP'!$D$10:$D$17) -> 0.015125204 | I35: =_xlfn.XLOOKUP(I5,'4.2.GEP'!$B$10:$B$17,'4.2.GEP'!$D$10:$D$17) -> 0.097109148 | J35: =_xlfn.XLOOKUP(J5,'4.2.GEP'!$B$10:$B$17,'4.2.GEP'!$D$10:$D$17) -> 0.018066338 | K35: =_xlfn.XLOOKUP(K5,'4.2.GEP'!$B$10:$B$17,'4.2.GEP'!$D$10:$D$17) -> 0.18266153 | L35: =_xlfn.XLOOKUP(L5,'4.2.GEP'!$B$10:$B$17,'4.2.GEP'!$D$10:$D$17) -> 0.002579814 | M35: =_xlfn.XLOOKUP(M5,'4.2.GEP'!$B$10:$B$17,'4.2.GEP'!$D$10:$D$17) -> 0.05794415 | N35: Global extinction probability of marine species | O35: - | P35: This study
C36: gep_ter_C | F36: =_xlfn.XLOOKUP(F5,'4.2.GEP'!$B$10:$B$17,'4.2.GEP'!$E$10:$E$17) -> 0.030145307 | G36: =_xlfn.XLOOKUP(G5,'4.2.GEP'!$B$10:$B$17,'4.2.GEP'!$E$10:$E$17) -> 0.42476875 | H36: =_xlfn.XLOOKUP(H5,'4.2.GEP'!$B$10:$B$17,'4.2.GEP'!$E$10:$E$17) -> 0.022176711 | I36: =_xlfn.XLOOKUP(I5,'4.2.GEP'!$B$10:$B$17,'4.2.GEP'!$E$10:$E$17) -> 0.22053861 | J36: =_xlfn.XLOOKUP(J5,'4.2.GEP'!$B$10:$B$17,'4.2.GEP'!$E$10:$E$17) -> 0.012068099 | K36: =_xlfn.XLOOKUP(K5,'4.2.GEP'!$B$10:$B$17,'4.2.GEP'!$E$10:$E$17) -> 0.20716998 | L36: =_xlfn.XLOOKUP(L5,'4.2.GEP'!$B$10:$B$17,'4.2.GEP'!$E$10:$E$17) -> 0.003286548 | M36: =_xlfn.XLOOKUP(M5,'4.2.GEP'!$B$10:$B$17,'4.2.GEP'!$E$10:$E$17) -> 0.079845996 | N36: Global extinction probability of terrestrial species | O36: - | P36: This study
C37: UVintensity | D37: Regional | E37: agriculturalsoil | F37: {=_xlfn.XLOOKUP($E37, '1.5.UVintensity'!$L$3:$L$14, _xlfn.XLOOKUP(F$5, '1.5.UVintensity'!$M$2:$U$2, '1.5.UVintensity'!$M$3:$U$14))} -> 0 | G37: {=_xlfn.XLOOKUP($E37, '1.5.UVintensity'!$L$3:$L$14, _xlfn.XLOOKUP(G$5, '1.5.UVintensity'!$M$2:$U$2, '1.5.UVintensity'!$M$3:$U$14))} -> 0 | H37: {=_xlfn.XLOOKUP($E37, '1.5.UVintensity'!$L$3:$L$14, _xlfn.XLOOKUP(H$5, '1.5.UVintensity'!$M$2:$U$2, '1.5.UVintensity'!$M$3:$U$14))} -> 0 | I37: {=_xlfn.XLOOKUP($E37, '1.5.UVintensity'!$L$3:$L$14, _xlfn.XLOOKUP(I$5, '1.5.UVintensity'!$M$2:$U$2, '1.5.UVintensity'!$M$3:$U$14))} -> 0 | J37: {=_xlfn.XLOOKUP($E37, '1.5.UVintensity'!$L$3:$L$14, _xlfn.XLOOKUP(J$5, '1.5.UVintensity'!$M$2:$U$2, '1.5.UVintensity'!$M$3:$U$14))} -> 0 | K37: {=_xlfn.XLOOKUP($E37, '1.5.UVintensity'!$L$3:$L$14, _xlfn.XLOOKUP(K$5, '1.5.UVintensity'!$M$2:$U$2, '1.5.UVintensity'!$M$3:$U$14))} -> 0 | L37: {=_xlfn.XLOOKUP($E37, '1.5.UVintensity'!$L$3:$L$14, _xlfn.XLOOKUP(L$5, '1.5.UVintensity'!$M$2:$U$2, '1.5.UVintensity'!$M$3:$U$14))} -> 0 | M37: {=_xlfn.XLOOKUP($E37, '1.5.UVintensity'!$L$3:$L$14, _xlfn.XLOOKUP(M$5, '1.5.UVintensity'!$M$2:$U$2, '1.5.UVintensity'!$M$3:$U$14))} -> 0 | O37: [W*m-2] | P37: PlasticFADE model
C38: UVintensity | D38: Regional | E38: air | F38: {=_xlfn.XLOOKUP($E38, '1.5.UVintensity'!$L$3:$L$14, _xlfn.XLOOKUP(F$5, '1.5.UVintensity'!$M$2:$U$2, '1.5.UVintensity'!$M$3:$U$14))} -> 8.02 | G38: {=_xlfn.XLOOKUP($E38, '1.5.UVintensity'!$L$3:$L$14, _xlfn.XLOOKUP(G$5, '1.5.UVintensity'!$M$2:$U$2, '1.5.UVintensity'!$M$3:$U$14))} -> 11.78 | H38: {=_xlfn.XLOOKUP($E38, '1.5.UVintensity'!$L$3:$L$14, _xlfn.XLOOKUP(H$5, '1.5.UVintensity'!$M$2:$U$2, '1.5.UVintensity'!$M$3:$U$14))} -> 5.23 | I38: {=_xlfn.XLOOKUP($E38, '1.5.UVintensity'!$L$3:$L$14, _xlfn.XLOOKUP(I$5, '1.5.UVintensity'!$M$2:$U$2, '1.5.UVintensity'!$M$3:$U$14))} -> 13.82 | J38: {=_xlfn.XLOOKUP($E38, '1.5.UVintensity'!$L$3:$L$14, _xlfn.XLOOKUP(J$5, '1.5.UVintensity'!$M$2:$U$2, '1.5.UVintensity'!$M$3:$U$14))} -> 5.63 | K38: {=_xlfn.XLOOKUP($E38, '1.5.UVintensity'!$L$3:$L$14, _xlfn.XLOOKUP(K$5, '1.5.UVintensity'!$M$2:$U$2, '1.5.UVintensity'!$M$3:$U$14))} -> 13.65 | L38: {=_xlfn.XLOOKUP($E38, '1.5.UVintensity'!$L$3:$L$14, _xlfn.XLOOKUP(L$5, '1.5.UVintensity'!$M$2:$U$2, '1.5.UVintensity'!$M$3:$U$14))} -> 3.64 | M38: {=_xlfn.XLOOKUP($E38, '1.5.UVintensity'!$L$3:$L$14, _xlfn.XLOOKUP(M$5, '1.5.UVintensity'!$M$2:$U$2, '1.5.UVintensity'!$M$3:$U$14))} -> 11.85 | O38: [W*m-2] | P38: PlasticFADE model
C39: UVintensity | D39: Regional | E39: cloudwater | F39: {=_xlfn.XLOOKUP($E39, '1.5.UVintensity'!$L$3:$L$14, _xlfn.XLOOKUP(F$5, '1.5.UVintensity'!$M$2:$U$2, '1.5.UVintensity'!$M$3:$U$14))} -> 8.02 | G39: {=_xlfn.XLOOKUP($E39, '1.5.UVintensity'!$L$3:$L$14, _xlfn.XLOOKUP(G$5, '1.5.UVintensity'!$M$2:$U$2, '1.5.UVintensity'!$M$3:$U$14))} -> 11.78 | H39: {=_xlfn.XLOOKUP($E39, '1.5.UVintensity'!$L$3:$L$14, _xlfn.XLOOKUP(H$5, '1.5.UVintensity'!$M$2:$U$2, '1.5.UVintensity'!$M$3:$U$14))} -> 5.23 | I39: {=_xlfn.XLOOKUP($E39, '1.5.UVintensity'!$L$3:$L$14, _xlfn.XLOOKUP(I$5, '1.5.UVintensity'!$M$2:$U$2, '1.5.UVintensity'!$M$3:$U$14))} -> 13.82 | J39: {=_xlfn.XLOOKUP($E39, '1.5.UVintensity'!$L$3:$L$14, _xlfn.XLOOKUP(J$5, '1.5.UVintensity'!$M$2:$U$2, '1.5.UVintensity'!$M$3:$U$14))} -> 5.63 | K39: {=_xlfn.XLOOKUP($E39, '1.5.UVintensity'!$L$3:$L$14, _xlfn.XLOOKUP(K$5, '1.5.UVintensity'!$M$2:$U$2, '1.5.UVintensity'!$M$3:$U$14))} -> 13.65 | L39: {=_xlfn.XLOOKUP($E39, '1.5.UVintensity'!$L$3:$L$14, _xlfn.XLOOKUP(L$5, '1.5.UVintensity'!$M$2:$U$2, '1.5.UVintensity'!$M$3:$U$14))} -> 3.64 | M39: {=_xlfn.XLOOKUP($E39, '1.5.UVintensity'!$L$3:$L$14, _xlfn.XLOOKUP(M$5, '1.5.UVintensity'!$M$2:$U$2, '1.5.UVintensity'!$M$3:$U$14))} -> 11.85 | O39: [W*m-2] | P39: PlasticFADE model
C40: UVintensity | D40: Regional | E40: freshwatersediment | F40: {=_xlfn.XLOOKUP($E40, '1.5.UVintensity'!$L$3:$L$14, _xlfn.XLOOKUP(F$5, '1.5.UVintensity'!$M$2:$U$2, '1.5.UVintensity'!$M$3:$U$14))} -> 0 | G40: {=_xlfn.XLOOKUP($E40, '1.5.UVintensity'!$L$3:$L$14, _xlfn.XLOOKUP(G$5, '1.5.UVintensity'!$M$2:$U$2, '1.5.UVintensity'!$M$3:$U$14))} -> 0 | H40: {=_xlfn.XLOOKUP($E40, '1.5.UVintensity'!$L$3:$L$14, _xlfn.XLOOKUP(H$5, '1.5.UVintensity'!$M$2:$U$2, '1.5.UVintensity'!$M$3:$U$14))} -> 0 | I40: {=_xlfn.XLOOKUP($E40, '1.5.UVintensity'!$L$3:$L$14, _xlfn.XLOOKUP(I$5, '1.5.UVintensity'!$M$2:$U$2, '1.5.UVintensity'!$M$3:$U$14))} -> 0 | J40: {=_xlfn.XLOOKUP($E40, '1.5.UVintensity'!$L$3:$L$14, _xlfn.XLOOKUP(J$5, '1.5.UVintensity'!$M$2:$U$2, '1.5.UVintensity'!$M$3:$U$14))} -> 0 | K40: {=_xlfn.XLOOKUP($E40, '1.5.UVintensity'!$L$3:$L$14, _xlfn.XLOOKUP(K$5, '1.5.UVintensity'!$M$2:$U$2, '1.5.UVintensity'!$M$3:$U$14))} -> 0 | L40: {=_xlfn.XLOOKUP($E40, '1.5.UVintensity'!$L$3:$L$14, _xlfn.XLOOKUP(L$5, '1.5.UVintensity'!$M$2:$U$2, '1.5.UVintensity'!$M$3:$U$14))} -> 0 | M40: {=_xlfn.XLOOKUP($E40, '1.5.UVintensity'!$L$3:$L$14, _xlfn.XLOOKUP(M$5, '1.5.UVintensity'!$M$2:$U$2, '1.5.UVintensity'!$M$3:$U$14))} -> 0 | O40: [W*m-2] | P40: PlasticFADE model
C41: UVintensity | D41: Regional | E41: lake | F41: {=_xlfn.XLOOKUP($E41, '1.5.UVintensity'!$L$3:$L$14, _xlfn.XLOOKUP(F$5, '1.5.UVintensity'!$M$2:$U$2, '1.5.UVintensity'!$M$3:$U$14))} -> 0.067966102 | G41: {=_xlfn.XLOOKUP($E41, '1.5.UVintensity'!$L$3:$L$14, _xlfn.XLOOKUP(G$5, '1.5.UVintensity'!$M$2:$U$2, '1.5.UVintensity'!$M$3:$U$14))} -> 0.11459144 | H41: {=_xlfn.XLOOKUP($E41, '1.5.UVintensity'!$L$3:$L$14, _xlfn.XLOOKUP(H$5, '1.5.UVintensity'!$M$2:$U$2, '1.5.UVintensity'!$M$3:$U$14))} -> 0.048605948 | I41: {=_xlfn.XLOOKUP($E41, '1.5.UVintensity'!$L$3:$L$14, _xlfn.XLOOKUP(I$5, '1.5.UVintensity'!$M$2:$U$2, '1.5.UVintensity'!$M$3:$U$14))} -> 0.029810181 | J41: {=_xlfn.XLOOKUP($E41, '1.5.UVintensity'!$L$3:$L$14, _xlfn.XLOOKUP(J$5, '1.5.UVintensity'!$M$2:$U$2, '1.5.UVintensity'!$M$3:$U$14))} -> 0.042522659 | K41: {=_xlfn.XLOOKUP($E41, '1.5.UVintensity'!$L$3:$L$14, _xlfn.XLOOKUP(K$5, '1.5.UVintensity'!$M$2:$U$2, '1.5.UVintensity'!$M$3:$U$14))} -> 0.19612069 | L41: {=_xlfn.XLOOKUP($E41, '1.5.UVintensity'!$L$3:$L$14, _xlfn.XLOOKUP(L$5, '1.5.UVintensity'!$M$2:$U$2, '1.5.UVintensity'!$M$3:$U$14))} -> 0.006899166 | M41: {=_xlfn.XLOOKUP($E41, '1.5.UVintensity'!$L$3:$L$14, _xlfn.XLOOKUP(M$5, '1.5.UVintensity'!$M$2:$U$2, '1.5.UVintensity'!$M$3:$U$14))} -> 0.33664773 | O41: [W*m-2] | P41: PlasticFADE model
C42: UVintensity | D42: Regional | E42: lakesediment | F42: {=_xlfn.XLOOKUP($E42, '1.5.UVintensity'!$L$3:$L$14, _xlfn.XLOOKUP(F$5, '1.5.UVintensity'!$M$2:$U$2, '1.5.UVintensity'!$M$3:$U$14))} -> 0 | G42: {=_xlfn.XLOOKUP($E42, '1.5.UVintensity'!$L$3:$L$14, _xlfn.XLOOKUP(G$5, '1.5.UVintensity'!$M$2:$U$2, '1.5.UVintensity'!$M$3:$U$14))} -> 0 | H42: {=_xlfn.XLOOKUP($E42, '1.5.UVintensity'!$L$3:$L$14, _xlfn.XLOOKUP(H$5, '1.5.UVintensity'!$M$2:$U$2, '1.5.UVintensity'!$M$3:$U$14))} -> 0 | I42: {=_xlfn.XLOOKUP($E42, '1.5.UVintensity'!$L$3:$L$14, _xlfn.XLOOKUP(I$5, '1.5.UVintensity'!$M$2:$U$2, '1.5.UVintensity'!$M$3:$U$14))} -> 0 | J42: {=_xlfn.XLOOKUP($E42, '1.5.UVintensity'!$L$3:$L$14, _xlfn.XLOOKUP(J$5, '1.5.UVintensity'!$M$2:$U$2, '1.5.UVintensity'!$M$3:$U$14))} -> 0 | K42: {=_xlfn.XLOOKUP($E42, '1.5.UVintensity'!$L$3:$L$14, _xlfn.XLOOKUP(K$5, '1.5.UVintensity'!$M$2:$U$2, '1.5.UVintensity'!$M$3:$U$14))} -> 0 | L42: {=_xlfn.XLOOKUP($E42, '1.5.UVintensity'!$L$3:$L$14, _xlfn.XLOOKUP(L$5, '1.5.UVintensity'!$M$2:$U$2, '1.5.UVintensity'!$M$3:$U$14))} -> 0 | M42: {=_xlfn.XLOOKUP($E42, '1.5.UVintensity'!$L$3:$L$14, _xlfn.XLOOKUP(M$5, '1.5.UVintensity'!$M$2:$U$2, '1.5.UVintensity'!$M$3:$U$14))} -> 0 | O42: [W*m-2] | P42: PlasticFADE model
C43: UVintensity | D43: Regional | E43: marinesediment | F43: {=_xlfn.XLOOKUP($E43, '1.5.UVintensity'!$L$3:$L$14, _xlfn.XLOOKUP(F$5, '1.5.UVintensity'!$M$2:$U$2, '1.5.UVintensity'!$M$3:$U$14))} -> 0 | G43: {=_xlfn.XLOOKUP($E43, '1.5.UVintensity'!$L$3:$L$14, _xlfn.XLOOKUP(G$5, '1.5.UVintensity'!$M$2:$U$2, '1.5.UVintensity'!$M$3:$U$14))} -> 0 | H43: {=_xlfn.XLOOKUP($E43, '1.5.UVintensity'!$L$3:$L$14, _xlfn.XLOOKUP(H$5, '1.5.UVintensity'!$M$2:$U$2, '1.5.UVintensity'!$M$3:$U$14))} -> 0 | I43: {=_xlfn.XLOOKUP($E43, '1.5.UVintensity'!$L$3:$L$14, _xlfn.XLOOKUP(I$5, '1.5.UVintensity'!$M$2:$U$2, '1.5.UVintensity'!$M$3:$U$14))} -> 0 | J43: {=_xlfn.XLOOKUP($E43, '1.5.UVintensity'!$L$3:$L$14, _xlfn.XLOOKUP(J$5, '1.5.UVintensity'!$M$2:$U$2, '1.5.UVintensity'!$M$3:$U$14))} -> 0 | K43: {=_xlfn.XLOOKUP($E43, '1.5.UVintensity'!$L$3:$L$14, _xlfn.XLOOKUP(K$5, '1.5.UVintensity'!$M$2:$U$2, '1.5.UVintensity'!$M$3:$U$14))} -> 0 | L43: {=_xlfn.XLOOKUP($E43, '1.5.UVintensity'!$L$3:$L$14, _xlfn.XLOOKUP(L$5, '1.5.UVintensity'!$M$2:$U$2, '1.5.UVintensity'!$M$3:$U$14))} -> 0 | M43: {=_xlfn.XLOOKUP($E43, '1.5.UVintensity'!$L$3:$L$14, _xlfn.XLOOKUP(M$5, '1.5.UVintensity'!$M$2:$U$2, '1.5.UVintensity'!$M$3:$U$14))} -> 0 | O43: [W*m-2] | P43: PlasticFADE model
C44: UVintensity | D44: Regional | E44: naturalsoil | F44: {=_xlfn.XLOOKUP($E44, '1.5.UVintensity'!$L$3:$L$14, _xlfn.XLOOKUP(F$5, '1.5.UVintensity'!$M$2:$U$2, '1.5.UVintensity'!$M$3:$U$14))} -> 0 | G44: {=_xlfn.XLOOKUP($E44, '1.5.UVintensity'!$L$3:$L$14, _xlfn.XLOOKUP(G$5, '1.5.UVintensity'!$M$2:$U$2, '1.5.UVintensity'!$M$3:$U$14))} -> 0 | H44: {=_xlfn.XLOOKUP($E44, '1.5.UVintensity'!$L$3:$L$14, _xlfn.XLOOKUP(H$5, '1.5.UVintensity'!$M$2:$U$2, '1.5.UVintensity'!$M$3:$U$14))} -> 0 | I44: {=_xlfn.XLOOKUP($E44, '1.5.UVintensity'!$L$3:$L$14, _xlfn.XLOOKUP(I$5, '1.5.UVintensity'!$M$2:$U$2, '1.5.UVintensity'!$M$3:$U$14))} -> 0 | J44: {=_xlfn.XLOOKUP($E44, '1.5.UVintensity'!$L$3:$L$14, _xlfn.XLOOKUP(J$5, '1.5.UVintensity'!$M$2:$U$2, '1.5.UVintensity'!$M$3:$U$14))} -> 0 | K44: {=_xlfn.XLOOKUP($E44, '1.5.UVintensity'!$L$3:$L$14, _xlfn.XLOOKUP(K$5, '1.5.UVintensity'!$M$2:$U$2, '1.5.UVintensity'!$M$3:$U$14))} -> 0 | L44: {=_xlfn.XLOOKUP($E44, '1.5.UVintensity'!$L$3:$L$14, _xlfn.XLOOKUP(L$5, '1.5.UVintensity'!$M$2:$U$2, '1.5.UVintensity'!$M$3:$U$14))} -> 0 | M44: {=_xlfn.XLOOKUP($E44, '1.5.UVintensity'!$L$3:$L$14, _xlfn.XLOOKUP(M$5, '1.5.UVintensity'!$M$2:$U$2, '1.5.UVintensity'!$M$3:$U$14))} -> 0 | O44: [W*m-2] | P44: PlasticFADE model
C45: UVintensity | D45: Regional | E45: othersoil | F45: {=_xlfn.XLOOKUP($E45, '1.5.UVintensity'!$L$3:$L$14, _xlfn.XLOOKUP(F$5, '1.5.UVintensity'!$M$2:$U$2, '1.5.UVintensity'!$M$3:$U$14))} -> 0 | G45: {=_xlfn.XLOOKUP($E45, '1.5.UVintensity'!$L$3:$L$14, _xlfn.XLOOKUP(G$5, '1.5.UVintensity'!$M$2:$U$2, '1.5.UVintensity'!$M$3:$U$14))} -> 0 | H45: {=_xlfn.XLOOKUP($E45, '1.5.UVintensity'!$L$3:$L$14, _xlfn.XLOOKUP(H$5, '1.5.UVintensity'!$M$2:$U$2, '1.5.UVintensity'!$M$3:$U$14))} -> 0 | I45: {=_xlfn.XLOOKUP($E45, '1.5.UVintensity'!$L$3:$L$14, _xlfn.XLOOKUP(I$5, '1.5.UVintensity'!$M$2:$U$2, '1.5.UVintensity'!$M$3:$U$14))} -> 0 | J45: {=_xlfn.XLOOKUP($E45, '1.5.UVintensity'!$L$3:$L$14, _xlfn.XLOOKUP(J$5, '1.5.UVintensity'!$M$2:$U$2, '1.5.UVintensity'!$M$3:$U$14))} -> 0 | K45: {=_xlfn.XLOOKUP($E45, '1.5.UVintensity'!$L$3:$L$14, _xlfn.XLOOKUP(K$5, '1.5.UVintensity'!$M$2:$U$2, '1.5.UVintensity'!$M$3:$U$14))} -> 0 | L45: {=_xlfn.XLOOKUP($E45, '1.5.UVintensity'!$L$3:$L$14, _xlfn.XLOOKUP(L$5, '1.5.UVintensity'!$M$2:$U$2, '1.5.UVintensity'!$M$3:$U$14))} -> 0 | M45: {=_xlfn.XLOOKUP($E45, '1.5.UVintensity'!$L$3:$L$14, _xlfn.XLOOKUP(M$5, '1.5.UVintensity'!$M$2:$U$2, '1.5.UVintensity'!$M$3:$U$14))} -> 0 | O45: [W*m-2] | P45: PlasticFADE model
C46: UVintensity | D46: Regional | E46: river | F46: {=_xlfn.XLOOKUP($E46, '1.5.UVintensity'!$L$3:$L$14, _xlfn.XLOOKUP(F$5, '1.5.UVintensity'!$M$2:$U$2, '1.5.UVintensity'!$M$3:$U$14))} -> 0.33416667 | G46: {=_xlfn.XLOOKUP($E46, '1.5.UVintensity'!$L$3:$L$14, _xlfn.XLOOKUP(G$5, '1.5.UVintensity'!$M$2:$U$2, '1.5.UVintensity'!$M$3:$U$14))} -> 0.26772727 | H46: {=_xlfn.XLOOKUP($E46, '1.5.UVintensity'!$L$3:$L$14, _xlfn.XLOOKUP(H$5, '1.5.UVintensity'!$M$2:$U$2, '1.5.UVintensity'!$M$3:$U$14))} -> 0.27526316 | I46: {=_xlfn.XLOOKUP($E46, '1.5.UVintensity'!$L$3:$L$14, _xlfn.XLOOKUP(I$5, '1.5.UVintensity'!$M$2:$U$2, '1.5.UVintensity'!$M$3:$U$14))} -> 0.5528 | J46: {=_xlfn.XLOOKUP($E46, '1.5.UVintensity'!$L$3:$L$14, _xlfn.XLOOKUP(J$5, '1.5.UVintensity'!$M$2:$U$2, '1.5.UVintensity'!$M$3:$U$14))} -> 0.25590909 | K46: {=_xlfn.XLOOKUP($E46, '1.5.UVintensity'!$L$3:$L$14, _xlfn.XLOOKUP(K$5, '1.5.UVintensity'!$M$2:$U$2, '1.5.UVintensity'!$M$3:$U$14))} -> 0.41363636 | L46: {=_xlfn.XLOOKUP($E46, '1.5.UVintensity'!$L$3:$L$14, _xlfn.XLOOKUP(L$5, '1.5.UVintensity'!$M$2:$U$2, '1.5.UVintensity'!$M$3:$U$14))} -> 0.12551724 | M46: {=_xlfn.XLOOKUP($E46, '1.5.UVintensity'!$L$3:$L$14, _xlfn.XLOOKUP(M$5, '1.5.UVintensity'!$M$2:$U$2, '1.5.UVintensity'!$M$3:$U$14))} -> 1.1849462 | O46: [W*m-2] | P46: PlasticFADE model
C47: UVintensity | D47: Regional | E47: deepocean | F47: {=_xlfn.XLOOKUP($E47, '1.5.UVintensity'!$L$3:$L$14, _xlfn.XLOOKUP(F$5, '1.5.UVintensity'!$M$2:$U$2, '1.5.UVintensity'!$M$3:$U$14))} -> 0 | G47: {=_xlfn.XLOOKUP($E47, '1.5.UVintensity'!$L$3:$L$14, _xlfn.XLOOKUP(G$5, '1.5.UVintensity'!$M$2:$U$2, '1.5.UVintensity'!$M$3:$U$14))} -> 0 | H47: {=_xlfn.XLOOKUP($E47, '1.5.UVintensity'!$L$3:$L$14, _xlfn.XLOOKUP(H$5, '1.5.UVintensity'!$M$2:$U$2, '1.5.UVintensity'!$M$3:$U$14))} -> 0 | I47: {=_xlfn.XLOOKUP($E47, '1.5.UVintensity'!$L$3:$L$14, _xlfn.XLOOKUP(I$5, '1.5.UVintensity'!$M$2:$U$2, '1.5.UVintensity'!$M$3:$U$14))} -> 0 | J47: {=_xlfn.XLOOKUP($E47, '1.5.UVintensity'!$L$3:$L$14, _xlfn.XLOOKUP(J$5, '1.5.UVintensity'!$M$2:$U$2, '1.5.UVintensity'!$M$3:$U$14))} -> 0 | K47: {=_xlfn.XLOOKUP($E47, '1.5.UVintensity'!$L$3:$L$14, _xlfn.XLOOKUP(K$5, '1.5.UVintensity'!$M$2:$U$2, '1.5.UVintensity'!$M$3:$U$14))} -> 0 | L47: {=_xlfn.XLOOKUP($E47, '1.5.UVintensity'!$L$3:$L$14, _xlfn.XLOOKUP(L$5, '1.5.UVintensity'!$M$2:$U$2, '1.5.UVintensity'!$M$3:$U$14))} -> 0 | M47: {=_xlfn.XLOOKUP($E47, '1.5.UVintensity'!$L$3:$L$14, _xlfn.XLOOKUP(M$5, '1.5.UVintensity'!$M$2:$U$2, '1.5.UVintensity'!$M$3:$U$14))} -> 0 | O47: [W*m-2] | P47: PlasticFADE model
C48: UVintensity | D48: Regional | E48: sea | F48: {=_xlfn.XLOOKUP($E48, '1.5.UVintensity'!$L$3:$L$14, _xlfn.XLOOKUP(F$5, '1.5.UVintensity'!$M$2:$U$2, '1.5.UVintensity'!$M$3:$U$14))} -> 3.4673055 | G48: {=_xlfn.XLOOKUP($E48, '1.5.UVintensity'!$L$3:$L$14, _xlfn.XLOOKUP(G$5, '1.5.UVintensity'!$M$2:$U$2, '1.5.UVintensity'!$M$3:$U$14))} -> 5.0928752 | H48: {=_xlfn.XLOOKUP($E48, '1.5.UVintensity'!$L$3:$L$14, _xlfn.XLOOKUP(H$5, '1.5.UVintensity'!$M$2:$U$2, '1.5.UVintensity'!$M$3:$U$14))} -> 2.2610982 | I48: {=_xlfn.XLOOKUP($E48, '1.5.UVintensity'!$L$3:$L$14, _xlfn.XLOOKUP(I$5, '1.5.UVintensity'!$M$2:$U$2, '1.5.UVintensity'!$M$3:$U$14))} -> 5.9748332 | J48: {=_xlfn.XLOOKUP($E48, '1.5.UVintensity'!$L$3:$L$14, _xlfn.XLOOKUP(J$5, '1.5.UVintensity'!$M$2:$U$2, '1.5.UVintensity'!$M$3:$U$14))} -> 2.4340312 | K48: {=_xlfn.XLOOKUP($E48, '1.5.UVintensity'!$L$3:$L$14, _xlfn.XLOOKUP(K$5, '1.5.UVintensity'!$M$2:$U$2, '1.5.UVintensity'!$M$3:$U$14))} -> 5.9013367 | L48: {=_xlfn.XLOOKUP($E48, '1.5.UVintensity'!$L$3:$L$14, _xlfn.XLOOKUP(L$5, '1.5.UVintensity'!$M$2:$U$2, '1.5.UVintensity'!$M$3:$U$14))} -> 1.5736898 | M48: {=_xlfn.XLOOKUP($E48, '1.5.UVintensity'!$L$3:$L$14, _xlfn.XLOOKUP(M$5, '1.5.UVintensity'!$M$2:$U$2, '1.5.UVintensity'!$M$3:$U$14))} -> 5.1231384 | O48: [W*m-2] | P48: PlasticFADE model
C49: MICROBconc | D49: Regional | E49: agriculturalsoil | F49: 121000000 | G49: 121000000 | H49: 121000000 | I49: 121000000 | J49: 121000000 | K49: 121000000 | L49: 121000000 | M49: 121000000 | O49: [CFU*mL-1] | P49: PlasticFADE model
C50: MICROBconc | D50: Regional | E50: air | F50: 0.5 | G50: 0.5 | H50: 0.5 | I50: 0.5 | J50: 0.5 | K50: 0.5 | L50: 0.5 | M50: 0.5 | O50: [CFU*mL-1] | P50: PlasticFADE model
C51: MICROBconc | D51: Regional | E51: cloudwater | F51: 0.5 | G51: 0.5 | H51: 0.5 | I51: 0.5 | J51: 0.5 | K51: 0.5 | L51: 0.5 | M51: 0.5 | O51: [CFU*mL-1] | P51: PlasticFADE model
C52: MICROBconc | D52: Regional | E52: freshwatersediment | F52: 482000 | G52: 482000 | H52: 482000 | I52: 482000 | J52: 482000 | K52: 482000 | L52: 482000 | M52: 482000 | O52: [CFU*mL-1] | P52: PlasticFADE model
C53: MICROBconc | D53: Regional | E53: lake | F53: 250000 | G53: 250000 | H53: 250000 | I53: 250000 | J53: 250000 | K53: 250000 | L53: 250000 | M53: 250000 | O53: [CFU*mL-1] | P53: PlasticFADE model
C54: MICROBconc | D54: Regional | E54: lakesediment | F54: 482000 | G54: 482000 | H54: 482000 | I54: 482000 | J54: 482000 | K54: 482000 | L54: 482000 | M54: 482000 | O54: [CFU*mL-1] | P54: PlasticFADE model
C55: MICROBconc | D55: Regional | E55: marinesediment | F55: 482000 | G55: 482000 | H55: 482000 | I55: 482000 | J55: 482000 | K55: 482000 | L55: 482000 | M55: 482000 | O55: [CFU*mL-1] | P55: PlasticFADE model
C56: MICROBconc | D56: Regional | E56: naturalsoil | F56: 121000000 | G56: 121000000 | H56: 121000000 | I56: 121000000 | J56: 121000000 | K56: 121000000 | L56: 121000000 | M56: 121000000 | O56: [CFU*mL-1] | P56: PlasticFADE model
C57: MICROBconc | D57: Regional | E57: othersoil | F57: 121000000 | G57: 121000000 | H57: 121000000 | I57: 121000000 | J57: 121000000 | K57: 121000000 | L57: 121000000 | M57: 121000000 | O57: [CFU*mL-1] | P57: PlasticFADE model
C58: MICROBconc | D58: Regional | E58: river | F58: 250000 | G58: 250000 | H58: 250000 | I58: 250000 | J58: 250000 | K58: 250000 | L58: 250000 | M58: 250000 | O58: [CFU*mL-1] | P58: PlasticFADE model
C59: MICROBconc | D59: Regional | E59: deepocean | F59: 250000 | G59: 250000 | H59: 250000 | I59: 250000 | J59: 250000 | K59: 250000 | L59: 250000 | M59: 250000 | O59: [CFU*mL-1] | P59: PlasticFADE model
C60: MICROBconc | D60: Regional | E60: sea | F60: 250000 | G60: 250000 | H60: 250000 | I60: 250000 | J60: 250000 | K60: 250000 | L60: 250000 | M60: 250000 | O60: [CFU*mL-1] | P60: PlasticFADE model
A61: GLOBAL SCALE | B61: area_land_G | D61: Continental | F61: 1.2391012e+14 | G61: 1.175222e+14 | H61: 1.2983388e+14 | I61: 1.0410177e+14 | J61: 1.2152316e+14 | K61: 1.2153403e+14 | L61: 1.2010017e+14 | M61: 1.3027535e+14 | N61: area of land | O61: [m2] | P61: USEtox (Fantke et al., 2017)
B62: area_sea_G | D62: Continental | F62: 3.6203119e+14 | G62: 3.608957e+14 | H62: 3.6216841e+14 | I62: 3.6227819e+14 | J62: 3.631323e+14 | K62: 3.5853119e+14 | L62: 3.5824373e+14 | M62: 3.6162802e+14 | N62: area of sea | O62: [m2] | P62: USEtox (Fantke et al., 2017)
C63: TotalArea | D63: Continental | F63: =F62+F61+F8 -> 5.0226869e+14 | G63: =G62+G61+G8 -> 502268688752959 | H63: =H62+H61+H8 -> 5.0226869e+14 | I63: =I62+I61+I8 -> 5.0226869e+14 | J63: =J62+J61+J8 -> 5.0226869e+14 | K63: =K62+K61+K8 -> 502268688752959 | L63: =L62+L61+L8 -> 5.0226869e+14 | M63: =M62+M61+M8 -> 5.0226869e+14 | O63: [m2] | P63: USEtox (Fantke et al., 2017) | Q63: Total area needs to include the size of nested scales. We add the area of continental scale
C64: FRACsea | D64: Continental | F64: =(F62+F7)/F63 -> 0.72445008 | G64: =(G62+G7)/G63 -> 0.72445008 | H64: =(H62+H7)/H63 -> 0.72445008 | I64: =(I62+I7)/I63 -> 0.72445008 | J64: =(J62+J7)/J63 -> 0.72445008 | K64: =(K62+K7)/K63 -> 0.72445008 | L64: =(L62+L7)/L63 -> 0.72445008 | M64: =(M62+M7)/M63 -> 0.72445008 | O64: - | P64: USEtox (Fantke et al., 2017) | Q64: Adapted so include nested compartment
B65: areafrac_rw_G | C65: landFRAC | D65: Continental | E65: river | F65: 0.0037256943 | G65: 0.0027612917 | H65: 0.0032048504 | I65: 0.0041965315 | J65: 0.0033368619 | K65: 0.0026678907 | L65: 0.0030580701 | M65: 0.0033812262 | N65: fraction of land area allocated to river | O65: - | P65: Calculated with HydroATLAS (Louvet et al., 2026)
B66: areafrac_lw_G | C66: landFRAC | D66: Continental | E66: lake | F66: 0.023643521 | G66: 0.033374003 | H66: 0.030570453 | I66: 0.03581244 | J66: 0.030787933 | K66: 0.030123706 | L66: 0.027011189 | M66: 0.031862099 | N66: fraction of land area allocated to lake | O66: - | P66: Calculated with HydroATLAS (Louvet et al., 2026)
B67: areafrac_nat_soil_G | C67: landFRAC | D67: Continental | E67: naturalsoil | F67: 0.60856223 | G67: 0.60333262 | H67: 0.61268443 | I67: 0.61834427 | J67: 0.62337847 | K67: 0.62669565 | L67: 0.57889629 | M67: 0.6156604 | N67: fraction of land area allocated to natural soil | O67: - | P67: USEtox (Fantke et al., 2017)
B68: areafrac_agr_soil_G | C68: landFRAC | D68: Continental | E68: agriculturalsoil | F68: 0.36406856 | G68: 0.36053209 | H68: 0.35354027 | I68: 0.34164676 | J68: 0.34249673 | K68: 0.34051276 | L68: 0.39103445 | M68: 0.34909628 | N68: fraction of land area allocated to agricultural soil | O68: - | P68: USEtox (Fantke et al., 2017)
B69: areafrac_agr_soil_C | C69: landFRAC | D69: Continental | E69: othersoil | F69: 1e-20 | G69: 1e-20 | H69: 1e-20 | I69: 1e-20 | J69: 1e-20 | K69: 1e-20 | L69: 1e-20 | M69: 1e-20 | N69: fraction of land area allocated to other soil | O69: - | P69: -
B70: fracsf_rw_G | D70: Continental | F70: 0.13612719 | G70: 0.076415366 | H70: 0.094887391 | I70: 0.10488976 | J70: 0.097784086 | K70: 0.081358975 | L70: 0.10170088 | M70: 0.095939476 | N70: fraction of surface water allocated to river | O70: - | P70: Calculated with HydroATLAS
B71: fracsf_lw_G | D71: Continental | F71: 0.86387281 | G71: 0.92358463 | H71: 0.90511261 | I71: 0.89511024 | J71: 0.90221591 | K71: 0.91864103 | L71: 0.89829912 | M71: 0.90406052 | N71: fraction of surface water allocated to lake | O71: - | P71: Calculated with HydroATLAS
B72: temp_G | C72: Temp | D72: Continental | F72: 285.15 | G72: 285.15 | H72: 285.15 | I72: 285.15 | J72: 285.15 | K72: 285.15 | L72: 285.15 | M72: 285.15 | N72: temperature | O72: K | P72: USEtox (Fantke et al., 2017)
B73: wind_speed_G | C73: WINDspeed | D73: Continental | F73: 3 | G73: 3 | H73: 3 | I73: 3 | J73: 3 | K73: 3 | L73: 3 | M73: 3 | N73: wind speed | O73: [m*s-1] | P73: USEtox (Fantke et al., 2017)
B74: rain_rate_G | D74: Continental | F74: 2.2196854e-08 | G74: 2.2196854e-08 | H74: 2.2196854e-08 | I74: 2.2196854e-08 | J74: 2.2196854e-08 | K74: 2.2196854e-08 | L74: 2.2196854e-08 | M74: 2.2196854e-08 | N74: rain rate | O74: [m*s-1] | P74: USEtox (Fantke et al., 2017)
C75: RAINrate | D75: Continental | F75: =F74*1000*365*24*3600 -> 700 | G75: =G74*1000*365*24*3600 -> 700 | H75: =H74*1000*365*24*3600 -> 700 | I75: =I74*1000*365*24*3600 -> 700 | J75: =J74*1000*365*24*3600 -> 700 | K75: =K74*1000*365*24*3600 -> 700 | L75: =L74*1000*365*24*3600 -> 700 | M75: =M74*1000*365*24*3600 -> 700 | N75: rain rate | O75: [mm*yr-1] | P75: USEtox (Fantke et al., 2017)
B76: depth_rw_G | C76: VertDistance | D76: Continental | E76: river | F76: 3.3481105 | G76: 2.7350201 | H76: 3.2415889 | I76: 3.1902083 | J76: 3.2236167 | K76: 3.1509464 | L76: 3.2600325 | M76: 3.2466419 | N76: depth river water | O76: [m] | P76: Calculated with HydroATLAS
B77: depth_lw_G | C77: VertDistance | D77: Continental | E77: lake | F77: 90.805257 | G77: 66.519703 | H77: 65.10935 | I77: 58.82413 | J77: 65.859719 | K77: 66.64602 | L77: 39.143976 | M77: 65.281448 | N77: depth lake water | O77: [m] | P77: Calculated with HydroATLAS
B78: depth_sw_G | C78: VertDistance | D78: Continental | E78: sea | F78: 5 | G78: 5 | H78: 5 | I78: 5 | J78: 5 | K78: 5 | L78: 5 | M78: 5 | N78: depth sea water surface | O78: [m] | P78: Tedetti & Sempéré (2006)
C79: VertDistance | D79: Continental | E79: deepocean | F79: 2128 | G79: 2128 | H79: 2128 | I79: 2128 | J79: 2128 | K79: 2128 | L79: 2128 | M79: 2128 | N79: depth water column | O79: [m] | P79: USEtox (Fantke et al., 2017)
B80: frac_runoff_rw_G | D80: Continental | F80: 0.034031797 | G80: 0.019103841 | H80: 0.023721848 | I80: 0.026222441 | J80: 0.024446021 | K80: 0.020339744 | L80: 0.02542522 | M80: 0.023984869 | N80: fraction runoff to river | O80: - | P80: Fraction runoff in USEtox * Fraction of surface water allocated to river
B81: frac_runoff_lw_G | D81: Continental | F81: 0.2159682 | G81: 0.23089616 | H81: 0.22627815 | I81: 0.22377756 | J81: 0.22555398 | K81: 0.22966026 | L81: 0.22457478 | M81: 0.22601513 | N81: fraction runoff to lake | O81: - | P81: Fraction runoff in USEtox * Fraction of surface water allocated to lake
C82: FRACrun | D82: Continental | F82: 0.25 | G82: 0.25 | H82: 0.25 | I82: 0.25 | J82: 0.25 | K82: 0.25 | L82: 0.25 | M82: 0.25 | N82: fraction runoff | O82: - | P82: USEtox (Fantke et al., 2017)
B83: frac_infiltr_G | C83: FRACinf | D83: Continental | F83: 0.25 | G83: 0.25 | H83: 0.25 | I83: 0.25 | J83: 0.25 | K83: 0.25 | L83: 0.25 | M83: 0.25 | N83: fraction infiltration | O83: - | P83: USEtox (Fantke et al., 2017)
B84: soil_ero_G | D84: Continental | F84: 9.5129376e-13 | G84: 9.5129376e-13 | H84: 9.5129376e-13 | I84: 9.5129376e-13 | J84: 9.5129376e-13 | K84: 9.5129376e-13 | L84: 9.5129376e-13 | M84: 9.5129376e-13 | N84: soil erosion | O84: [m*s-1] | P84: USEtox (Fantke et al., 2017)
B85: irrig_G | D85: Continental | F85: 2722000000000 | G85: 2722000000000 | H85: 2722000000000 | I85: 2722000000000 | J85: 2722000000000 | K85: 2722000000000 | L85: 2722000000000 | M85: 2722000000000 | N85: irrigation | O85: [m3] | P85: USEtox (Fantke et al., 2017)
B86: dens_fw_species_RoW | C86: dens_fw_species_RoW | F86: 0.925 | G86: 0.7011 | H86: 0.8978 | I86: 0.7732 | J86: 0.8775 | K86: 0.712 | L86: 0.943 | M86: 0.9108 | O86: - | P86: Louvet et al. (2026)
B87: dens_marine_species_RoW | C87: dens_marine_species_RoW | F87: 0.29669774 | G87: 0.29669774 | H87: 0.29669774 | I87: 0.29669774 | J87: 0.29669774 | K87: 0.29669774 | L87: 0.29669774 | M87: 0.29669774 | O87: - | P87: Louvet et al. (2026)
B88: dens_ter_species_RoW | C88: dens_ter_species_RoW | F88: 0.9676 | G88: 0.6567 | H88: 0.9169 | I88: 0.7717 | J88: 0.924 | K88: 0.7702 | L88: 0.9786 | M88: 0.869 | O88: - | P88: Louvet et al. (2026)
C89: gep_fw_G | F89: =1-F34 -> 0.94094533 | G89: =1-G34 -> 0.69634821 | H89: =1-H34 -> 0.95904775 | I89: =1-I34 -> 0.79146728 | J89: =1-J34 -> 0.99002186 | K89: =1-K34 -> 0.67165297 | L89: =1-L34 -> 0.99519467 | M89: =1-M34 -> 0.95532193 | N89: Global extinction probability of freshwater species | O89: - | P89: This study | Q89: = 1 - continental GEP (GEP of the rest of the world)
C90: gep_mar_G | F90: =_xlfn.XLOOKUP("open ocean",'4.2.GEP'!$B$10:$B$18,'4.2.GEP'!$D$10:$D$18) -> 0.51743519 | G90: =_xlfn.XLOOKUP("open ocean",'4.2.GEP'!$B$10:$B$18,'4.2.GEP'!$D$10:$D$18) -> 0.51743519 | H90: =_xlfn.XLOOKUP("open ocean",'4.2.GEP'!$B$10:$B$18,'4.2.GEP'!$D$10:$D$18) -> 0.51743519 | I90: =_xlfn.XLOOKUP("open ocean",'4.2.GEP'!$B$10:$B$18,'4.2.GEP'!$D$10:$D$18) -> 0.51743519 | J90: =_xlfn.XLOOKUP("open ocean",'4.2.GEP'!$B$10:$B$18,'4.2.GEP'!$D$10:$D$18) -> 0.51743519 | K90: =_xlfn.XLOOKUP("open ocean",'4.2.GEP'!$B$10:$B$18,'4.2.GEP'!$D$10:$D$18) -> 0.51743519 | L90: =_xlfn.XLOOKUP("open ocean",'4.2.GEP'!$B$10:$B$18,'4.2.GEP'!$D$10:$D$18) -> 0.51743519 | M90: =_xlfn.XLOOKUP("open ocean",'4.2.GEP'!$B$10:$B$18,'4.2.GEP'!$D$10:$D$18) -> 0.51743519 | N90: Global extinction probability of marine species | O90: - | P90: This study | Q90: = GEP of the open ocean
C91: gep_ter_G | F91: =1-F36 -> 0.96985469 | G91: =1-G36 -> 0.57523125 | H91: =1-H36 -> 0.97782329 | I91: =1-I36 -> 0.77946139 | J91: =1-J36 -> 0.9879319 | K91: =1-K36 -> 0.79283002 | L91: =1-L36 -> 0.99671345 | M91: =1-M36 -> 0.920154 | N91: Global extinction probability of terrestrial species | O91: - | P91: This study | Q91: = 1 - continental GEP (GEP of the rest of the world)
C92: UVintensity | D92: Continental | E92: agriculturalsoil | F92: =_xlfn.XLOOKUP($E92,'1.5.UVintensity'!$L$3:$L$14,'1.5.UVintensity'!$U$3:$U$14) -> 0 | G92: =_xlfn.XLOOKUP($E92,'1.5.UVintensity'!$L$3:$L$14,'1.5.UVintensity'!$U$3:$U$14) -> 0 | H92: =_xlfn.XLOOKUP($E92,'1.5.UVintensity'!$L$3:$L$14,'1.5.UVintensity'!$U$3:$U$14) -> 0 | I92: =_xlfn.XLOOKUP($E92,'1.5.UVintensity'!$L$3:$L$14,'1.5.UVintensity'!$U$3:$U$14) -> 0 | J92: =_xlfn.XLOOKUP($E92,'1.5.UVintensity'!$L$3:$L$14,'1.5.UVintensity'!$U$3:$U$14) -> 0 | K92: =_xlfn.XLOOKUP($E92,'1.5.UVintensity'!$L$3:$L$14,'1.5.UVintensity'!$U$3:$U$14) -> 0 | L92: =_xlfn.XLOOKUP($E92,'1.5.UVintensity'!$L$3:$L$14,'1.5.UVintensity'!$U$3:$U$14) -> 0 | M92: =_xlfn.XLOOKUP($E92,'1.5.UVintensity'!$L$3:$L$14,'1.5.UVintensity'!$U$3:$U$14) -> 0 | O92: [W*m-2] | P92: PlasticFADE model
C93: UVintensity | D93: Continental | E93: air | F93: =_xlfn.XLOOKUP($E93,'1.5.UVintensity'!$L$3:$L$14,'1.5.UVintensity'!$U$3:$U$14) -> 10 | G93: =_xlfn.XLOOKUP($E93,'1.5.UVintensity'!$L$3:$L$14,'1.5.UVintensity'!$U$3:$U$14) -> 10 | H93: =_xlfn.XLOOKUP($E93,'1.5.UVintensity'!$L$3:$L$14,'1.5.UVintensity'!$U$3:$U$14) -> 10 | I93: =_xlfn.XLOOKUP($E93,'1.5.UVintensity'!$L$3:$L$14,'1.5.UVintensity'!$U$3:$U$14) -> 10 | J93: =_xlfn.XLOOKUP($E93,'1.5.UVintensity'!$L$3:$L$14,'1.5.UVintensity'!$U$3:$U$14) -> 10 | K93: =_xlfn.XLOOKUP($E93,'1.5.UVintensity'!$L$3:$L$14,'1.5.UVintensity'!$U$3:$U$14) -> 10 | L93: =_xlfn.XLOOKUP($E93,'1.5.UVintensity'!$L$3:$L$14,'1.5.UVintensity'!$U$3:$U$14) -> 10 | M93: =_xlfn.XLOOKUP($E93,'1.5.UVintensity'!$L$3:$L$14,'1.5.UVintensity'!$U$3:$U$14) -> 10 | O93: [W*m-2] | P93: PlasticFADE model
C94: UVintensity | D94: Continental | E94: cloudwater | F94: =_xlfn.XLOOKUP($E94,'1.5.UVintensity'!$L$3:$L$14,'1.5.UVintensity'!$U$3:$U$14) -> 10 | G94: =_xlfn.XLOOKUP($E94,'1.5.UVintensity'!$L$3:$L$14,'1.5.UVintensity'!$U$3:$U$14) -> 10 | H94: =_xlfn.XLOOKUP($E94,'1.5.UVintensity'!$L$3:$L$14,'1.5.UVintensity'!$U$3:$U$14) -> 10 | I94: =_xlfn.XLOOKUP($E94,'1.5.UVintensity'!$L$3:$L$14,'1.5.UVintensity'!$U$3:$U$14) -> 10 | J94: =_xlfn.XLOOKUP($E94,'1.5.UVintensity'!$L$3:$L$14,'1.5.UVintensity'!$U$3:$U$14) -> 10 | K94: =_xlfn.XLOOKUP($E94,'1.5.UVintensity'!$L$3:$L$14,'1.5.UVintensity'!$U$3:$U$14) -> 10 | L94: =_xlfn.XLOOKUP($E94,'1.5.UVintensity'!$L$3:$L$14,'1.5.UVintensity'!$U$3:$U$14) -> 10 | M94: =_xlfn.XLOOKUP($E94,'1.5.UVintensity'!$L$3:$L$14,'1.5.UVintensity'!$U$3:$U$14) -> 10 | O94: [W*m-2] | P94: PlasticFADE model
C95: UVintensity | D95: Continental | E95: freshwatersediment | F95: =_xlfn.XLOOKUP($E95,'1.5.UVintensity'!$L$3:$L$14,'1.5.UVintensity'!$U$3:$U$14) -> 0 | G95: =_xlfn.XLOOKUP($E95,'1.5.UVintensity'!$L$3:$L$14,'1.5.UVintensity'!$U$3:$U$14) -> 0 | H95: =_xlfn.XLOOKUP($E95,'1.5.UVintensity'!$L$3:$L$14,'1.5.UVintensity'!$U$3:$U$14) -> 0 | I95: =_xlfn.XLOOKUP($E95,'1.5.UVintensity'!$L$3:$L$14,'1.5.UVintensity'!$U$3:$U$14) -> 0 | J95: =_xlfn.XLOOKUP($E95,'1.5.UVintensity'!$L$3:$L$14,'1.5.UVintensity'!$U$3:$U$14) -> 0 | K95: =_xlfn.XLOOKUP($E95,'1.5.UVintensity'!$L$3:$L$14,'1.5.UVintensity'!$U$3:$U$14) -> 0 | L95: =_xlfn.XLOOKUP($E95,'1.5.UVintensity'!$L$3:$L$14,'1.5.UVintensity'!$U$3:$U$14) -> 0 | M95: =_xlfn.XLOOKUP($E95,'1.5.UVintensity'!$L$3:$L$14,'1.5.UVintensity'!$U$3:$U$14) -> 0 | O95: [W*m-2] | P95: PlasticFADE model
C96: UVintensity | D96: Continental | E96: lake | F96: =_xlfn.XLOOKUP($E96,'1.5.UVintensity'!$L$3:$L$14,'1.5.UVintensity'!$U$3:$U$14) -> 0.10539549 | G96: =_xlfn.XLOOKUP($E96,'1.5.UVintensity'!$L$3:$L$14,'1.5.UVintensity'!$U$3:$U$14) -> 0.10539549 | H96: =_xlfn.XLOOKUP($E96,'1.5.UVintensity'!$L$3:$L$14,'1.5.UVintensity'!$U$3:$U$14) -> 0.10539549 | I96: =_xlfn.XLOOKUP($E96,'1.5.UVintensity'!$L$3:$L$14,'1.5.UVintensity'!$U$3:$U$14) -> 0.10539549 | J96: =_xlfn.XLOOKUP($E96,'1.5.UVintensity'!$L$3:$L$14,'1.5.UVintensity'!$U$3:$U$14) -> 0.10539549 | K96: =_xlfn.XLOOKUP($E96,'1.5.UVintensity'!$L$3:$L$14,'1.5.UVintensity'!$U$3:$U$14) -> 0.10539549 | L96: =_xlfn.XLOOKUP($E96,'1.5.UVintensity'!$L$3:$L$14,'1.5.UVintensity'!$U$3:$U$14) -> 0.10539549 | M96: =_xlfn.XLOOKUP($E96,'1.5.UVintensity'!$L$3:$L$14,'1.5.UVintensity'!$U$3:$U$14) -> 0.10539549 | O96: [W*m-2] | P96: PlasticFADE model
C97: UVintensity | D97: Continental | E97: lakesediment | F97: =_xlfn.XLOOKUP($E97,'1.5.UVintensity'!$L$3:$L$14,'1.5.UVintensity'!$U$3:$U$14) -> 0 | G97: =_xlfn.XLOOKUP($E97,'1.5.UVintensity'!$L$3:$L$14,'1.5.UVintensity'!$U$3:$U$14) -> 0 | H97: =_xlfn.XLOOKUP($E97,'1.5.UVintensity'!$L$3:$L$14,'1.5.UVintensity'!$U$3:$U$14) -> 0 | I97: =_xlfn.XLOOKUP($E97,'1.5.UVintensity'!$L$3:$L$14,'1.5.UVintensity'!$U$3:$U$14) -> 0 | J97: =_xlfn.XLOOKUP($E97,'1.5.UVintensity'!$L$3:$L$14,'1.5.UVintensity'!$U$3:$U$14) -> 0 | K97: =_xlfn.XLOOKUP($E97,'1.5.UVintensity'!$L$3:$L$14,'1.5.UVintensity'!$U$3:$U$14) -> 0 | L97: =_xlfn.XLOOKUP($E97,'1.5.UVintensity'!$L$3:$L$14,'1.5.UVintensity'!$U$3:$U$14) -> 0 | M97: =_xlfn.XLOOKUP($E97,'1.5.UVintensity'!$L$3:$L$14,'1.5.UVintensity'!$U$3:$U$14) -> 0 | O97: [W*m-2] | P97: PlasticFADE model
C98: UVintensity | D98: Continental | E98: marinesediment | F98: =_xlfn.XLOOKUP($E98,'1.5.UVintensity'!$L$3:$L$14,'1.5.UVintensity'!$U$3:$U$14) -> 0 | G98: =_xlfn.XLOOKUP($E98,'1.5.UVintensity'!$L$3:$L$14,'1.5.UVintensity'!$U$3:$U$14) -> 0 | H98: =_xlfn.XLOOKUP($E98,'1.5.UVintensity'!$L$3:$L$14,'1.5.UVintensity'!$U$3:$U$14) -> 0 | I98: =_xlfn.XLOOKUP($E98,'1.5.UVintensity'!$L$3:$L$14,'1.5.UVintensity'!$U$3:$U$14) -> 0 | J98: =_xlfn.XLOOKUP($E98,'1.5.UVintensity'!$L$3:$L$14,'1.5.UVintensity'!$U$3:$U$14) -> 0 | K98: =_xlfn.XLOOKUP($E98,'1.5.UVintensity'!$L$3:$L$14,'1.5.UVintensity'!$U$3:$U$14) -> 0 | L98: =_xlfn.XLOOKUP($E98,'1.5.UVintensity'!$L$3:$L$14,'1.5.UVintensity'!$U$3:$U$14) -> 0 | M98: =_xlfn.XLOOKUP($E98,'1.5.UVintensity'!$L$3:$L$14,'1.5.UVintensity'!$U$3:$U$14) -> 0 | O98: [W*m-2] | P98: PlasticFADE model
C99: UVintensity | D99: Continental | E99: naturalsoil | F99: =_xlfn.XLOOKUP($E99,'1.5.UVintensity'!$L$3:$L$14,'1.5.UVintensity'!$U$3:$U$14) -> 0 | G99: =_xlfn.XLOOKUP($E99,'1.5.UVintensity'!$L$3:$L$14,'1.5.UVintensity'!$U$3:$U$14) -> 0 | H99: =_xlfn.XLOOKUP($E99,'1.5.UVintensity'!$L$3:$L$14,'1.5.UVintensity'!$U$3:$U$14) -> 0 | I99: =_xlfn.XLOOKUP($E99,'1.5.UVintensity'!$L$3:$L$14,'1.5.UVintensity'!$U$3:$U$14) -> 0 | J99: =_xlfn.XLOOKUP($E99,'1.5.UVintensity'!$L$3:$L$14,'1.5.UVintensity'!$U$3:$U$14) -> 0 | K99: =_xlfn.XLOOKUP($E99,'1.5.UVintensity'!$L$3:$L$14,'1.5.UVintensity'!$U$3:$U$14) -> 0 | L99: =_xlfn.XLOOKUP($E99,'1.5.UVintensity'!$L$3:$L$14,'1.5.UVintensity'!$U$3:$U$14) -> 0 | M99: =_xlfn.XLOOKUP($E99,'1.5.UVintensity'!$L$3:$L$14,'1.5.UVintensity'!$U$3:$U$14) -> 0 | O99: [W*m-2] | P99: PlasticFADE model
C100: UVintensity | D100: Continental | E100: othersoil | F100: =_xlfn.XLOOKUP($E100,'1.5.UVintensity'!$L$3:$L$14,'1.5.UVintensity'!$U$3:$U$14) -> 0 | G100: =_xlfn.XLOOKUP($E100,'1.5.UVintensity'!$L$3:$L$14,'1.5.UVintensity'!$U$3:$U$14) -> 0 | H100: =_xlfn.XLOOKUP($E100,'1.5.UVintensity'!$L$3:$L$14,'1.5.UVintensity'!$U$3:$U$14) -> 0 | I100: =_xlfn.XLOOKUP($E100,'1.5.UVintensity'!$L$3:$L$14,'1.5.UVintensity'!$U$3:$U$14) -> 0 | J100: =_xlfn.XLOOKUP($E100,'1.5.UVintensity'!$L$3:$L$14,'1.5.UVintensity'!$U$3:$U$14) -> 0 | K100: =_xlfn.XLOOKUP($E100,'1.5.UVintensity'!$L$3:$L$14,'1.5.UVintensity'!$U$3:$U$14) -> 0 | L100: =_xlfn.XLOOKUP($E100,'1.5.UVintensity'!$L$3:$L$14,'1.5.UVintensity'!$U$3:$U$14) -> 0 | M100: =_xlfn.XLOOKUP($E100,'1.5.UVintensity'!$L$3:$L$14,'1.5.UVintensity'!$U$3:$U$14) -> 0 | O100: [W*m-2] | P100: PlasticFADE model
C101: UVintensity | D101: Continental | E101: river | F101: =_xlfn.XLOOKUP($E101,'1.5.UVintensity'!$L$3:$L$14,'1.5.UVintensity'!$U$3:$U$14) -> 0.42624575 | G101: =_xlfn.XLOOKUP($E101,'1.5.UVintensity'!$L$3:$L$14,'1.5.UVintensity'!$U$3:$U$14) -> 0.42624575 | H101: =_xlfn.XLOOKUP($E101,'1.5.UVintensity'!$L$3:$L$14,'1.5.UVintensity'!$U$3:$U$14) -> 0.42624575 | I101: =_xlfn.XLOOKUP($E101,'1.5.UVintensity'!$L$3:$L$14,'1.5.UVintensity'!$U$3:$U$14) -> 0.42624575 | J101: =_xlfn.XLOOKUP($E101,'1.5.UVintensity'!$L$3:$L$14,'1.5.UVintensity'!$U$3:$U$14) -> 0.42624575 | K101: =_xlfn.XLOOKUP($E101,'1.5.UVintensity'!$L$3:$L$14,'1.5.UVintensity'!$U$3:$U$14) -> 0.42624575 | L101: =_xlfn.XLOOKUP($E101,'1.5.UVintensity'!$L$3:$L$14,'1.5.UVintensity'!$U$3:$U$14) -> 0.42624575 | M101: =_xlfn.XLOOKUP($E101,'1.5.UVintensity'!$L$3:$L$14,'1.5.UVintensity'!$U$3:$U$14) -> 0.42624575 | O101: [W*m-2] | P101: PlasticFADE model
...

Sheet 3.2.polymer_list
A1: varName | B1: SubCompart | C1: EPS | D1: HDPE | E1: LDPE | F1: PA_Nylon | G1: PET | H1: PP | I1: PS | J1: PVC | K1: PU | L1: PAN | M1: TRWP | N1: PHA | O1: PLA | P1: PCL | Q1: PBSA | R1: starch_blend | S1: PBAT | T1: Cotton | U1: Linen | V1: Viscose | W1: Rayon | X1: Lyocell | Y1: Modal
A2: RhoS | C2: 36.5 | D2: 955 | E2: 925 | F2: 1240 | G2: 1350 | H2: 885 | I2: 1040 | J2: 1380 | K2: 1200 | L2: 1184 | M2: 1800 | N2: 1220 | O2: 1240 | P2: 1150 | Q2: 1240 | R2: 1250 | S2: 1260 | T2: 1540 | U2: 1500 | V2: 1520 | W2: 1520 | X2: 1500 | Y2: 1520
A3: Kssdr | B3: deepocean | C3: 9.51e-16 | D3: 3.17e-15 | E3: 6.34e-15 | F3: 1.01e-13 | G3: 9.51e-15 | H3: 3.9e-14 | I3: 9.51e-16 | J3: 3.17e-16 | K3: 8.00633e-15 | L3: 3.17e-17 | M3: 3.33e-15 | N3: 3.57e-12 | O3: 2.85e-15 | P3: 4.7057024e-13 | Q3: 4.9642264e-14 | R3: 3.21e-12 | S3: 3.73e-13 | T3: 5.8031411e-13 | U3: 1.227074e-12 | V3: 7.7877128e-13 | W3: 7.7877128e-13 | X3: 1.2652134e-12 | Y3: 1.6460494e-12
A4: Kssdr | B4: river | C4: 9.51e-16 | D4: 3.17e-15 | E4: 6.34e-15 | F4: 1.01e-13 | G4: 9.51e-15 | H4: 3.9e-14 | I4: 9.51e-16 | J4: 3.17e-16 | K4: 8.00633e-15 | L4: 3.17e-17 | M4: 3.33e-15 | N4: 3.57e-12 | O4: 2.85e-15 | P4: 4.7057024e-13 | Q4: 4.9642264e-14 | R4: 3.21e-12 | S4: 3.73e-13 | T4: 5.8031411e-13 | U4: 1.227074e-12 | V4: 7.7877128e-13 | W4: 7.7877128e-13 | X4: 1.2652134e-12 | Y4: 1.6460494e-12
A5: Kssdr | B5: sea | C5: 9.51e-16 | D5: 3.17e-15 | E5: 6.34e-15 | F5: 1.01e-13 | G5: 9.51e-15 | H5: 3.9e-14 | I5: 9.51e-16 | J5: 3.17e-16 | K5: 8.00633e-15 | L5: 3.17e-17 | M5: 3.33e-15 | N5: 3.57e-12 | O5: 2.85e-15 | P5: 4.7057024e-13 | Q5: 4.9642264e-14 | R5: 3.21e-12 | S5: 3.73e-13 | T5: 5.8031411e-13 | U5: 1.227074e-12 | V5: 7.7877128e-13 | W5: 7.7877128e-13 | X5: 1.2652134e-12 | Y5: 1.6460494e-12
A6: Kssdr | B6: lake | C6: 9.51e-16 | D6: 3.17e-15 | E6: 6.34e-15 | F6: 1.01e-13 | G6: 9.51e-15 | H6: 3.9e-14 | I6: 9.51e-16 | J6: 3.17e-16 | K6: 8.00633e-15 | L6: 3.17e-17 | M6: 3.33e-15 | N6: 3.57e-12 | O6: 2.85e-15 | P6: 4.7057024e-13 | Q6: 4.9642264e-14 | R6: 3.21e-12 | S6: 3.73e-13 | T6: 5.8031411e-13 | U6: 1.227074e-12 | V6: 7.7877128e-13 | W6: 7.7877128e-13 | X6: 1.2652134e-12 | Y6: 1.6460494e-12
A7: Kssdr | B7: marinesediment | C7: 9.51e-16 | D7: 3.17e-15 | E7: 2.23e-14 | F7: 1.01e-13 | G7: 9.51e-15 | H7: 2.85e-15 | I7: 9.51e-16 | J7: 3.17e-16 | K7: 8.00633e-15 | L7: 3.17e-17 | M7: 3.33e-15 | N7: 1.96e-13 | O7: 3.49e-17 | P7: 4.7057024e-13 | Q7: 4.9642264e-14 | R7: 3.21e-12 | S7: 3.73e-13 | T7: 5.8031411e-13 | U7: 1.227074e-12 | V7: 7.7877128e-13 | W7: 7.7877128e-13 | X7: 1.2652134e-12 | Y7: 1.6460494e-12
A8: Kssdr | B8: freshwatersediment | C8: 9.51e-16 | D8: 3.17e-15 | E8: 2.23e-14 | F8: 1.01e-13 | G8: 9.51e-15 | H8: 2.85e-15 | I8: 9.51e-16 | J8: 3.17e-16 | K8: 8.00633e-15 | L8: 3.17e-17 | M8: 3.33e-15 | N8: 1.96e-13 | O8: 3.49e-17 | P8: 4.7057024e-13 | Q8: 4.9642264e-14 | R8: 3.21e-12 | S8: 3.73e-13 | T8: 5.8031411e-13 | U8: 1.227074e-12 | V8: 7.7877128e-13 | W8: 7.7877128e-13 | X8: 1.2652134e-12 | Y8: 1.6460494e-12
A9: Kssdr | B9: lakesediment | C9: 9.51e-16 | D9: 3.17e-15 | E9: 2.23e-14 | F9: 1.01e-13 | G9: 9.51e-15 | H9: 2.85e-15 | I9: 9.51e-16 | J9: 3.17e-16 | K9: 8.00633e-15 | L9: 3.17e-17 | M9: 3.33e-15 | N9: 1.96e-13 | O9: 3.49e-17 | P9: 4.7057024e-13 | Q9: 4.9642264e-14 | R9: 3.21e-12 | S9: 3.73e-13 | T9: 5.8031411e-13 | U9: 1.227074e-12 | V9: 7.7877128e-13 | W9: 7.7877128e-13 | X9: 1.2652134e-12 | Y9: 1.6460494e-12
A10: Kssdr | B10: naturalsoil | C10: 9.51e-16 | D10: 3.62e-14 | E10: 4.93e-13 | F10: 1.01e-13 | G10: 1.88e-14 | H10: 2.2e-14 | I10: 9.51e-16 | J10: 3.17e-16 | K10: 8.00633e-15 | L10: 3.17e-17 | M10: 2.67e-13 | N10: 3.79e-11 | O10: 3.84e-12 | P10: 4.7057024e-13 | Q10: 4.9642264e-14 | R10: 1.05e-11 | S10: 1.72e-13 | T10: 1.2567359e-13 | U10: 1.2567359e-13 | V10: 1.2567359e-13 | W10: 1.2567359e-13 | X10: 1.2567359e-13 | Y10: 1.2567359e-13
A11: Kssdr | B11: othersoil | C11: 9.51e-16 | D11: 3.62e-14 | E11: 4.93e-13 | F11: 1.01e-13 | G11: 1.88e-14 | H11: 2.2e-14 | I11: 9.51e-16 | J11: 3.17e-16 | K11: 8.00633e-15 | L11: 3.17e-17 | M11: 2.67e-13 | N11: 3.79e-11 | O11: 3.84e-12 | P11: 4.7057024e-13 | Q11: 4.9642264e-14 | R11: 1.05e-11 | S11: 1.72e-13 | T11: 1.2567359e-13 | U11: 1.2567359e-13 | V11: 1.2567359e-13 | W11: 1.2567359e-13 | X11: 1.2567359e-13 | Y11: 1.2567359e-13
A12: Kssdr | B12: agriculturalsoil | C12: 9.51e-16 | D12: 3.62e-14 | E12: 4.93e-13 | F12: 1.01e-13 | G12: 1.88e-14 | H12: 2.2e-14 | I12: 9.51e-16 | J12: 3.17e-16 | K12: 8.00633e-15 | L12: 3.17e-17 | M12: 2.67e-13 | N12: 3.79e-11 | O12: 3.84e-12 | P12: 4.7057024e-13 | Q12: 4.9642264e-14 | R12: 1.05e-11 | S12: 1.72e-13 | T12: 1.2567359e-13 | U12: 1.2567359e-13 | V12: 1.2567359e-13 | W12: 1.2567359e-13 | X12: 1.2567359e-13 | Y12: 1.2567359e-13
A13: CorFacSSA | C13: 13 | D13: 1 | E13: 1 | F13: 1 | G13: 1 | H13: 1 | I13: 1 | J13: 1 | K13: 1 | L13: 1 | M13: 1 | N13: 1 | O13: 1 | P13: 1 | Q13: 1 | R13: 1 | S13: 1 | T13: 1 | U13: 1 | V13: 1 | W13: 1 | X13: 1 | Y13: 1
A14: MinSettVel | C14: ='2.1.sed_rates'!D7 -> 8.35e-11 | D14: ='2.1.sed_rates'!D9 -> 5.67e-08 | E14: ='2.1.sed_rates'!D10 -> 5.67e-08 | H14: ='2.1.sed_rates'!D8 -> 5.67e-08
A15: DegApproach | C15: Kssdr | D15: PlasticFADE | E15: PlasticFADE | F15: Kssdr | G15: PlasticFADE | H15: PlasticFADE | I15: PlasticFADE | J15: Kssdr | K15: Kssdr | L15: Kssdr | M15: Kssdr | N15: Kssdr | O15: Kssdr | P15: Kssdr | Q15: Kssdr | R15: Kssdr | S15: Kssdr | T15: Kssdr | U15: Kssdr | V15: Kssdr | W15: Kssdr | X15: Kssdr | Y15: Kssdr
A16: degx | C16: NA | D16: 0.0103 | E16: 0.0111 | F16: NA | G16: 0.000243 | H16: 0.0055 | I16: 0.000273 | J16: NA | K16: NA | L16: NA | M16: NA | N16: NA | O16: NA | P16: NA | Q16: NA | R16: NA | S16: NA | T16: NA | U16: NA | V16: NA | W16: NA | X16: NA | Y16: NA
A17: degtau | C17: NA | D17: 3.36e-11 | E17: 5e-13 | F17: NA | G17: 0.791 | H17: 0.0137 | I17: 0.243 | J17: NA | K17: NA | L17: NA | M17: NA | N17: NA | O17: NA | P17: NA | Q17: NA | R17: NA | S17: NA | T17: NA | U17: NA | V17: NA | W17: NA | X17: NA | Y17: NA
A18: degy | C18: NA | D18: 0.00218 | E18: 0.0103 | F18: NA | G18: 1.33e-05 | H18: 0.0172 | I18: 0.0144 | J18: NA | K18: NA | L18: NA | M18: NA | N18: NA | O18: NA | P18: NA | Q18: NA | R18: NA | S18: NA | T18: NA | U18: NA | V18: NA | W18: NA | X18: NA | Y18: NA
A19: degtheta | C19: NA | D19: 0.299 | E19: 0.00436 | F19: NA | G19: 1.88 | H19: 0.705 | I19: 1.01 | J19: NA | K19: NA | L19: NA | M19: NA | N19: NA | O19: NA | P19: NA | Q19: NA | R19: NA | S19: NA | T19: NA | U19: NA | V19: NA | W19: NA | X19: NA | Y19: NA
A20: degz | C20: NA | D20: 0.000378 | E20: 0.000105 | F20: NA | G20: 0.0152 | H20: 1.62e-05 | I20: 6.23e-05 | J20: NA | K20: NA | L20: NA | M20: NA | N20: NA | O20: NA | P20: NA | Q20: NA | R20: NA | S20: NA | T20: NA | U20: NA | V20: NA | W20: NA | X20: NA | Y20: NA
A21: degeta | C21: NA | D21: 0.216 | E21: 0.324 | F21: NA | G21: 0.0785 | H21: 0.442 | I21: 0.496 | J21: NA | K21: NA | L21: NA | M21: NA | N21: NA | O21: NA | P21: NA | Q21: NA | R21: NA | S21: NA | T21: NA | U21: NA | V21: NA | W21: NA | X21: NA | Y21: NA
A22: Degrading_enzyme | C22: FALSE | D22: FALSE | E22: FALSE | F22: TRUE | G22: TRUE | H22: FALSE | I22: FALSE | J22: FALSE | K22: TRUE | L22: TRUE | M22: TRUE | N22: TRUE | O22: TRUE | P22: TRUE | Q22: TRUE | R22: TRUE | S22: TRUE | T22: TRUE | U22: TRUE | V22: TRUE | W22: TRUE | X22: TRUE | Y22: TRUE

Sheet 3.3.polymer_data_CI
A1: pol | B1: varName | C1: Scale | D1: SubCompart | E1: Species | F1: Distribution | G1: a | H1: b | I1: c | J1: Data Source | L1: a = left truncation (none here)
A2: EPS | B2: Kssdr | D2: deepocean | F2: log normal | G2: 0 | H2: =_xlfn.XLOOKUP($A2,'1.1.SSDR_water'!$B$7:$B$29,'1.1.SSDR_water'!$J$7:$J$29) -> 1.340791 | I2: =_xlfn.XLOOKUP($A2,'1.1.SSDR_water'!$B$7:$B$29,'1.1.SSDR_water'!$I$7:$I$29) -> -34.536029 | L2: b = sigma = sd log
A3: EPS | B3: Kssdr | D3: river | F3: log normal | G3: 0 | H3: =_xlfn.XLOOKUP($A3,'1.1.SSDR_water'!$B$7:$B$29,'1.1.SSDR_water'!$J$7:$J$29) -> 1.340791 | I3: =_xlfn.XLOOKUP($A3,'1.1.SSDR_water'!$B$7:$B$29,'1.1.SSDR_water'!$I$7:$I$29) -> -34.536029 | L3: c = mu = LN(GEOMEAN)
A4: EPS | B4: Kssdr | D4: sea | F4: log normal | G4: 0 | H4: =_xlfn.XLOOKUP($A4,'1.1.SSDR_water'!$B$7:$B$29,'1.1.SSDR_water'!$J$7:$J$29) -> 1.340791 | I4: =_xlfn.XLOOKUP($A4,'1.1.SSDR_water'!$B$7:$B$29,'1.1.SSDR_water'!$I$7:$I$29) -> -34.536029
A5: EPS | B5: Kssdr | D5: lake | F5: log normal | G5: 0 | H5: =_xlfn.XLOOKUP($A5,'1.1.SSDR_water'!$B$7:$B$29,'1.1.SSDR_water'!$J$7:$J$29) -> 1.340791 | I5: =_xlfn.XLOOKUP($A5,'1.1.SSDR_water'!$B$7:$B$29,'1.1.SSDR_water'!$I$7:$I$29) -> -34.536029 | L5: In this sheet, the distribution of the degradation parameters used in the monte carlo simulation are summarized. If plasticFADE inputs are provided, no Kssdr is used in the monte carlo simulation. SBoo uses this sheet as an input.
A6: EPS | B6: Kssdr | D6: marinesediment | F6: log normal | G6: 0 | H6: =_xlfn.XLOOKUP($A6,'1.2.SSDR_sediment'!$B$7:$B$29,'1.2.SSDR_sediment'!$J$7:$J$29) -> 1.340791 | I6: =_xlfn.XLOOKUP($A6,'1.2.SSDR_sediment'!$B$7:$B$29,'1.2.SSDR_sediment'!$I$7:$I$29) -> -34.536029
A7: EPS | B7: Kssdr | D7: freshwatersediment | F7: log normal | G7: 0 | H7: =_xlfn.XLOOKUP($A7,'1.2.SSDR_sediment'!$B$7:$B$29,'1.2.SSDR_sediment'!$J$7:$J$29) -> 1.340791 | I7: =_xlfn.XLOOKUP($A7,'1.2.SSDR_sediment'!$B$7:$B$29,'1.2.SSDR_sediment'!$I$7:$I$29) -> -34.536029
A8: EPS | B8: Kssdr | D8: lakesediment | F8: log normal | G8: 0 | H8: =_xlfn.XLOOKUP($A8,'1.2.SSDR_sediment'!$B$7:$B$29,'1.2.SSDR_sediment'!$J$7:$J$29) -> 1.340791 | I8: =_xlfn.XLOOKUP($A8,'1.2.SSDR_sediment'!$B$7:$B$29,'1.2.SSDR_sediment'!$I$7:$I$29) -> -34.536029
A9: EPS | B9: Kssdr | D9: naturalsoil | F9: log normal | G9: 0 | H9: =_xlfn.XLOOKUP($A9,'1.3.SSDR_soil'!$B$7:$B$29,'1.3.SSDR_soil'!$J$7:$J$29) -> 1.340791 | I9: =_xlfn.XLOOKUP($A9,'1.3.SSDR_soil'!$B$7:$B$29,'1.3.SSDR_soil'!$I$7:$I$29) -> -34.536029
A10: EPS | B10: Kssdr | D10: othersoil | F10: log normal | G10: 0 | H10: =_xlfn.XLOOKUP($A10,'1.3.SSDR_soil'!$B$7:$B$29,'1.3.SSDR_soil'!$J$7:$J$29) -> 1.340791 | I10: =_xlfn.XLOOKUP($A10,'1.3.SSDR_soil'!$B$7:$B$29,'1.3.SSDR_soil'!$I$7:$I$29) -> -34.536029
A11: EPS | B11: Kssdr | D11: agriculturalsoil | F11: log normal | G11: 0 | H11: =_xlfn.XLOOKUP($A11,'1.3.SSDR_soil'!$B$7:$B$29,'1.3.SSDR_soil'!$J$7:$J$29) -> 1.340791 | I11: =_xlfn.XLOOKUP($A11,'1.3.SSDR_soil'!$B$7:$B$29,'1.3.SSDR_soil'!$I$7:$I$29) -> -34.536029
A12: HDPE | B12: degx | F12: log normal | G12: 0 | H12: =_xlfn.XLOOKUP($B12,'1.4.plasticFADE constants'!$B$8:$B$13,'1.4.plasticFADE constants'!$F$8:$F$13) -> 0.00088522569 | I12: =_xlfn.XLOOKUP($B12,'1.4.plasticFADE constants'!$B$8:$B$13,'1.4.plasticFADE constants'!$E$8:$E$13) -> -4.5792341
A13: HDPE | B13: degtau | F13: log normal | G13: 0 | H13: =_xlfn.XLOOKUP($B13,'1.4.plasticFADE constants'!$B$8:$B$13,'1.4.plasticFADE constants'!$F$8:$F$13) -> 0.18031552 | I13: =_xlfn.XLOOKUP($B13,'1.4.plasticFADE constants'!$B$8:$B$13,'1.4.plasticFADE constants'!$E$8:$E$13) -> -24.116969
A14: HDPE | B14: degy | F14: log normal | G14: 0 | H14: =_xlfn.XLOOKUP($B14,'1.4.plasticFADE constants'!$B$8:$B$13,'1.4.plasticFADE constants'!$F$8:$F$13) -> 0.004283861 | I14: =_xlfn.XLOOKUP($B14,'1.4.plasticFADE constants'!$B$8:$B$13,'1.4.plasticFADE constants'!$E$8:$E$13) -> -6.1272713
A15: HDPE | B15: degtheta | F15: log normal | G15: 0 | H15: =_xlfn.XLOOKUP($B15,'1.4.plasticFADE constants'!$B$8:$B$13,'1.4.plasticFADE constants'!$F$8:$F$13) -> 0.56576349 | I15: =_xlfn.XLOOKUP($B15,'1.4.plasticFADE constants'!$B$8:$B$13,'1.4.plasticFADE constants'!$E$8:$E$13) -> -1.2071491
A16: HDPE | B16: degz | F16: log normal | G16: 0 | H16: =_xlfn.XLOOKUP($B16,'1.4.plasticFADE constants'!$B$8:$B$13,'1.4.plasticFADE constants'!$F$8:$F$13) -> 0.0010821863 | I16: =_xlfn.XLOOKUP($B16,'1.4.plasticFADE constants'!$B$8:$B$13,'1.4.plasticFADE constants'!$E$8:$E$13) -> -7.8805316
A17: HDPE | B17: degeta | F17: log normal | G17: 0 | H17: =_xlfn.XLOOKUP($B17,'1.4.plasticFADE constants'!$B$8:$B$13,'1.4.plasticFADE constants'!$F$8:$F$13) -> 0.17415974 | I17: =_xlfn.XLOOKUP($B17,'1.4.plasticFADE constants'!$B$8:$B$13,'1.4.plasticFADE constants'!$E$8:$E$13) -> -1.5302212
A18: LDPE | B18: degx | F18: log normal | G18: 0 | H18: =_xlfn.XLOOKUP($B18,'1.4.plasticFADE constants'!$B$8:$B$13,'1.4.plasticFADE constants'!$J$8:$J$13) -> 0.0057046217 | I18: =_xlfn.XLOOKUP($B18,'1.4.plasticFADE constants'!$B$8:$B$13,'1.4.plasticFADE constants'!$I$8:$I$13) -> -4.5052715
A19: LDPE | B19: degtau | F19: log normal | G19: 0 | H19: =_xlfn.XLOOKUP($B19,'1.4.plasticFADE constants'!$B$8:$B$13,'1.4.plasticFADE constants'!$J$8:$J$13) -> 0.10974721 | I19: =_xlfn.XLOOKUP($B19,'1.4.plasticFADE constants'!$B$8:$B$13,'1.4.plasticFADE constants'!$I$8:$I$13) -> -28.324168
A20: LDPE | B20: degy | F20: log normal | G20: 0 | H20: =_xlfn.XLOOKUP($B20,'1.4.plasticFADE constants'!$B$8:$B$13,'1.4.plasticFADE constants'!$J$8:$J$13) -> 0.0061122893 | I20: =_xlfn.XLOOKUP($B20,'1.4.plasticFADE constants'!$B$8:$B$13,'1.4.plasticFADE constants'!$I$8:$I$13) -> -4.5741988
A21: LDPE | B21: degtheta | F21: log normal | G21: 0 | H21: =_xlfn.XLOOKUP($B21,'1.4.plasticFADE constants'!$B$8:$B$13,'1.4.plasticFADE constants'!$J$8:$J$13) -> 3.6211087e-05 | I21: =_xlfn.XLOOKUP($B21,'1.4.plasticFADE constants'!$B$8:$B$13,'1.4.plasticFADE constants'!$I$8:$I$13) -> -5.4348195
A22: LDPE | B22: degz | F22: log normal | G22: 0 | H22: =_xlfn.XLOOKUP($B22,'1.4.plasticFADE constants'!$B$8:$B$13,'1.4.plasticFADE constants'!$J$8:$J$13) -> 0.00044412819 | I22: =_xlfn.XLOOKUP($B22,'1.4.plasticFADE constants'!$B$8:$B$13,'1.4.plasticFADE constants'!$I$8:$I$13) -> -9.1638822
A23: LDPE | B23: degeta | F23: log normal | G23: 0 | H23: =_xlfn.XLOOKUP($B23,'1.4.plasticFADE constants'!$B$8:$B$13,'1.4.plasticFADE constants'!$J$8:$J$13) -> 0.19223313 | I23: =_xlfn.XLOOKUP($B23,'1.4.plasticFADE constants'!$B$8:$B$13,'1.4.plasticFADE constants'!$I$8:$I$13) -> -1.1268275
A24: PA_Nylon | B24: Kssdr | D24: deepocean | F24: log normal | G24: 0 | H24: =_xlfn.XLOOKUP($A24,'1.1.SSDR_water'!$B$7:$B$29,'1.1.SSDR_water'!$J$7:$J$29) -> 1.7877213 | I24: =_xlfn.XLOOKUP($A24,'1.1.SSDR_water'!$B$7:$B$29,'1.1.SSDR_water'!$I$7:$I$29) -> -29.919
A25: PA_Nylon | B25: Kssdr | D25: river | F25: log normal | G25: 0 | H25: =_xlfn.XLOOKUP($A25,'1.1.SSDR_water'!$B$7:$B$29,'1.1.SSDR_water'!$J$7:$J$29) -> 1.7877213 | I25: =_xlfn.XLOOKUP($A25,'1.1.SSDR_water'!$B$7:$B$29,'1.1.SSDR_water'!$I$7:$I$29) -> -29.919
A26: PA_Nylon | B26: Kssdr | D26: sea | F26: log normal | G26: 0 | H26: =_xlfn.XLOOKUP($A26,'1.1.SSDR_water'!$B$7:$B$29,'1.1.SSDR_water'!$J$7:$J$29) -> 1.7877213 | I26: =_xlfn.XLOOKUP($A26,'1.1.SSDR_water'!$B$7:$B$29,'1.1.SSDR_water'!$I$7:$I$29) -> -29.919
A27: PA_Nylon | B27: Kssdr | D27: lake | F27: log normal | G27: 0 | H27: =_xlfn.XLOOKUP($A27,'1.1.SSDR_water'!$B$7:$B$29,'1.1.SSDR_water'!$J$7:$J$29) -> 1.7877213 | I27: =_xlfn.XLOOKUP($A27,'1.1.SSDR_water'!$B$7:$B$29,'1.1.SSDR_water'!$I$7:$I$29) -> -29.919
A28: PA_Nylon | B28: Kssdr | D28: marinesediment | F28: log normal | G28: 0 | H28: =_xlfn.XLOOKUP($A28,'1.2.SSDR_sediment'!$B$7:$B$29,'1.2.SSDR_sediment'!$J$7:$J$29) -> 1.7877213 | I28: =_xlfn.XLOOKUP($A28,'1.2.SSDR_sediment'!$B$7:$B$29,'1.2.SSDR_sediment'!$I$7:$I$29) -> -29.919
A29: PA_Nylon | B29: Kssdr | D29: freshwatersediment | F29: log normal | G29: 0 | H29: =_xlfn.XLOOKUP($A29,'1.2.SSDR_sediment'!$B$7:$B$29,'1.2.SSDR_sediment'!$J$7:$J$29) -> 1.7877213 | I29: =_xlfn.XLOOKUP($A29,'1.2.SSDR_sediment'!$B$7:$B$29,'1.2.SSDR_sediment'!$I$7:$I$29) -> -29.919
A30: PA_Nylon | B30: Kssdr | D30: lakesediment | F30: log normal | G30: 0 | H30: =_xlfn.XLOOKUP($A30,'1.2.SSDR_sediment'!$B$7:$B$29,'1.2.SSDR_sediment'!$J$7:$J$29) -> 1.7877213 | I30: =_xlfn.XLOOKUP($A30,'1.2.SSDR_sediment'!$B$7:$B$29,'1.2.SSDR_sediment'!$I$7:$I$29) -> -29.919
A31: PA_Nylon | B31: Kssdr | D31: naturalsoil | F31: log normal | G31: 0 | H31: =_xlfn.XLOOKUP($A31,'1.3.SSDR_soil'!$B$7:$B$29,'1.3.SSDR_soil'!$J$7:$J$29) -> 1.7877213 | I31: =_xlfn.XLOOKUP($A31,'1.3.SSDR_soil'!$B$7:$B$29,'1.3.SSDR_soil'!$I$7:$I$29) -> -29.919
A32: PA_Nylon | B32: Kssdr | D32: othersoil | F32: log normal | G32: 0 | H32: =_xlfn.XLOOKUP($A32,'1.3.SSDR_soil'!$B$7:$B$29,'1.3.SSDR_soil'!$J$7:$J$29) -> 1.7877213 | I32: =_xlfn.XLOOKUP($A32,'1.3.SSDR_soil'!$B$7:$B$29,'1.3.SSDR_soil'!$I$7:$I$29) -> -29.919
A33: PA_Nylon | B33: Kssdr | D33: agriculturalsoil | F33: log normal | G33: 0 | H33: =_xlfn.XLOOKUP($A33,'1.3.SSDR_soil'!$B$7:$B$29,'1.3.SSDR_soil'!$J$7:$J$29) -> 1.7877213 | I33: =_xlfn.XLOOKUP($A33,'1.3.SSDR_soil'!$B$7:$B$29,'1.3.SSDR_soil'!$I$7:$I$29) -> -29.919
A34: PET | B34: degx | F34: log normal | G34: 0 | H34: =_xlfn.XLOOKUP($B34,'1.4.plasticFADE constants'!$B$8:$B$13,'1.4.plasticFADE constants'!$N$8:$N$13) -> 0.00029524826 | I34: =_xlfn.XLOOKUP($B34,'1.4.plasticFADE constants'!$B$8:$B$13,'1.4.plasticFADE constants'!$M$8:$M$13) -> -8.3213129
A35: PET | B35: degtau | F35: log normal | G35: 0 | H35: =_xlfn.XLOOKUP($B35,'1.4.plasticFADE constants'!$B$8:$B$13,'1.4.plasticFADE constants'!$N$8:$N$13) -> 0.1933289 | I35: =_xlfn.XLOOKUP($B35,'1.4.plasticFADE constants'!$B$8:$B$13,'1.4.plasticFADE constants'!$M$8:$M$13) -> -0.23448794
A36: PET | B36: degy | F36: log normal | G36: 0 | H36: =_xlfn.XLOOKUP($B36,'1.4.plasticFADE constants'!$B$8:$B$13,'1.4.plasticFADE constants'!$N$8:$N$13) -> 2.1960389e-05 | I36: =_xlfn.XLOOKUP($B36,'1.4.plasticFADE constants'!$B$8:$B$13,'1.4.plasticFADE constants'!$M$8:$M$13) -> -11.230611
A37: PET | B37: degtheta | F37: log normal | G37: 0 | H37: =_xlfn.XLOOKUP($B37,'1.4.plasticFADE constants'!$B$8:$B$13,'1.4.plasticFADE constants'!$N$8:$N$13) -> 0.22318783 | I37: =_xlfn.XLOOKUP($B37,'1.4.plasticFADE constants'!$B$8:$B$13,'1.4.plasticFADE constants'!$M$8:$M$13) -> 0.62930293
A38: PET | B38: degz | F38: log normal | G38: 0 | H38: =_xlfn.XLOOKUP($B38,'1.4.plasticFADE constants'!$B$8:$B$13,'1.4.plasticFADE constants'!$N$8:$N$13) -> 4.4013893e-06 | I38: =_xlfn.XLOOKUP($B38,'1.4.plasticFADE constants'!$B$8:$B$13,'1.4.plasticFADE constants'!$M$8:$M$13) -> -4.1852835
A39: PET | B39: degeta | F39: log normal | G39: 0 | H39: =_xlfn.XLOOKUP($B39,'1.4.plasticFADE constants'!$B$8:$B$13,'1.4.plasticFADE constants'!$N$8:$N$13) -> 0.045684842 | I39: =_xlfn.XLOOKUP($B39,'1.4.plasticFADE constants'!$B$8:$B$13,'1.4.plasticFADE constants'!$M$8:$M$13) -> -2.5451415
A40: PP | B40: degx | F40: log normal | G40: 0 | H40: =_xlfn.XLOOKUP($B40,'1.4.plasticFADE constants'!$B$8:$B$13,'1.4.plasticFADE constants'!$R$8:$R$13) -> 0.0050951617 | I40: =_xlfn.XLOOKUP($B40,'1.4.plasticFADE constants'!$B$8:$B$13,'1.4.plasticFADE constants'!$Q$8:$Q$13) -> -5.2033361
A41: PP | B41: degtau | F41: log normal | G41: 0 | H41: =_xlfn.XLOOKUP($B41,'1.4.plasticFADE constants'!$B$8:$B$13,'1.4.plasticFADE constants'!$R$8:$R$13) -> 0.11216725 | I41: =_xlfn.XLOOKUP($B41,'1.4.plasticFADE constants'!$B$8:$B$13,'1.4.plasticFADE constants'!$Q$8:$Q$13) -> -4.288843
A42: PP | B42: degy | F42: log normal | G42: 0 | H42: =_xlfn.XLOOKUP($B42,'1.4.plasticFADE constants'!$B$8:$B$13,'1.4.plasticFADE constants'!$R$8:$R$13) -> 0.0016245855 | I42: =_xlfn.XLOOKUP($B42,'1.4.plasticFADE constants'!$B$8:$B$13,'1.4.plasticFADE constants'!$Q$8:$Q$13) -> -4.0602197
A43: PP | B43: degtheta | F43: log normal | G43: 0 | H43: =_xlfn.XLOOKUP($B43,'1.4.plasticFADE constants'!$B$8:$B$13,'1.4.plasticFADE constants'!$R$8:$R$13) -> 0.3804722 | I43: =_xlfn.XLOOKUP($B43,'1.4.plasticFADE constants'!$B$8:$B$13,'1.4.plasticFADE constants'!$Q$8:$Q$13) -> -0.34885869
A44: PP | B44: degz | F44: log normal | G44: 0 | H44: =_xlfn.XLOOKUP($B44,'1.4.plasticFADE constants'!$B$8:$B$13,'1.4.plasticFADE constants'!$R$8:$R$13) -> 3.8147496e-05 | I44: =_xlfn.XLOOKUP($B44,'1.4.plasticFADE constants'!$B$8:$B$13,'1.4.plasticFADE constants'!$Q$8:$Q$13) -> -11.033062
A45: PP | B45: degeta | F45: log normal | G45: 0 | H45: =_xlfn.XLOOKUP($B45,'1.4.plasticFADE constants'!$B$8:$B$13,'1.4.plasticFADE constants'!$R$8:$R$13) -> 0.11138573 | I45: =_xlfn.XLOOKUP($B45,'1.4.plasticFADE constants'!$B$8:$B$13,'1.4.plasticFADE constants'!$Q$8:$Q$13) -> -0.8161984
A46: PS | B46: degx | F46: log normal | G46: 0 | H46: =_xlfn.XLOOKUP($B46,'1.4.plasticFADE constants'!$B$8:$B$13,'1.4.plasticFADE constants'!$V$8:$V$13) -> 0.00020039698 | I46: =_xlfn.XLOOKUP($B46,'1.4.plasticFADE constants'!$B$8:$B$13,'1.4.plasticFADE constants'!$U$8:$U$13) -> -8.2051082
A47: PS | B47: degtau | F47: log normal | G47: 0 | H47: =_xlfn.XLOOKUP($B47,'1.4.plasticFADE constants'!$B$8:$B$13,'1.4.plasticFADE constants'!$V$8:$V$13) -> 0.067550473 | I47: =_xlfn.XLOOKUP($B47,'1.4.plasticFADE constants'!$B$8:$B$13,'1.4.plasticFADE constants'!$U$8:$U$13) -> -1.4134913
A48: PS | B48: degy | F48: log normal | G48: 0 | H48: =_xlfn.XLOOKUP($B48,'1.4.plasticFADE constants'!$B$8:$B$13,'1.4.plasticFADE constants'!$V$8:$V$13) -> 4.3872181e-06 | I48: =_xlfn.XLOOKUP($B48,'1.4.plasticFADE constants'!$B$8:$B$13,'1.4.plasticFADE constants'!$U$8:$U$13) -> -4.2372718
A49: PS | B49: degtheta | F49: log normal | G49: 0 | H49: =_xlfn.XLOOKUP($B49,'1.4.plasticFADE constants'!$B$8:$B$13,'1.4.plasticFADE constants'!$V$8:$V$13) -> 0.16004413 | I49: =_xlfn.XLOOKUP($B49,'1.4.plasticFADE constants'!$B$8:$B$13,'1.4.plasticFADE constants'!$U$8:$U$13) -> 0.0090322632
A50: PS | B50: degz | F50: log normal | G50: 0 | H50: =_xlfn.XLOOKUP($B50,'1.4.plasticFADE constants'!$B$8:$B$13,'1.4.plasticFADE constants'!$V$8:$V$13) -> 0.00017657694 | I50: =_xlfn.XLOOKUP($B50,'1.4.plasticFADE constants'!$B$8:$B$13,'1.4.plasticFADE constants'!$U$8:$U$13) -> -9.6830593
A51: PS | B51: degeta | F51: log normal | G51: 0 | H51: =_xlfn.XLOOKUP($B51,'1.4.plasticFADE constants'!$B$8:$B$13,'1.4.plasticFADE constants'!$V$8:$V$13) -> 0.1221179 | I51: =_xlfn.XLOOKUP($B51,'1.4.plasticFADE constants'!$B$8:$B$13,'1.4.plasticFADE constants'!$U$8:$U$13) -> -0.70110518
A52: PVC | B52: Kssdr | D52: deepocean | F52: log normal | G52: 0 | H52: =_xlfn.XLOOKUP($A52,'1.1.SSDR_water'!$B$7:$B$29,'1.1.SSDR_water'!$J$7:$J$29) -> 0.89386067 | I52: =_xlfn.XLOOKUP($A52,'1.1.SSDR_water'!$B$7:$B$29,'1.1.SSDR_water'!$I$7:$I$29) -> -35.687321
A53: PVC | B53: Kssdr | D53: river | F53: log normal | G53: 0 | H53: =_xlfn.XLOOKUP($A53,'1.1.SSDR_water'!$B$7:$B$29,'1.1.SSDR_water'!$J$7:$J$29) -> 0.89386067 | I53: =_xlfn.XLOOKUP($A53,'1.1.SSDR_water'!$B$7:$B$29,'1.1.SSDR_water'!$I$7:$I$29) -> -35.687321
A54: PVC | B54: Kssdr | D54: sea | F54: log normal | G54: 0 | H54: =_xlfn.XLOOKUP($A54,'1.1.SSDR_water'!$B$7:$B$29,'1.1.SSDR_water'!$J$7:$J$29) -> 0.89386067 | I54: =_xlfn.XLOOKUP($A54,'1.1.SSDR_water'!$B$7:$B$29,'1.1.SSDR_water'!$I$7:$I$29) -> -35.687321
A55: PVC | B55: Kssdr | D55: lake | F55: log normal | G55: 0 | H55: =_xlfn.XLOOKUP($A55,'1.1.SSDR_water'!$B$7:$B$29,'1.1.SSDR_water'!$J$7:$J$29) -> 0.89386067 | I55: =_xlfn.XLOOKUP($A55,'1.1.SSDR_water'!$B$7:$B$29,'1.1.SSDR_water'!$I$7:$I$29) -> -35.687321
A56: PVC | B56: Kssdr | D56: marinesediment | F56: log normal | G56: 0 | H56: =_xlfn.XLOOKUP($A56,'1.2.SSDR_sediment'!$B$7:$B$29,'1.2.SSDR_sediment'!$J$7:$J$29) -> 0.89386067 | I56: =_xlfn.XLOOKUP($A56,'1.2.SSDR_sediment'!$B$7:$B$29,'1.2.SSDR_sediment'!$I$7:$I$29) -> -35.687321
A57: PVC | B57: Kssdr | D57: freshwatersediment | F57: log normal | G57: 0 | H57: =_xlfn.XLOOKUP($A57,'1.2.SSDR_sediment'!$B$7:$B$29,'1.2.SSDR_sediment'!$J$7:$J$29) -> 0.89386067 | I57: =_xlfn.XLOOKUP($A57,'1.2.SSDR_sediment'!$B$7:$B$29,'1.2.SSDR_sediment'!$I$7:$I$29) -> -35.687321
A58: PVC | B58: Kssdr | D58: lakesediment | F58: log normal | G58: 0 | H58: =_xlfn.XLOOKUP($A58,'1.2.SSDR_sediment'!$B$7:$B$29,'1.2.SSDR_sediment'!$J$7:$J$29) -> 0.89386067 | I58: =_xlfn.XLOOKUP($A58,'1.2.SSDR_sediment'!$B$7:$B$29,'1.2.SSDR_sediment'!$I$7:$I$29) -> -35.687321
A59: PVC | B59: Kssdr | D59: naturalsoil | F59: log normal | G59: 0 | H59: =_xlfn.XLOOKUP($A59,'1.3.SSDR_soil'!$B$7:$B$29,'1.3.SSDR_soil'!$J$7:$J$29) -> 0.89386067 | I59: =_xlfn.XLOOKUP($A59,'1.3.SSDR_soil'!$B$7:$B$29,'1.3.SSDR_soil'!$I$7:$I$29) -> -35.687321
A60: PVC | B60: Kssdr | D60: othersoil | F60: log normal | G60: 0 | H60: =_xlfn.XLOOKUP($A60,'1.3.SSDR_soil'!$B$7:$B$29,'1.3.SSDR_soil'!$J$7:$J$29) -> 0.89386067 | I60: =_xlfn.XLOOKUP($A60,'1.3.SSDR_soil'!$B$7:$B$29,'1.3.SSDR_soil'!$I$7:$I$29) -> -35.687321
A61: PVC | B61: Kssdr | D61: agriculturalsoil | F61: log normal | G61: 0 | H61: =_xlfn.XLOOKUP($A61,'1.3.SSDR_soil'!$B$7:$B$29,'1.3.SSDR_soil'!$J$7:$J$29) -> 0.89386067 | I61: =_xlfn.XLOOKUP($A61,'1.3.SSDR_soil'!$B$7:$B$29,'1.3.SSDR_soil'!$I$7:$I$29) -> -35.687321
A62: PU | B62: Kssdr | D62: deepocean | F62: log normal | G62: 0 | H62: =_xlfn.XLOOKUP($A62,'1.1.SSDR_water'!$B$7:$B$29,'1.1.SSDR_water'!$J$7:$J$29) -> 2.1472679 | I62: =_xlfn.XLOOKUP($A62,'1.1.SSDR_water'!$B$7:$B$29,'1.1.SSDR_water'!$I$7:$I$29) -> -32.458544
A63: PU | B63: Kssdr | D63: river | F63: log normal | G63: 0 | H63: =_xlfn.XLOOKUP($A63,'1.1.SSDR_water'!$B$7:$B$29,'1.1.SSDR_water'!$J$7:$J$29) -> 2.1472679 | I63: =_xlfn.XLOOKUP($A63,'1.1.SSDR_water'!$B$7:$B$29,'1.1.SSDR_water'!$I$7:$I$29) -> -32.458544
A64: PU | B64: Kssdr | D64: sea | F64: log normal | G64: 0 | H64: =_xlfn.XLOOKUP($A64,'1.1.SSDR_water'!$B$7:$B$29,'1.1.SSDR_water'!$J$7:$J$29) -> 2.1472679 | I64: =_xlfn.XLOOKUP($A64,'1.1.SSDR_water'!$B$7:$B$29,'1.1.SSDR_water'!$I$7:$I$29) -> -32.458544
A65: PU | B65: Kssdr | D65: lake | F65: log normal | G65: 0 | H65: =_xlfn.XLOOKUP($A65,'1.1.SSDR_water'!$B$7:$B$29,'1.1.SSDR_water'!$J$7:$J$29) -> 2.1472679 | I65: =_xlfn.XLOOKUP($A65,'1.1.SSDR_water'!$B$7:$B$29,'1.1.SSDR_water'!$I$7:$I$29) -> -32.458544
A66: PU | B66: Kssdr | D66: marinesediment | F66: log normal | G66: 0 | H66: =_xlfn.XLOOKUP($A66,'1.2.SSDR_sediment'!$B$7:$B$29,'1.2.SSDR_sediment'!$J$7:$J$29) -> 2.1472679 | I66: =_xlfn.XLOOKUP($A66,'1.2.SSDR_sediment'!$B$7:$B$29,'1.2.SSDR_sediment'!$I$7:$I$29) -> -32.458544
A67: PU | B67: Kssdr | D67: freshwatersediment | F67: log normal | G67: 0 | H67: =_xlfn.XLOOKUP($A67,'1.2.SSDR_sediment'!$B$7:$B$29,'1.2.SSDR_sediment'!$J$7:$J$29) -> 2.1472679 | I67: =_xlfn.XLOOKUP($A67,'1.2.SSDR_sediment'!$B$7:$B$29,'1.2.SSDR_sediment'!$I$7:$I$29) -> -32.458544
A68: PU | B68: Kssdr | D68: lakesediment | F68: log normal | G68: 0 | H68: =_xlfn.XLOOKUP($A68,'1.2.SSDR_sediment'!$B$7:$B$29,'1.2.SSDR_sediment'!$J$7:$J$29) -> 2.1472679 | I68: =_xlfn.XLOOKUP($A68,'1.2.SSDR_sediment'!$B$7:$B$29,'1.2.SSDR_sediment'!$I$7:$I$29) -> -32.458544
A69: PU | B69: Kssdr | D69: naturalsoil | F69: log normal | G69: 0 | H69: =_xlfn.XLOOKUP($A69,'1.3.SSDR_soil'!$B$7:$B$29,'1.3.SSDR_soil'!$J$7:$J$29) -> 2.1472679 | I69: =_xlfn.XLOOKUP($A69,'1.3.SSDR_soil'!$B$7:$B$29,'1.3.SSDR_soil'!$I$7:$I$29) -> -32.458544
A70: PU | B70: Kssdr | D70: othersoil | F70: log normal | G70: 0 | H70: =_xlfn.XLOOKUP($A70,'1.3.SSDR_soil'!$B$7:$B$29,'1.3.SSDR_soil'!$J$7:$J$29) -> 2.1472679 | I70: =_xlfn.XLOOKUP($A70,'1.3.SSDR_soil'!$B$7:$B$29,'1.3.SSDR_soil'!$I$7:$I$29) -> -32.458544
A71: PU | B71: Kssdr | D71: agriculturalsoil | F71: log normal | G71: 0 | H71: =_xlfn.XLOOKUP($A71,'1.3.SSDR_soil'!$B$7:$B$29,'1.3.SSDR_soil'!$J$7:$J$29) -> 2.1472679 | I71: =_xlfn.XLOOKUP($A71,'1.3.SSDR_soil'!$B$7:$B$29,'1.3.SSDR_soil'!$I$7:$I$29) -> -32.458544
A72: PAN | B72: Kssdr | D72: deepocean | F72: log normal | G72: 0 | H72: =_xlfn.XLOOKUP($A72,'1.1.SSDR_water'!$B$7:$B$29,'1.1.SSDR_water'!$J$7:$J$29) -> 0.89386067 | I72: =_xlfn.XLOOKUP($A72,'1.1.SSDR_water'!$B$7:$B$29,'1.1.SSDR_water'!$I$7:$I$29) -> -35.687321
A73: PAN | B73: Kssdr | D73: river | F73: log normal | G73: 0 | H73: =_xlfn.XLOOKUP($A73,'1.1.SSDR_water'!$B$7:$B$29,'1.1.SSDR_water'!$J$7:$J$29) -> 0.89386067 | I73: =_xlfn.XLOOKUP($A73,'1.1.SSDR_water'!$B$7:$B$29,'1.1.SSDR_water'!$I$7:$I$29) -> -35.687321
A74: PAN | B74: Kssdr | D74: sea | F74: log normal | G74: 0 | H74: =_xlfn.XLOOKUP($A74,'1.1.SSDR_water'!$B$7:$B$29,'1.1.SSDR_water'!$J$7:$J$29) -> 0.89386067 | I74: =_xlfn.XLOOKUP($A74,'1.1.SSDR_water'!$B$7:$B$29,'1.1.SSDR_water'!$I$7:$I$29) -> -35.687321
A75: PAN | B75: Kssdr | D75: lake | F75: log normal | G75: 0 | H75: =_xlfn.XLOOKUP($A75,'1.1.SSDR_water'!$B$7:$B$29,'1.1.SSDR_water'!$J$7:$J$29) -> 0.89386067 | I75: =_xlfn.XLOOKUP($A75,'1.1.SSDR_water'!$B$7:$B$29,'1.1.SSDR_water'!$I$7:$I$29) -> -35.687321
A76: PAN | B76: Kssdr | D76: marinesediment | F76: log normal | G76: 0 | H76: =_xlfn.XLOOKUP($A76,'1.2.SSDR_sediment'!$B$7:$B$29,'1.2.SSDR_sediment'!$J$7:$J$29) -> 0.89386067 | I76: =_xlfn.XLOOKUP($A76,'1.2.SSDR_sediment'!$B$7:$B$29,'1.2.SSDR_sediment'!$I$7:$I$29) -> -35.687321
A77: PAN | B77: Kssdr | D77: freshwatersediment | F77: log normal | G77: 0 | H77: =_xlfn.XLOOKUP($A77,'1.2.SSDR_sediment'!$B$7:$B$29,'1.2.SSDR_sediment'!$J$7:$J$29) -> 0.89386067 | I77: =_xlfn.XLOOKUP($A77,'1.2.SSDR_sediment'!$B$7:$B$29,'1.2.SSDR_sediment'!$I$7:$I$29) -> -35.687321
A78: PAN | B78: Kssdr | D78: lakesediment | F78: log normal | G78: 0 | H78: =_xlfn.XLOOKUP($A78,'1.2.SSDR_sediment'!$B$7:$B$29,'1.2.SSDR_sediment'!$J$7:$J$29) -> 0.89386067 | I78: =_xlfn.XLOOKUP($A78,'1.2.SSDR_sediment'!$B$7:$B$29,'1.2.SSDR_sediment'!$I$7:$I$29) -> -35.687321
A79: PAN | B79: Kssdr | D79: naturalsoil | F79: log normal | G79: 0 | H79: =_xlfn.XLOOKUP($A79,'1.3.SSDR_soil'!$B$7:$B$29,'1.3.SSDR_soil'!$J$7:$J$29) -> 0.89386067 | I79: =_xlfn.XLOOKUP($A79,'1.3.SSDR_soil'!$B$7:$B$29,'1.3.SSDR_soil'!$I$7:$I$29) -> -35.687321
A80: PAN | B80: Kssdr | D80: othersoil | F80: log normal | G80: 0 | H80: =_xlfn.XLOOKUP($A80,'1.3.SSDR_soil'!$B$7:$B$29,'1.3.SSDR_soil'!$J$7:$J$29) -> 0.89386067 | I80: =_xlfn.XLOOKUP($A80,'1.3.SSDR_soil'!$B$7:$B$29,'1.3.SSDR_soil'!$I$7:$I$29) -> -35.687321
A81: PAN | B81: Kssdr | D81: agriculturalsoil | F81: log normal | G81: 0 | H81: =_xlfn.XLOOKUP($A81,'1.3.SSDR_soil'!$B$7:$B$29,'1.3.SSDR_soil'!$J$7:$J$29) -> 0.89386067 | I81: =_xlfn.XLOOKUP($A81,'1.3.SSDR_soil'!$B$7:$B$29,'1.3.SSDR_soil'!$I$7:$I$29) -> -35.687321
A82: TRWP | B82: Kssdr | D82: deepocean | F82: log normal | G82: 0 | H82: =_xlfn.XLOOKUP($A82,'1.1.SSDR_water'!$B$7:$B$29,'1.1.SSDR_water'!$J$7:$J$29) -> 1.8068414 | I82: =_xlfn.XLOOKUP($A82,'1.1.SSDR_water'!$B$7:$B$29,'1.1.SSDR_water'!$I$7:$I$29) -> -33.336167
A83: TRWP | B83: Kssdr | D83: river | F83: log normal | G83: 0 | H83: =_xlfn.XLOOKUP($A83,'1.1.SSDR_water'!$B$7:$B$29,'1.1.SSDR_water'!$J$7:$J$29) -> 1.8068414 | I83: =_xlfn.XLOOKUP($A83,'1.1.SSDR_water'!$B$7:$B$29,'1.1.SSDR_water'!$I$7:$I$29) -> -33.336167
A84: TRWP | B84: Kssdr | D84: sea | F84: log normal | G84: 0 | H84: =_xlfn.XLOOKUP($A84,'1.1.SSDR_water'!$B$7:$B$29,'1.1.SSDR_water'!$J$7:$J$29) -> 1.8068414 | I84: =_xlfn.XLOOKUP($A84,'1.1.SSDR_water'!$B$7:$B$29,'1.1.SSDR_water'!$I$7:$I$29) -> -33.336167
A85: TRWP | B85: Kssdr | D85: lake | F85: log normal | G85: 0 | H85: =_xlfn.XLOOKUP($A85,'1.1.SSDR_water'!$B$7:$B$29,'1.1.SSDR_water'!$J$7:$J$29) -> 1.8068414 | I85: =_xlfn.XLOOKUP($A85,'1.1.SSDR_water'!$B$7:$B$29,'1.1.SSDR_water'!$I$7:$I$29) -> -33.336167
A86: TRWP | B86: Kssdr | D86: marinesediment | F86: log normal | G86: 0 | H86: =_xlfn.XLOOKUP($A86,'1.2.SSDR_sediment'!$B$7:$B$29,'1.2.SSDR_sediment'!$J$7:$J$29) -> 1.8068414 | I86: =_xlfn.XLOOKUP($A86,'1.2.SSDR_sediment'!$B$7:$B$29,'1.2.SSDR_sediment'!$I$7:$I$29) -> -33.336167
A87: TRWP | B87: Kssdr | D87: freshwatersediment | F87: log normal | G87: 0 | H87: =_xlfn.XLOOKUP($A87,'1.2.SSDR_sediment'!$B$7:$B$29,'1.2.SSDR_sediment'!$J$7:$J$29) -> 1.8068414 | I87: =_xlfn.XLOOKUP($A87,'1.2.SSDR_sediment'!$B$7:$B$29,'1.2.SSDR_sediment'!$I$7:$I$29) -> -33.336167
A88: TRWP | B88: Kssdr | D88: lakesediment | F88: log normal | G88: 0 | H88: =_xlfn.XLOOKUP($A88,'1.2.SSDR_sediment'!$B$7:$B$29,'1.2.SSDR_sediment'!$J$7:$J$29) -> 1.8068414 | I88: =_xlfn.XLOOKUP($A88,'1.2.SSDR_sediment'!$B$7:$B$29,'1.2.SSDR_sediment'!$I$7:$I$29) -> -33.336167
A89: TRWP | B89: Kssdr | D89: naturalsoil | F89: log normal | G89: 0 | H89: =_xlfn.XLOOKUP($A89,'1.3.SSDR_soil'!$B$7:$B$29,'1.3.SSDR_soil'!$J$7:$J$29) -> 0.5705114 | I89: =_xlfn.XLOOKUP($A89,'1.3.SSDR_soil'!$B$7:$B$29,'1.3.SSDR_soil'!$I$7:$I$29) -> -28.950025
A90: TRWP | B90: Kssdr | D90: othersoil | F90: log normal | G90: 0 | H90: =_xlfn.XLOOKUP($A90,'1.3.SSDR_soil'!$B$7:$B$29,'1.3.SSDR_soil'!$J$7:$J$29) -> 0.5705114 | I90: =_xlfn.XLOOKUP($A90,'1.3.SSDR_soil'!$B$7:$B$29,'1.3.SSDR_soil'!$I$7:$I$29) -> -28.950025
A91: TRWP | B91: Kssdr | D91: agriculturalsoil | F91: log normal | G91: 0 | H91: =_xlfn.XLOOKUP($A91,'1.3.SSDR_soil'!$B$7:$B$29,'1.3.SSDR_soil'!$J$7:$J$29) -> 0.5705114 | I91: =_xlfn.XLOOKUP($A91,'1.3.SSDR_soil'!$B$7:$B$29,'1.3.SSDR_soil'!$I$7:$I$29) -> -28.950025
A92: PHA | B92: Kssdr | D92: deepocean | F92: log normal | G92: 0 | H92: =_xlfn.XLOOKUP($A92,'1.1.SSDR_water'!$B$7:$B$29,'1.1.SSDR_water'!$J$7:$J$29) -> 1.0491074 | I92: =_xlfn.XLOOKUP($A92,'1.1.SSDR_water'!$B$7:$B$29,'1.1.SSDR_water'!$I$7:$I$29) -> -26.358103
A93: PHA | B93: Kssdr | D93: river | F93: log normal | G93: 0 | H93: =_xlfn.XLOOKUP($A93,'1.1.SSDR_water'!$B$7:$B$29,'1.1.SSDR_water'!$J$7:$J$29) -> 1.0491074 | I93: =_xlfn.XLOOKUP($A93,'1.1.SSDR_water'!$B$7:$B$29,'1.1.SSDR_water'!$I$7:$I$29) -> -26.358103
A94: PHA | B94: Kssdr | D94: sea | F94: log normal | G94: 0 | H94: =_xlfn.XLOOKUP($A94,'1.1.SSDR_water'!$B$7:$B$29,'1.1.SSDR_water'!$J$7:$J$29) -> 1.0491074 | I94: =_xlfn.XLOOKUP($A94,'1.1.SSDR_water'!$B$7:$B$29,'1.1.SSDR_water'!$I$7:$I$29) -> -26.358103
A95: PHA | B95: Kssdr | D95: lake | F95: log normal | G95: 0 | H95: =_xlfn.XLOOKUP($A95,'1.1.SSDR_water'!$B$7:$B$29,'1.1.SSDR_water'!$J$7:$J$29) -> 1.0491074 | I95: =_xlfn.XLOOKUP($A95,'1.1.SSDR_water'!$B$7:$B$29,'1.1.SSDR_water'!$I$7:$I$29) -> -26.358103
A96: PHA | B96: Kssdr | D96: marinesediment | F96: log normal | G96: 0 | H96: =_xlfn.XLOOKUP($A96,'1.2.SSDR_sediment'!$B$7:$B$29,'1.2.SSDR_sediment'!$J$7:$J$29) -> 1.2773916 | I96: =_xlfn.XLOOKUP($A96,'1.2.SSDR_sediment'!$B$7:$B$29,'1.2.SSDR_sediment'!$I$7:$I$29) -> -29.261266
A97: PHA | B97: Kssdr | D97: freshwatersediment | F97: log normal | G97: 0 | H97: =_xlfn.XLOOKUP($A97,'1.2.SSDR_sediment'!$B$7:$B$29,'1.2.SSDR_sediment'!$J$7:$J$29) -> 1.2773916 | I97: =_xlfn.XLOOKUP($A97,'1.2.SSDR_sediment'!$B$7:$B$29,'1.2.SSDR_sediment'!$I$7:$I$29) -> -29.261266
A98: PHA | B98: Kssdr | D98: lakesediment | F98: log normal | G98: 0 | H98: =_xlfn.XLOOKUP($A98,'1.2.SSDR_sediment'!$B$7:$B$29,'1.2.SSDR_sediment'!$J$7:$J$29) -> 1.2773916 | I98: =_xlfn.XLOOKUP($A98,'1.2.SSDR_sediment'!$B$7:$B$29,'1.2.SSDR_sediment'!$I$7:$I$29) -> -29.261266
A99: PHA | B99: Kssdr | D99: naturalsoil | F99: log normal | G99: 0 | H99: =_xlfn.XLOOKUP($A99,'1.3.SSDR_soil'!$B$7:$B$29,'1.3.SSDR_soil'!$J$7:$J$29) -> 0.10461942 | I99: =_xlfn.XLOOKUP($A99,'1.3.SSDR_soil'!$B$7:$B$29,'1.3.SSDR_soil'!$I$7:$I$29) -> -23.996463
A100: PHA | B100: Kssdr | D100: othersoil | F100: log normal | G100: 0 | H100: =_xlfn.XLOOKUP($A100,'1.3.SSDR_soil'!$B$7:$B$29,'1.3.SSDR_soil'!$J$7:$J$29) -> 0.10461942 | I100: =_xlfn.XLOOKUP($A100,'1.3.SSDR_soil'!$B$7:$B$29,'1.3.SSDR_soil'!$I$7:$I$29) -> -23.996463
...

Sheet 3.4.EEF_CI
A1: varName | B1: Scale | C1: SubCompart | D1: Species | E1: Distribution | F1: a | G1: b | H1: c | I1: Data Source | K1: Value (PAF m3/kg) | L1: Lower limit | M1: Upper limit | N1: Note
A2: EEF_w | E2: log normal | F2: 0 | G2: =LN(K2) -> 6.9730811 | H2: =(LN(M2)-LN(L2))/(2*1.96) -> 0.55726717 | I2: Corella-Puertas et al. (2023) | K2: 1067.5067 | L2: 358.109 | M2: 3182.1894 | N2: 95% CI provided (z0.975=1.96)
A3: EEF_sed | E3: log normal | F3: 0 | G3: =LN(K3) -> 2.7833432 | H3: =(LN(M3)-LN(L3))/(2*1.96) -> 1.1462822 | I3: Saadi et al. (2025) | K3: 16.173 | L3: 1.7102619 | M3: 152.94416 | N3: 95% CI provided (z0.975=1.96)
A4: EEF_s | E4: log normal | F4: 0 | G4: =LN(K4) -> -1.7092582 | H4: =(LN(M4)-LN(L4))/(2*1.96) -> 0.19772049 | I4: Galafton et al. (2026) | K4: 0.181 | L4: 0.123 | M4: 0.267 | N4: 95% CI provided (z0.975=1.96). We used the noH-UFt2 XEF provided by the authors.

Sheet 3.5.trackmpd_input
A1: region | B1: polymer | C1: Density code | D1: size | E1: shape | F1: Scale | G1: SubCompart | H1: varName | I1: Waarde
A2: North America | B2: EPS | C2: =_xlfn.XLOOKUP(B2,'2.1.trackMPD'!$R$7:$R$29,'2.1.trackMPD'!$T$7:$T$29) -> 1 | D2: 1 | E2: Sphere | F2: Regional | G2: sea | H2: VelInput | I2: {=INDEX('2.1.trackMPD'!I:I/(24*60*60), MATCH(1, (A2='2.1.trackMPD'!A:A)* (C2='2.1.trackMPD'!D:D)* (D2/10^6='2.1.trackMPD'!H:H)* (E2='2.1.trackMPD'!F:F), 0))} -> 4.7561263e-07
A3: North America | B3: EPS | C3: =_xlfn.XLOOKUP(B3,'2.1.trackMPD'!$R$7:$R$29,'2.1.trackMPD'!$T$7:$T$29) -> 1 | D3: 1 | E3: Sphere | F3: Regional | G3: deepocean | H3: VelInput | I3: {=INDEX('2.1.trackMPD'!J:J/(24*60*60), MATCH(1, (A3='2.1.trackMPD'!A:A)* (C3='2.1.trackMPD'!D:D)* (D3/10^6='2.1.trackMPD'!H:H)* (E3='2.1.trackMPD'!F:F), 0))} -> 8.4158382e-06
A4: North America | B4: EPS | C4: =_xlfn.XLOOKUP(B4,'2.1.trackMPD'!$R$7:$R$29,'2.1.trackMPD'!$T$7:$T$29) -> 1 | D4: 1 | E4: Sphere | F4: Regional | G4: sea | H4: AdvInput | I4: {=INDEX('2.1.trackMPD'!K:K/(24*60*60), MATCH(1, (A4='2.1.trackMPD'!A:A)* (C4='2.1.trackMPD'!D:D)* (D4/10^6='2.1.trackMPD'!H:H)* (E4='2.1.trackMPD'!F:F), 0))} -> 2.6087595e-06
A5: North America | B5: EPS | C5: =_xlfn.XLOOKUP(B5,'2.1.trackMPD'!$R$7:$R$29,'2.1.trackMPD'!$T$7:$T$29) -> 1 | D5: 1 | E5: Sphere | F5: Regional | G5: deepocean | H5: AdvInput | I5: {=INDEX('2.1.trackMPD'!L:L/(24*60*60), MATCH(1, (A5='2.1.trackMPD'!A:A)* (C5='2.1.trackMPD'!D:D)* (D5/10^6='2.1.trackMPD'!H:H)* (E5='2.1.trackMPD'!F:F), 0))} -> 1.8096769e-06
A6: North America | B6: EPS | C6: =_xlfn.XLOOKUP(B6,'2.1.trackMPD'!$R$7:$R$29,'2.1.trackMPD'!$T$7:$T$29) -> 1 | D6: 10 | E6: Sphere | F6: Regional | G6: sea | H6: VelInput | I6: {=INDEX('2.1.trackMPD'!I:I/(24*60*60), MATCH(1, (A6='2.1.trackMPD'!A:A)* (C6='2.1.trackMPD'!D:D)* (D6/10^6='2.1.trackMPD'!H:H)* (E6='2.1.trackMPD'!F:F), 0))} -> 1.5930911e-06
A7: North America | B7: EPS | C7: =_xlfn.XLOOKUP(B7,'2.1.trackMPD'!$R$7:$R$29,'2.1.trackMPD'!$T$7:$T$29) -> 1 | D7: 10 | E7: Sphere | F7: Regional | G7: deepocean | H7: VelInput | I7: {=INDEX('2.1.trackMPD'!J:J/(24*60*60), MATCH(1, (A7='2.1.trackMPD'!A:A)* (C7='2.1.trackMPD'!D:D)* (D7/10^6='2.1.trackMPD'!H:H)* (E7='2.1.trackMPD'!F:F), 0))} -> 1.2460084e-05
A8: North America | B8: EPS | C8: =_xlfn.XLOOKUP(B8,'2.1.trackMPD'!$R$7:$R$29,'2.1.trackMPD'!$T$7:$T$29) -> 1 | D8: 10 | E8: Sphere | F8: Regional | G8: sea | H8: AdvInput | I8: {=INDEX('2.1.trackMPD'!K:K/(24*60*60), MATCH(1, (A8='2.1.trackMPD'!A:A)* (C8='2.1.trackMPD'!D:D)* (D8/10^6='2.1.trackMPD'!H:H)* (E8='2.1.trackMPD'!F:F), 0))} -> 2.5372595e-06
A9: North America | B9: EPS | C9: =_xlfn.XLOOKUP(B9,'2.1.trackMPD'!$R$7:$R$29,'2.1.trackMPD'!$T$7:$T$29) -> 1 | D9: 10 | E9: Sphere | F9: Regional | G9: deepocean | H9: AdvInput | I9: {=INDEX('2.1.trackMPD'!L:L/(24*60*60), MATCH(1, (A9='2.1.trackMPD'!A:A)* (C9='2.1.trackMPD'!D:D)* (D9/10^6='2.1.trackMPD'!H:H)* (E9='2.1.trackMPD'!F:F), 0))} -> 1.8999848e-07
A10: North America | B10: EPS | C10: =_xlfn.XLOOKUP(B10,'2.1.trackMPD'!$R$7:$R$29,'2.1.trackMPD'!$T$7:$T$29) -> 1 | D10: 100 | E10: Sphere | F10: Regional | G10: sea | H10: VelInput | I10: {=INDEX('2.1.trackMPD'!I:I/(24*60*60), MATCH(1, (A10='2.1.trackMPD'!A:A)* (C10='2.1.trackMPD'!D:D)* (D10/10^6='2.1.trackMPD'!H:H)* (E10='2.1.trackMPD'!F:F), 0))} -> 8.3575906e-07
A11: North America | B11: EPS | C11: =_xlfn.XLOOKUP(B11,'2.1.trackMPD'!$R$7:$R$29,'2.1.trackMPD'!$T$7:$T$29) -> 1 | D11: 100 | E11: Sphere | F11: Regional | G11: deepocean | H11: VelInput | I11: {=INDEX('2.1.trackMPD'!J:J/(24*60*60), MATCH(1, (A11='2.1.trackMPD'!A:A)* (C11='2.1.trackMPD'!D:D)* (D11/10^6='2.1.trackMPD'!H:H)* (E11='2.1.trackMPD'!F:F), 0))} -> 0.00016097486
A12: North America | B12: EPS | C12: =_xlfn.XLOOKUP(B12,'2.1.trackMPD'!$R$7:$R$29,'2.1.trackMPD'!$T$7:$T$29) -> 1 | D12: 100 | E12: Sphere | F12: Regional | G12: sea | H12: AdvInput | I12: {=INDEX('2.1.trackMPD'!K:K/(24*60*60), MATCH(1, (A12='2.1.trackMPD'!A:A)* (C12='2.1.trackMPD'!D:D)* (D12/10^6='2.1.trackMPD'!H:H)* (E12='2.1.trackMPD'!F:F), 0))} -> 2.5368362e-06
A13: North America | B13: EPS | C13: =_xlfn.XLOOKUP(B13,'2.1.trackMPD'!$R$7:$R$29,'2.1.trackMPD'!$T$7:$T$29) -> 1 | D13: 100 | E13: Sphere | F13: Regional | G13: deepocean | H13: AdvInput | I13: {=INDEX('2.1.trackMPD'!L:L/(24*60*60), MATCH(1, (A13='2.1.trackMPD'!A:A)* (C13='2.1.trackMPD'!D:D)* (D13/10^6='2.1.trackMPD'!H:H)* (E13='2.1.trackMPD'!F:F), 0))} -> 4.5537341e-06
A14: North America | B14: EPS | C14: =_xlfn.XLOOKUP(B14,'2.1.trackMPD'!$R$7:$R$29,'2.1.trackMPD'!$T$7:$T$29) -> 1 | D14: 1000 | E14: Sphere | F14: Regional | G14: sea | H14: VelInput | I14: {=INDEX('2.1.trackMPD'!I:I/(24*60*60), MATCH(1, (A14='2.1.trackMPD'!A:A)* (C14='2.1.trackMPD'!D:D)* (D14/10^6='2.1.trackMPD'!H:H)* (E14='2.1.trackMPD'!F:F), 0))} -> 1.564059e-07
A15: North America | B15: EPS | C15: =_xlfn.XLOOKUP(B15,'2.1.trackMPD'!$R$7:$R$29,'2.1.trackMPD'!$T$7:$T$29) -> 1 | D15: 1000 | E15: Sphere | F15: Regional | G15: deepocean | H15: VelInput | I15: {=INDEX('2.1.trackMPD'!J:J/(24*60*60), MATCH(1, (A15='2.1.trackMPD'!A:A)* (C15='2.1.trackMPD'!D:D)* (D15/10^6='2.1.trackMPD'!H:H)* (E15='2.1.trackMPD'!F:F), 0))} -> 1.572397e-05
A16: North America | B16: EPS | C16: =_xlfn.XLOOKUP(B16,'2.1.trackMPD'!$R$7:$R$29,'2.1.trackMPD'!$T$7:$T$29) -> 1 | D16: 1000 | E16: Sphere | F16: Regional | G16: sea | H16: AdvInput | I16: {=INDEX('2.1.trackMPD'!K:K/(24*60*60), MATCH(1, (A16='2.1.trackMPD'!A:A)* (C16='2.1.trackMPD'!D:D)* (D16/10^6='2.1.trackMPD'!H:H)* (E16='2.1.trackMPD'!F:F), 0))} -> 2.6841751e-07
A17: North America | B17: EPS | C17: =_xlfn.XLOOKUP(B17,'2.1.trackMPD'!$R$7:$R$29,'2.1.trackMPD'!$T$7:$T$29) -> 1 | D17: 1000 | E17: Sphere | F17: Regional | G17: deepocean | H17: AdvInput | I17: {=INDEX('2.1.trackMPD'!L:L/(24*60*60), MATCH(1, (A17='2.1.trackMPD'!A:A)* (C17='2.1.trackMPD'!D:D)* (D17/10^6='2.1.trackMPD'!H:H)* (E17='2.1.trackMPD'!F:F), 0))} -> 2.5603385e-07
A18: North America | B18: EPS | C18: =_xlfn.XLOOKUP(B18,'2.1.trackMPD'!$R$7:$R$29,'2.1.trackMPD'!$T$7:$T$29) -> 1 | D18: 5000 | E18: Sphere | F18: Regional | G18: sea | H18: VelInput | I18: {=INDEX('2.1.trackMPD'!I:I/(24*60*60), MATCH(1, (A18='2.1.trackMPD'!A:A)* (C18='2.1.trackMPD'!D:D)* (D18/10^6='2.1.trackMPD'!H:H)* (E18='2.1.trackMPD'!F:F), 0))} -> 1.9277583e-07
A19: North America | B19: EPS | C19: =_xlfn.XLOOKUP(B19,'2.1.trackMPD'!$R$7:$R$29,'2.1.trackMPD'!$T$7:$T$29) -> 1 | D19: 5000 | E19: Sphere | F19: Regional | G19: deepocean | H19: VelInput | I19: {=INDEX('2.1.trackMPD'!J:J/(24*60*60), MATCH(1, (A19='2.1.trackMPD'!A:A)* (C19='2.1.trackMPD'!D:D)* (D19/10^6='2.1.trackMPD'!H:H)* (E19='2.1.trackMPD'!F:F), 0))} -> 5.0416372e-06
A20: North America | B20: EPS | C20: =_xlfn.XLOOKUP(B20,'2.1.trackMPD'!$R$7:$R$29,'2.1.trackMPD'!$T$7:$T$29) -> 1 | D20: 5000 | E20: Sphere | F20: Regional | G20: sea | H20: AdvInput | I20: {=INDEX('2.1.trackMPD'!K:K/(24*60*60), MATCH(1, (A20='2.1.trackMPD'!A:A)* (C20='2.1.trackMPD'!D:D)* (D20/10^6='2.1.trackMPD'!H:H)* (E20='2.1.trackMPD'!F:F), 0))} -> 1.0246322e-07
A21: North America | B21: EPS | C21: =_xlfn.XLOOKUP(B21,'2.1.trackMPD'!$R$7:$R$29,'2.1.trackMPD'!$T$7:$T$29) -> 1 | D21: 5000 | E21: Sphere | F21: Regional | G21: deepocean | H21: AdvInput | I21: {=INDEX('2.1.trackMPD'!L:L/(24*60*60), MATCH(1, (A21='2.1.trackMPD'!A:A)* (C21='2.1.trackMPD'!D:D)* (D21/10^6='2.1.trackMPD'!H:H)* (E21='2.1.trackMPD'!F:F), 0))} -> 2.6304714e-07
A22: North America | B22: EPS | C22: =_xlfn.XLOOKUP(B22,'2.1.trackMPD'!$R$7:$R$29,'2.1.trackMPD'!$T$7:$T$29) -> 1 | D22: 1 | E22: Fiber | F22: Regional | G22: sea | H22: VelInput | I22: {=INDEX('2.1.trackMPD'!I:I/(24*60*60), MATCH(1, (A22='2.1.trackMPD'!A:A)* (C22='2.1.trackMPD'!D:D)* (D22/10^6='2.1.trackMPD'!H:H)* (E22='2.1.trackMPD'!F:F), 0))} -> 5.4772302e-07
A23: North America | B23: EPS | C23: =_xlfn.XLOOKUP(B23,'2.1.trackMPD'!$R$7:$R$29,'2.1.trackMPD'!$T$7:$T$29) -> 1 | D23: 1 | E23: Fiber | F23: Regional | G23: deepocean | H23: VelInput | I23: {=INDEX('2.1.trackMPD'!J:J/(24*60*60), MATCH(1, (A23='2.1.trackMPD'!A:A)* (C23='2.1.trackMPD'!D:D)* (D23/10^6='2.1.trackMPD'!H:H)* (E23='2.1.trackMPD'!F:F), 0))} -> 5.502455e-06
A24: North America | B24: EPS | C24: =_xlfn.XLOOKUP(B24,'2.1.trackMPD'!$R$7:$R$29,'2.1.trackMPD'!$T$7:$T$29) -> 1 | D24: 1 | E24: Fiber | F24: Regional | G24: sea | H24: AdvInput | I24: {=INDEX('2.1.trackMPD'!K:K/(24*60*60), MATCH(1, (A24='2.1.trackMPD'!A:A)* (C24='2.1.trackMPD'!D:D)* (D24/10^6='2.1.trackMPD'!H:H)* (E24='2.1.trackMPD'!F:F), 0))} -> 0
A25: North America | B25: EPS | C25: =_xlfn.XLOOKUP(B25,'2.1.trackMPD'!$R$7:$R$29,'2.1.trackMPD'!$T$7:$T$29) -> 1 | D25: 1 | E25: Fiber | F25: Regional | G25: deepocean | H25: AdvInput | I25: {=INDEX('2.1.trackMPD'!L:L/(24*60*60), MATCH(1, (A25='2.1.trackMPD'!A:A)* (C25='2.1.trackMPD'!D:D)* (D25/10^6='2.1.trackMPD'!H:H)* (E25='2.1.trackMPD'!F:F), 0))} -> 0
A26: North America | B26: EPS | C26: =_xlfn.XLOOKUP(B26,'2.1.trackMPD'!$R$7:$R$29,'2.1.trackMPD'!$T$7:$T$29) -> 1 | D26: 10 | E26: Fiber | F26: Regional | G26: sea | H26: VelInput | I26: {=INDEX('2.1.trackMPD'!I:I/(24*60*60), MATCH(1, (A26='2.1.trackMPD'!A:A)* (C26='2.1.trackMPD'!D:D)* (D26/10^6='2.1.trackMPD'!H:H)* (E26='2.1.trackMPD'!F:F), 0))} -> 2.3393105e-06
A27: North America | B27: EPS | C27: =_xlfn.XLOOKUP(B27,'2.1.trackMPD'!$R$7:$R$29,'2.1.trackMPD'!$T$7:$T$29) -> 1 | D27: 10 | E27: Fiber | F27: Regional | G27: deepocean | H27: VelInput | I27: {=INDEX('2.1.trackMPD'!J:J/(24*60*60), MATCH(1, (A27='2.1.trackMPD'!A:A)* (C27='2.1.trackMPD'!D:D)* (D27/10^6='2.1.trackMPD'!H:H)* (E27='2.1.trackMPD'!F:F), 0))} -> 4.5854075e-05
A28: North America | B28: EPS | C28: =_xlfn.XLOOKUP(B28,'2.1.trackMPD'!$R$7:$R$29,'2.1.trackMPD'!$T$7:$T$29) -> 1 | D28: 10 | E28: Fiber | F28: Regional | G28: sea | H28: AdvInput | I28: {=INDEX('2.1.trackMPD'!K:K/(24*60*60), MATCH(1, (A28='2.1.trackMPD'!A:A)* (C28='2.1.trackMPD'!D:D)* (D28/10^6='2.1.trackMPD'!H:H)* (E28='2.1.trackMPD'!F:F), 0))} -> 0
A29: North America | B29: EPS | C29: =_xlfn.XLOOKUP(B29,'2.1.trackMPD'!$R$7:$R$29,'2.1.trackMPD'!$T$7:$T$29) -> 1 | D29: 10 | E29: Fiber | F29: Regional | G29: deepocean | H29: AdvInput | I29: {=INDEX('2.1.trackMPD'!L:L/(24*60*60), MATCH(1, (A29='2.1.trackMPD'!A:A)* (C29='2.1.trackMPD'!D:D)* (D29/10^6='2.1.trackMPD'!H:H)* (E29='2.1.trackMPD'!F:F), 0))} -> 3.0625995e-07
A30: North America | B30: EPS | C30: =_xlfn.XLOOKUP(B30,'2.1.trackMPD'!$R$7:$R$29,'2.1.trackMPD'!$T$7:$T$29) -> 1 | D30: 100 | E30: Fiber | F30: Regional | G30: sea | H30: VelInput | I30: {=INDEX('2.1.trackMPD'!I:I/(24*60*60), MATCH(1, (A30='2.1.trackMPD'!A:A)* (C30='2.1.trackMPD'!D:D)* (D30/10^6='2.1.trackMPD'!H:H)* (E30='2.1.trackMPD'!F:F), 0))} -> 5.3712318e-07
A31: North America | B31: EPS | C31: =_xlfn.XLOOKUP(B31,'2.1.trackMPD'!$R$7:$R$29,'2.1.trackMPD'!$T$7:$T$29) -> 1 | D31: 100 | E31: Fiber | F31: Regional | G31: deepocean | H31: VelInput | I31: {=INDEX('2.1.trackMPD'!J:J/(24*60*60), MATCH(1, (A31='2.1.trackMPD'!A:A)* (C31='2.1.trackMPD'!D:D)* (D31/10^6='2.1.trackMPD'!H:H)* (E31='2.1.trackMPD'!F:F), 0))} -> 0.00011750766
A32: North America | B32: EPS | C32: =_xlfn.XLOOKUP(B32,'2.1.trackMPD'!$R$7:$R$29,'2.1.trackMPD'!$T$7:$T$29) -> 1 | D32: 100 | E32: Fiber | F32: Regional | G32: sea | H32: AdvInput | I32: {=INDEX('2.1.trackMPD'!K:K/(24*60*60), MATCH(1, (A32='2.1.trackMPD'!A:A)* (C32='2.1.trackMPD'!D:D)* (D32/10^6='2.1.trackMPD'!H:H)* (E32='2.1.trackMPD'!F:F), 0))} -> 2.5025025e-06
A33: North America | B33: EPS | C33: =_xlfn.XLOOKUP(B33,'2.1.trackMPD'!$R$7:$R$29,'2.1.trackMPD'!$T$7:$T$29) -> 1 | D33: 100 | E33: Fiber | F33: Regional | G33: deepocean | H33: AdvInput | I33: {=INDEX('2.1.trackMPD'!L:L/(24*60*60), MATCH(1, (A33='2.1.trackMPD'!A:A)* (C33='2.1.trackMPD'!D:D)* (D33/10^6='2.1.trackMPD'!H:H)* (E33='2.1.trackMPD'!F:F), 0))} -> 2.2222222e-06
A34: North America | B34: EPS | C34: =_xlfn.XLOOKUP(B34,'2.1.trackMPD'!$R$7:$R$29,'2.1.trackMPD'!$T$7:$T$29) -> 1 | D34: 1000 | E34: Fiber | F34: Regional | G34: sea | H34: VelInput | I34: {=INDEX('2.1.trackMPD'!I:I/(24*60*60), MATCH(1, (A34='2.1.trackMPD'!A:A)* (C34='2.1.trackMPD'!D:D)* (D34/10^6='2.1.trackMPD'!H:H)* (E34='2.1.trackMPD'!F:F), 0))} -> 1.7321112e-07
A35: North America | B35: EPS | C35: =_xlfn.XLOOKUP(B35,'2.1.trackMPD'!$R$7:$R$29,'2.1.trackMPD'!$T$7:$T$29) -> 1 | D35: 1000 | E35: Fiber | F35: Regional | G35: deepocean | H35: VelInput | I35: {=INDEX('2.1.trackMPD'!J:J/(24*60*60), MATCH(1, (A35='2.1.trackMPD'!A:A)* (C35='2.1.trackMPD'!D:D)* (D35/10^6='2.1.trackMPD'!H:H)* (E35='2.1.trackMPD'!F:F), 0))} -> 8.4881919e-06
A36: North America | B36: EPS | C36: =_xlfn.XLOOKUP(B36,'2.1.trackMPD'!$R$7:$R$29,'2.1.trackMPD'!$T$7:$T$29) -> 1 | D36: 1000 | E36: Fiber | F36: Regional | G36: sea | H36: AdvInput | I36: {=INDEX('2.1.trackMPD'!K:K/(24*60*60), MATCH(1, (A36='2.1.trackMPD'!A:A)* (C36='2.1.trackMPD'!D:D)* (D36/10^6='2.1.trackMPD'!H:H)* (E36='2.1.trackMPD'!F:F), 0))} -> 3.0160454e-07
A37: North America | B37: EPS | C37: =_xlfn.XLOOKUP(B37,'2.1.trackMPD'!$R$7:$R$29,'2.1.trackMPD'!$T$7:$T$29) -> 1 | D37: 1000 | E37: Fiber | F37: Regional | G37: deepocean | H37: AdvInput | I37: {=INDEX('2.1.trackMPD'!L:L/(24*60*60), MATCH(1, (A37='2.1.trackMPD'!A:A)* (C37='2.1.trackMPD'!D:D)* (D37/10^6='2.1.trackMPD'!H:H)* (E37='2.1.trackMPD'!F:F), 0))} -> 1.9816593e-07
A38: North America | B38: EPS | C38: =_xlfn.XLOOKUP(B38,'2.1.trackMPD'!$R$7:$R$29,'2.1.trackMPD'!$T$7:$T$29) -> 1 | D38: 5000 | E38: Fiber | F38: Regional | G38: sea | H38: VelInput | I38: {=INDEX('2.1.trackMPD'!I:I/(24*60*60), MATCH(1, (A38='2.1.trackMPD'!A:A)* (C38='2.1.trackMPD'!D:D)* (D38/10^6='2.1.trackMPD'!H:H)* (E38='2.1.trackMPD'!F:F), 0))} -> 2.5536319e-07
A39: North America | B39: EPS | C39: =_xlfn.XLOOKUP(B39,'2.1.trackMPD'!$R$7:$R$29,'2.1.trackMPD'!$T$7:$T$29) -> 1 | D39: 5000 | E39: Fiber | F39: Regional | G39: deepocean | H39: VelInput | I39: {=INDEX('2.1.trackMPD'!J:J/(24*60*60), MATCH(1, (A39='2.1.trackMPD'!A:A)* (C39='2.1.trackMPD'!D:D)* (D39/10^6='2.1.trackMPD'!H:H)* (E39='2.1.trackMPD'!F:F), 0))} -> 4.9462719e-06
A40: North America | B40: EPS | C40: =_xlfn.XLOOKUP(B40,'2.1.trackMPD'!$R$7:$R$29,'2.1.trackMPD'!$T$7:$T$29) -> 1 | D40: 5000 | E40: Fiber | F40: Regional | G40: sea | H40: AdvInput | I40: {=INDEX('2.1.trackMPD'!K:K/(24*60*60), MATCH(1, (A40='2.1.trackMPD'!A:A)* (C40='2.1.trackMPD'!D:D)* (D40/10^6='2.1.trackMPD'!H:H)* (E40='2.1.trackMPD'!F:F), 0))} -> 0
A41: North America | B41: EPS | C41: =_xlfn.XLOOKUP(B41,'2.1.trackMPD'!$R$7:$R$29,'2.1.trackMPD'!$T$7:$T$29) -> 1 | D41: 5000 | E41: Fiber | F41: Regional | G41: deepocean | H41: AdvInput | I41: {=INDEX('2.1.trackMPD'!L:L/(24*60*60), MATCH(1, (A41='2.1.trackMPD'!A:A)* (C41='2.1.trackMPD'!D:D)* (D41/10^6='2.1.trackMPD'!H:H)* (E41='2.1.trackMPD'!F:F), 0))} -> 0
A42: North America | B42: EPS | C42: =_xlfn.XLOOKUP(B42,'2.1.trackMPD'!$R$7:$R$29,'2.1.trackMPD'!$T$7:$T$29) -> 1 | D42: 1 | E42: Film | F42: Regional | G42: sea | H42: VelInput | I42: {=INDEX('2.1.trackMPD'!I:I/(24*60*60), MATCH(1, (A42='2.1.trackMPD'!A:A)* (C42='2.1.trackMPD'!D:D)* (D42/10^6='2.1.trackMPD'!H:H)* (E42='2.1.trackMPD'!F:F), 0))} -> #N/A
A43: North America | B43: EPS | C43: =_xlfn.XLOOKUP(B43,'2.1.trackMPD'!$R$7:$R$29,'2.1.trackMPD'!$T$7:$T$29) -> 1 | D43: 1 | E43: Film | F43: Regional | G43: deepocean | H43: VelInput | I43: {=INDEX('2.1.trackMPD'!J:J/(24*60*60), MATCH(1, (A43='2.1.trackMPD'!A:A)* (C43='2.1.trackMPD'!D:D)* (D43/10^6='2.1.trackMPD'!H:H)* (E43='2.1.trackMPD'!F:F), 0))} -> #N/A
A44: North America | B44: EPS | C44: =_xlfn.XLOOKUP(B44,'2.1.trackMPD'!$R$7:$R$29,'2.1.trackMPD'!$T$7:$T$29) -> 1 | D44: 1 | E44: Film | F44: Regional | G44: sea | H44: AdvInput | I44: {=INDEX('2.1.trackMPD'!K:K/(24*60*60), MATCH(1, (A44='2.1.trackMPD'!A:A)* (C44='2.1.trackMPD'!D:D)* (D44/10^6='2.1.trackMPD'!H:H)* (E44='2.1.trackMPD'!F:F), 0))} -> #N/A
A45: North America | B45: EPS | C45: =_xlfn.XLOOKUP(B45,'2.1.trackMPD'!$R$7:$R$29,'2.1.trackMPD'!$T$7:$T$29) -> 1 | D45: 1 | E45: Film | F45: Regional | G45: deepocean | H45: AdvInput | I45: {=INDEX('2.1.trackMPD'!L:L/(24*60*60), MATCH(1, (A45='2.1.trackMPD'!A:A)* (C45='2.1.trackMPD'!D:D)* (D45/10^6='2.1.trackMPD'!H:H)* (E45='2.1.trackMPD'!F:F), 0))} -> #N/A
A46: North America | B46: EPS | C46: =_xlfn.XLOOKUP(B46,'2.1.trackMPD'!$R$7:$R$29,'2.1.trackMPD'!$T$7:$T$29) -> 1 | D46: 10 | E46: Film | F46: Regional | G46: sea | H46: VelInput | I46: {=INDEX('2.1.trackMPD'!I:I/(24*60*60), MATCH(1, (A46='2.1.trackMPD'!A:A)* (C46='2.1.trackMPD'!D:D)* (D46/10^6='2.1.trackMPD'!H:H)* (E46='2.1.trackMPD'!F:F), 0))} -> #N/A
A47: North America | B47: EPS | C47: =_xlfn.XLOOKUP(B47,'2.1.trackMPD'!$R$7:$R$29,'2.1.trackMPD'!$T$7:$T$29) -> 1 | D47: 10 | E47: Film | F47: Regional | G47: deepocean | H47: VelInput | I47: {=INDEX('2.1.trackMPD'!J:J/(24*60*60), MATCH(1, (A47='2.1.trackMPD'!A:A)* (C47='2.1.trackMPD'!D:D)* (D47/10^6='2.1.trackMPD'!H:H)* (E47='2.1.trackMPD'!F:F), 0))} -> #N/A
A48: North America | B48: EPS | C48: =_xlfn.XLOOKUP(B48,'2.1.trackMPD'!$R$7:$R$29,'2.1.trackMPD'!$T$7:$T$29) -> 1 | D48: 10 | E48: Film | F48: Regional | G48: sea | H48: AdvInput | I48: {=INDEX('2.1.trackMPD'!K:K/(24*60*60), MATCH(1, (A48='2.1.trackMPD'!A:A)* (C48='2.1.trackMPD'!D:D)* (D48/10^6='2.1.trackMPD'!H:H)* (E48='2.1.trackMPD'!F:F), 0))} -> #N/A
A49: North America | B49: EPS | C49: =_xlfn.XLOOKUP(B49,'2.1.trackMPD'!$R$7:$R$29,'2.1.trackMPD'!$T$7:$T$29) -> 1 | D49: 10 | E49: Film | F49: Regional | G49: deepocean | H49: AdvInput | I49: {=INDEX('2.1.trackMPD'!L:L/(24*60*60), MATCH(1, (A49='2.1.trackMPD'!A:A)* (C49='2.1.trackMPD'!D:D)* (D49/10^6='2.1.trackMPD'!H:H)* (E49='2.1.trackMPD'!F:F), 0))} -> #N/A
A50: North America | B50: EPS | C50: =_xlfn.XLOOKUP(B50,'2.1.trackMPD'!$R$7:$R$29,'2.1.trackMPD'!$T$7:$T$29) -> 1 | D50: 100 | E50: Film | F50: Regional | G50: sea | H50: VelInput | I50: {=INDEX('2.1.trackMPD'!I:I/(24*60*60), MATCH(1, (A50='2.1.trackMPD'!A:A)* (C50='2.1.trackMPD'!D:D)* (D50/10^6='2.1.trackMPD'!H:H)* (E50='2.1.trackMPD'!F:F), 0))} -> #N/A
A51: North America | B51: EPS | C51: =_xlfn.XLOOKUP(B51,'2.1.trackMPD'!$R$7:$R$29,'2.1.trackMPD'!$T$7:$T$29) -> 1 | D51: 100 | E51: Film | F51: Regional | G51: deepocean | H51: VelInput | I51: {=INDEX('2.1.trackMPD'!J:J/(24*60*60), MATCH(1, (A51='2.1.trackMPD'!A:A)* (C51='2.1.trackMPD'!D:D)* (D51/10^6='2.1.trackMPD'!H:H)* (E51='2.1.trackMPD'!F:F), 0))} -> #N/A
A52: North America | B52: EPS | C52: =_xlfn.XLOOKUP(B52,'2.1.trackMPD'!$R$7:$R$29,'2.1.trackMPD'!$T$7:$T$29) -> 1 | D52: 100 | E52: Film | F52: Regional | G52: sea | H52: AdvInput | I52: {=INDEX('2.1.trackMPD'!K:K/(24*60*60), MATCH(1, (A52='2.1.trackMPD'!A:A)* (C52='2.1.trackMPD'!D:D)* (D52/10^6='2.1.trackMPD'!H:H)* (E52='2.1.trackMPD'!F:F), 0))} -> #N/A
A53: North America | B53: EPS | C53: =_xlfn.XLOOKUP(B53,'2.1.trackMPD'!$R$7:$R$29,'2.1.trackMPD'!$T$7:$T$29) -> 1 | D53: 100 | E53: Film | F53: Regional | G53: deepocean | H53: AdvInput | I53: {=INDEX('2.1.trackMPD'!L:L/(24*60*60), MATCH(1, (A53='2.1.trackMPD'!A:A)* (C53='2.1.trackMPD'!D:D)* (D53/10^6='2.1.trackMPD'!H:H)* (E53='2.1.trackMPD'!F:F), 0))} -> #N/A
A54: North America | B54: HDPE | C54: =_xlfn.XLOOKUP(B54,'2.1.trackMPD'!$R$7:$R$29,'2.1.trackMPD'!$T$7:$T$29) -> 4 | D54: 1 | E54: Sphere | F54: Regional | G54: sea | H54: VelInput | I54: {=INDEX('2.1.trackMPD'!I:I/(24*60*60), MATCH(1, (A54='2.1.trackMPD'!A:A)* (C54='2.1.trackMPD'!D:D)* (D54/10^6='2.1.trackMPD'!H:H)* (E54='2.1.trackMPD'!F:F), 0))} -> 5.5030007e-07
A55: North America | B55: HDPE | C55: =_xlfn.XLOOKUP(B55,'2.1.trackMPD'!$R$7:$R$29,'2.1.trackMPD'!$T$7:$T$29) -> 4 | D55: 1 | E55: Sphere | F55: Regional | G55: deepocean | H55: VelInput | I55: {=INDEX('2.1.trackMPD'!J:J/(24*60*60), MATCH(1, (A55='2.1.trackMPD'!A:A)* (C55='2.1.trackMPD'!D:D)* (D55/10^6='2.1.trackMPD'!H:H)* (E55='2.1.trackMPD'!F:F), 0))} -> 7.1301307e-06
A56: North America | B56: HDPE | C56: =_xlfn.XLOOKUP(B56,'2.1.trackMPD'!$R$7:$R$29,'2.1.trackMPD'!$T$7:$T$29) -> 4 | D56: 1 | E56: Sphere | F56: Regional | G56: sea | H56: AdvInput | I56: {=INDEX('2.1.trackMPD'!K:K/(24*60*60), MATCH(1, (A56='2.1.trackMPD'!A:A)* (C56='2.1.trackMPD'!D:D)* (D56/10^6='2.1.trackMPD'!H:H)* (E56='2.1.trackMPD'!F:F), 0))} -> 2.6205451e-06
A57: North America | B57: HDPE | C57: =_xlfn.XLOOKUP(B57,'2.1.trackMPD'!$R$7:$R$29,'2.1.trackMPD'!$T$7:$T$29) -> 4 | D57: 1 | E57: Sphere | F57: Regional | G57: deepocean | H57: AdvInput | I57: {=INDEX('2.1.trackMPD'!L:L/(24*60*60), MATCH(1, (A57='2.1.trackMPD'!A:A)* (C57='2.1.trackMPD'!D:D)* (D57/10^6='2.1.trackMPD'!H:H)* (E57='2.1.trackMPD'!F:F), 0))} -> 0
A58: North America | B58: HDPE | C58: =_xlfn.XLOOKUP(B58,'2.1.trackMPD'!$R$7:$R$29,'2.1.trackMPD'!$T$7:$T$29) -> 4 | D58: 10 | E58: Sphere | F58: Regional | G58: sea | H58: VelInput | I58: {=INDEX('2.1.trackMPD'!I:I/(24*60*60), MATCH(1, (A58='2.1.trackMPD'!A:A)* (C58='2.1.trackMPD'!D:D)* (D58/10^6='2.1.trackMPD'!H:H)* (E58='2.1.trackMPD'!F:F), 0))} -> 1.7349322e-06
A59: North America | B59: HDPE | C59: =_xlfn.XLOOKUP(B59,'2.1.trackMPD'!$R$7:$R$29,'2.1.trackMPD'!$T$7:$T$29) -> 4 | D59: 10 | E59: Sphere | F59: Regional | G59: deepocean | H59: VelInput | I59: {=INDEX('2.1.trackMPD'!J:J/(24*60*60), MATCH(1, (A59='2.1.trackMPD'!A:A)* (C59='2.1.trackMPD'!D:D)* (D59/10^6='2.1.trackMPD'!H:H)* (E59='2.1.trackMPD'!F:F), 0))} -> 1.2348909e-05
A60: North America | B60: HDPE | C60: =_xlfn.XLOOKUP(B60,'2.1.trackMPD'!$R$7:$R$29,'2.1.trackMPD'!$T$7:$T$29) -> 4 | D60: 10 | E60: Sphere | F60: Regional | G60: sea | H60: AdvInput | I60: {=INDEX('2.1.trackMPD'!K:K/(24*60*60), MATCH(1, (A60='2.1.trackMPD'!A:A)* (C60='2.1.trackMPD'!D:D)* (D60/10^6='2.1.trackMPD'!H:H)* (E60='2.1.trackMPD'!F:F), 0))} -> 2.5844825e-06
A61: North America | B61: HDPE | C61: =_xlfn.XLOOKUP(B61,'2.1.trackMPD'!$R$7:$R$29,'2.1.trackMPD'!$T$7:$T$29) -> 4 | D61: 10 | E61: Sphere | F61: Regional | G61: deepocean | H61: AdvInput | I61: {=INDEX('2.1.trackMPD'!L:L/(24*60*60), MATCH(1, (A61='2.1.trackMPD'!A:A)* (C61='2.1.trackMPD'!D:D)* (D61/10^6='2.1.trackMPD'!H:H)* (E61='2.1.trackMPD'!F:F), 0))} -> 3.3467202e-06
A62: North America | B62: HDPE | C62: =_xlfn.XLOOKUP(B62,'2.1.trackMPD'!$R$7:$R$29,'2.1.trackMPD'!$T$7:$T$29) -> 4 | D62: 100 | E62: Sphere | F62: Regional | G62: sea | H62: VelInput | I62: {=INDEX('2.1.trackMPD'!I:I/(24*60*60), MATCH(1, (A62='2.1.trackMPD'!A:A)* (C62='2.1.trackMPD'!D:D)* (D62/10^6='2.1.trackMPD'!H:H)* (E62='2.1.trackMPD'!F:F), 0))} -> 5.3616766e-06
A63: North America | B63: HDPE | C63: =_xlfn.XLOOKUP(B63,'2.1.trackMPD'!$R$7:$R$29,'2.1.trackMPD'!$T$7:$T$29) -> 4 | D63: 100 | E63: Sphere | F63: Regional | G63: deepocean | H63: VelInput | I63: {=INDEX('2.1.trackMPD'!J:J/(24*60*60), MATCH(1, (A63='2.1.trackMPD'!A:A)* (C63='2.1.trackMPD'!D:D)* (D63/10^6='2.1.trackMPD'!H:H)* (E63='2.1.trackMPD'!F:F), 0))} -> 0.00029874687
A64: North America | B64: HDPE | C64: =_xlfn.XLOOKUP(B64,'2.1.trackMPD'!$R$7:$R$29,'2.1.trackMPD'!$T$7:$T$29) -> 4 | D64: 100 | E64: Sphere | F64: Regional | G64: sea | H64: AdvInput | I64: {=INDEX('2.1.trackMPD'!K:K/(24*60*60), MATCH(1, (A64='2.1.trackMPD'!A:A)* (C64='2.1.trackMPD'!D:D)* (D64/10^6='2.1.trackMPD'!H:H)* (E64='2.1.trackMPD'!F:F), 0))} -> 0
A65: North America | B65: HDPE | C65: =_xlfn.XLOOKUP(B65,'2.1.trackMPD'!$R$7:$R$29,'2.1.trackMPD'!$T$7:$T$29) -> 4 | D65: 100 | E65: Sphere | F65: Regional | G65: deepocean | H65: AdvInput | I65: {=INDEX('2.1.trackMPD'!L:L/(24*60*60), MATCH(1, (A65='2.1.trackMPD'!A:A)* (C65='2.1.trackMPD'!D:D)* (D65/10^6='2.1.trackMPD'!H:H)* (E65='2.1.trackMPD'!F:F), 0))} -> 3.4614723e-06
A66: North America | B66: HDPE | C66: =_xlfn.XLOOKUP(B66,'2.1.trackMPD'!$R$7:$R$29,'2.1.trackMPD'!$T$7:$T$29) -> 4 | D66: 1000 | E66: Sphere | F66: Regional | G66: sea | H66: VelInput | I66: {=INDEX('2.1.trackMPD'!I:I/(24*60*60), MATCH(1, (A66='2.1.trackMPD'!A:A)* (C66='2.1.trackMPD'!D:D)* (D66/10^6='2.1.trackMPD'!H:H)* (E66='2.1.trackMPD'!F:F), 0))} -> 7.8376162e-07
A67: North America | B67: HDPE | C67: =_xlfn.XLOOKUP(B67,'2.1.trackMPD'!$R$7:$R$29,'2.1.trackMPD'!$T$7:$T$29) -> 4 | D67: 1000 | E67: Sphere | F67: Regional | G67: deepocean | H67: VelInput | I67: {=INDEX('2.1.trackMPD'!J:J/(24*60*60), MATCH(1, (A67='2.1.trackMPD'!A:A)* (C67='2.1.trackMPD'!D:D)* (D67/10^6='2.1.trackMPD'!H:H)* (E67='2.1.trackMPD'!F:F), 0))} -> 0.00022721873
A68: North America | B68: HDPE | C68: =_xlfn.XLOOKUP(B68,'2.1.trackMPD'!$R$7:$R$29,'2.1.trackMPD'!$T$7:$T$29) -> 4 | D68: 1000 | E68: Sphere | F68: Regional | G68: sea | H68: AdvInput | I68: {=INDEX('2.1.trackMPD'!K:K/(24*60*60), MATCH(1, (A68='2.1.trackMPD'!A:A)* (C68='2.1.trackMPD'!D:D)* (D68/10^6='2.1.trackMPD'!H:H)* (E68='2.1.trackMPD'!F:F), 0))} -> 2.5025025e-06
A69: North America | B69: HDPE | C69: =_xlfn.XLOOKUP(B69,'2.1.trackMPD'!$R$7:$R$29,'2.1.trackMPD'!$T$7:$T$29) -> 4 | D69: 1000 | E69: Sphere | F69: Regional | G69: deepocean | H69: AdvInput | I69: {=INDEX('2.1.trackMPD'!L:L/(24*60*60), MATCH(1, (A69='2.1.trackMPD'!A:A)* (C69='2.1.trackMPD'!D:D)* (D69/10^6='2.1.trackMPD'!H:H)* (E69='2.1.trackMPD'!F:F), 0))} -> 6.9444444e-05
A70: North America | B70: HDPE | C70: =_xlfn.XLOOKUP(B70,'2.1.trackMPD'!$R$7:$R$29,'2.1.trackMPD'!$T$7:$T$29) -> 4 | D70: 5000 | E70: Sphere | F70: Regional | G70: sea | H70: VelInput | I70: {=INDEX('2.1.trackMPD'!I:I/(24*60*60), MATCH(1, (A70='2.1.trackMPD'!A:A)* (C70='2.1.trackMPD'!D:D)* (D70/10^6='2.1.trackMPD'!H:H)* (E70='2.1.trackMPD'!F:F), 0))} -> 2.18806e-07
A71: North America | B71: HDPE | C71: =_xlfn.XLOOKUP(B71,'2.1.trackMPD'!$R$7:$R$29,'2.1.trackMPD'!$T$7:$T$29) -> 4 | D71: 5000 | E71: Sphere | F71: Regional | G71: deepocean | H71: VelInput | I71: {=INDEX('2.1.trackMPD'!J:J/(24*60*60), MATCH(1, (A71='2.1.trackMPD'!A:A)* (C71='2.1.trackMPD'!D:D)* (D71/10^6='2.1.trackMPD'!H:H)* (E71='2.1.trackMPD'!F:F), 0))} -> 2.9291677e-05
A72: North America | B72: HDPE | C72: =_xlfn.XLOOKUP(B72,'2.1.trackMPD'!$R$7:$R$29,'2.1.trackMPD'!$T$7:$T$29) -> 4 | D72: 5000 | E72: Sphere | F72: Regional | G72: sea | H72: AdvInput | I72: {=INDEX('2.1.trackMPD'!K:K/(24*60*60), MATCH(1, (A72='2.1.trackMPD'!A:A)* (C72='2.1.trackMPD'!D:D)* (D72/10^6='2.1.trackMPD'!H:H)* (E72='2.1.trackMPD'!F:F), 0))} -> 1.3378868e-06
A73: North America | B73: HDPE | C73: =_xlfn.XLOOKUP(B73,'2.1.trackMPD'!$R$7:$R$29,'2.1.trackMPD'!$T$7:$T$29) -> 4 | D73: 5000 | E73: Sphere | F73: Regional | G73: deepocean | H73: AdvInput | I73: {=INDEX('2.1.trackMPD'!L:L/(24*60*60), MATCH(1, (A73='2.1.trackMPD'!A:A)* (C73='2.1.trackMPD'!D:D)* (D73/10^6='2.1.trackMPD'!H:H)* (E73='2.1.trackMPD'!F:F), 0))} -> 1.754989e-06
A74: North America | B74: HDPE | C74: =_xlfn.XLOOKUP(B74,'2.1.trackMPD'!$R$7:$R$29,'2.1.trackMPD'!$T$7:$T$29) -> 4 | D74: 1 | E74: Fiber | F74: Regional | G74: sea | H74: VelInput | I74: {=INDEX('2.1.trackMPD'!I:I/(24*60*60), MATCH(1, (A74='2.1.trackMPD'!A:A)* (C74='2.1.trackMPD'!D:D)* (D74/10^6='2.1.trackMPD'!H:H)* (E74='2.1.trackMPD'!F:F), 0))} -> 6.309802e-07
A75: North America | B75: HDPE | C75: =_xlfn.XLOOKUP(B75,'2.1.trackMPD'!$R$7:$R$29,'2.1.trackMPD'!$T$7:$T$29) -> 4 | D75: 1 | E75: Fiber | F75: Regional | G75: deepocean | H75: VelInput | I75: {=INDEX('2.1.trackMPD'!J:J/(24*60*60), MATCH(1, (A75='2.1.trackMPD'!A:A)* (C75='2.1.trackMPD'!D:D)* (D75/10^6='2.1.trackMPD'!H:H)* (E75='2.1.trackMPD'!F:F), 0))} -> 6.7949631e-06
A76: North America | B76: HDPE | C76: =_xlfn.XLOOKUP(B76,'2.1.trackMPD'!$R$7:$R$29,'2.1.trackMPD'!$T$7:$T$29) -> 4 | D76: 1 | E76: Fiber | F76: Regional | G76: sea | H76: AdvInput | I76: {=INDEX('2.1.trackMPD'!K:K/(24*60*60), MATCH(1, (A76='2.1.trackMPD'!A:A)* (C76='2.1.trackMPD'!D:D)* (D76/10^6='2.1.trackMPD'!H:H)* (E76='2.1.trackMPD'!F:F), 0))} -> 0
A77: North America | B77: HDPE | C77: =_xlfn.XLOOKUP(B77,'2.1.trackMPD'!$R$7:$R$29,'2.1.trackMPD'!$T$7:$T$29) -> 4 | D77: 1 | E77: Fiber | F77: Regional | G77: deepocean | H77: AdvInput | I77: {=INDEX('2.1.trackMPD'!L:L/(24*60*60), MATCH(1, (A77='2.1.trackMPD'!A:A)* (C77='2.1.trackMPD'!D:D)* (D77/10^6='2.1.trackMPD'!H:H)* (E77='2.1.trackMPD'!F:F), 0))} -> 2.6968716e-06
A78: North America | B78: HDPE | C78: =_xlfn.XLOOKUP(B78,'2.1.trackMPD'!$R$7:$R$29,'2.1.trackMPD'!$T$7:$T$29) -> 4 | D78: 10 | E78: Fiber | F78: Regional | G78: sea | H78: VelInput | I78: {=INDEX('2.1.trackMPD'!I:I/(24*60*60), MATCH(1, (A78='2.1.trackMPD'!A:A)* (C78='2.1.trackMPD'!D:D)* (D78/10^6='2.1.trackMPD'!H:H)* (E78='2.1.trackMPD'!F:F), 0))} -> 5.6565305e-06
A79: North America | B79: HDPE | C79: =_xlfn.XLOOKUP(B79,'2.1.trackMPD'!$R$7:$R$29,'2.1.trackMPD'!$T$7:$T$29) -> 4 | D79: 10 | E79: Fiber | F79: Regional | G79: deepocean | H79: VelInput | I79: {=INDEX('2.1.trackMPD'!J:J/(24*60*60), MATCH(1, (A79='2.1.trackMPD'!A:A)* (C79='2.1.trackMPD'!D:D)* (D79/10^6='2.1.trackMPD'!H:H)* (E79='2.1.trackMPD'!F:F), 0))} -> 4.9042771e-05
A80: North America | B80: HDPE | C80: =_xlfn.XLOOKUP(B80,'2.1.trackMPD'!$R$7:$R$29,'2.1.trackMPD'!$T$7:$T$29) -> 4 | D80: 10 | E80: Fiber | F80: Regional | G80: sea | H80: AdvInput | I80: {=INDEX('2.1.trackMPD'!K:K/(24*60*60), MATCH(1, (A80='2.1.trackMPD'!A:A)* (C80='2.1.trackMPD'!D:D)* (D80/10^6='2.1.trackMPD'!H:H)* (E80='2.1.trackMPD'!F:F), 0))} -> 0
A81: North America | B81: HDPE | C81: =_xlfn.XLOOKUP(B81,'2.1.trackMPD'!$R$7:$R$29,'2.1.trackMPD'!$T$7:$T$29) -> 4 | D81: 10 | E81: Fiber | F81: Regional | G81: deepocean | H81: AdvInput | I81: {=INDEX('2.1.trackMPD'!L:L/(24*60*60), MATCH(1, (A81='2.1.trackMPD'!A:A)* (C81='2.1.trackMPD'!D:D)* (D81/10^6='2.1.trackMPD'!H:H)* (E81='2.1.trackMPD'!F:F), 0))} -> 3.2679739e-06
A82: North America | B82: HDPE | C82: =_xlfn.XLOOKUP(B82,'2.1.trackMPD'!$R$7:$R$29,'2.1.trackMPD'!$T$7:$T$29) -> 4 | D82: 100 | E82: Fiber | F82: Regional | G82: sea | H82: VelInput | I82: {=INDEX('2.1.trackMPD'!I:I/(24*60*60), MATCH(1, (A82='2.1.trackMPD'!A:A)* (C82='2.1.trackMPD'!D:D)* (D82/10^6='2.1.trackMPD'!H:H)* (E82='2.1.trackMPD'!F:F), 0))} -> 4.3220239e-06
A83: North America | B83: HDPE | C83: =_xlfn.XLOOKUP(B83,'2.1.trackMPD'!$R$7:$R$29,'2.1.trackMPD'!$T$7:$T$29) -> 4 | D83: 100 | E83: Fiber | F83: Regional | G83: deepocean | H83: VelInput | I83: {=INDEX('2.1.trackMPD'!J:J/(24*60*60), MATCH(1, (A83='2.1.trackMPD'!A:A)* (C83='2.1.trackMPD'!D:D)* (D83/10^6='2.1.trackMPD'!H:H)* (E83='2.1.trackMPD'!F:F), 0))} -> 0.00048589629
A84: North America | B84: HDPE | C84: =_xlfn.XLOOKUP(B84,'2.1.trackMPD'!$R$7:$R$29,'2.1.trackMPD'!$T$7:$T$29) -> 4 | D84: 100 | E84: Fiber | F84: Regional | G84: sea | H84: AdvInput | I84: {=INDEX('2.1.trackMPD'!K:K/(24*60*60), MATCH(1, (A84='2.1.trackMPD'!A:A)* (C84='2.1.trackMPD'!D:D)* (D84/10^6='2.1.trackMPD'!H:H)* (E84='2.1.trackMPD'!F:F), 0))} -> 0
A85: North America | B85: HDPE | C85: =_xlfn.XLOOKUP(B85,'2.1.trackMPD'!$R$7:$R$29,'2.1.trackMPD'!$T$7:$T$29) -> 4 | D85: 100 | E85: Fiber | F85: Regional | G85: deepocean | H85: AdvInput | I85: {=INDEX('2.1.trackMPD'!L:L/(24*60*60), MATCH(1, (A85='2.1.trackMPD'!A:A)* (C85='2.1.trackMPD'!D:D)* (D85/10^6='2.1.trackMPD'!H:H)* (E85='2.1.trackMPD'!F:F), 0))} -> 4.748685e-06
A86: North America | B86: HDPE | C86: =_xlfn.XLOOKUP(B86,'2.1.trackMPD'!$R$7:$R$29,'2.1.trackMPD'!$T$7:$T$29) -> 4 | D86: 1000 | E86: Fiber | F86: Regional | G86: sea | H86: VelInput | I86: {=INDEX('2.1.trackMPD'!I:I/(24*60*60), MATCH(1, (A86='2.1.trackMPD'!A:A)* (C86='2.1.trackMPD'!D:D)* (D86/10^6='2.1.trackMPD'!H:H)* (E86='2.1.trackMPD'!F:F), 0))} -> 5.2909394e-07
A87: North America | B87: HDPE | C87: =_xlfn.XLOOKUP(B87,'2.1.trackMPD'!$R$7:$R$29,'2.1.trackMPD'!$T$7:$T$29) -> 4 | D87: 1000 | E87: Fiber | F87: Regional | G87: deepocean | H87: VelInput | I87: {=INDEX('2.1.trackMPD'!J:J/(24*60*60), MATCH(1, (A87='2.1.trackMPD'!A:A)* (C87='2.1.trackMPD'!D:D)* (D87/10^6='2.1.trackMPD'!H:H)* (E87='2.1.trackMPD'!F:F), 0))} -> 0.00016784177
A88: North America | B88: HDPE | C88: =_xlfn.XLOOKUP(B88,'2.1.trackMPD'!$R$7:$R$29,'2.1.trackMPD'!$T$7:$T$29) -> 4 | D88: 1000 | E88: Fiber | F88: Regional | G88: sea | H88: AdvInput | I88: {=INDEX('2.1.trackMPD'!K:K/(24*60*60), MATCH(1, (A88='2.1.trackMPD'!A:A)* (C88='2.1.trackMPD'!D:D)* (D88/10^6='2.1.trackMPD'!H:H)* (E88='2.1.trackMPD'!F:F), 0))} -> 2.4691846e-06
A89: North America | B89: HDPE | C89: =_xlfn.XLOOKUP(B89,'2.1.trackMPD'!$R$7:$R$29,'2.1.trackMPD'!$T$7:$T$29) -> 4 | D89: 1000 | E89: Fiber | F89: Regional | G89: deepocean | H89: AdvInput | I89: {=INDEX('2.1.trackMPD'!L:L/(24*60*60), MATCH(1, (A89='2.1.trackMPD'!A:A)* (C89='2.1.trackMPD'!D:D)* (D89/10^6='2.1.trackMPD'!H:H)* (E89='2.1.trackMPD'!F:F), 0))} -> 6.3856961e-07
A90: North America | B90: HDPE | C90: =_xlfn.XLOOKUP(B90,'2.1.trackMPD'!$R$7:$R$29,'2.1.trackMPD'!$T$7:$T$29) -> 4 | D90: 5000 | E90: Fiber | F90: Regional | G90: sea | H90: VelInput | I90: {=INDEX('2.1.trackMPD'!I:I/(24*60*60), MATCH(1, (A90='2.1.trackMPD'!A:A)* (C90='2.1.trackMPD'!D:D)* (D90/10^6='2.1.trackMPD'!H:H)* (E90='2.1.trackMPD'!F:F), 0))} -> 1.9950453e-07
A91: North America | B91: HDPE | C91: =_xlfn.XLOOKUP(B91,'2.1.trackMPD'!$R$7:$R$29,'2.1.trackMPD'!$T$7:$T$29) -> 4 | D91: 5000 | E91: Fiber | F91: Regional | G91: deepocean | H91: VelInput | I91: {=INDEX('2.1.trackMPD'!J:J/(24*60*60), MATCH(1, (A91='2.1.trackMPD'!A:A)* (C91='2.1.trackMPD'!D:D)* (D91/10^6='2.1.trackMPD'!H:H)* (E91='2.1.trackMPD'!F:F), 0))} -> 1.6128558e-05
A92: North America | B92: HDPE | C92: =_xlfn.XLOOKUP(B92,'2.1.trackMPD'!$R$7:$R$29,'2.1.trackMPD'!$T$7:$T$29) -> 4 | D92: 5000 | E92: Fiber | F92: Regional | G92: sea | H92: AdvInput | I92: {=INDEX('2.1.trackMPD'!K:K/(24*60*60), MATCH(1, (A92='2.1.trackMPD'!A:A)* (C92='2.1.trackMPD'!D:D)* (D92/10^6='2.1.trackMPD'!H:H)* (E92='2.1.trackMPD'!F:F), 0))} -> 1.3952308e-06
A93: North America | B93: HDPE | C93: =_xlfn.XLOOKUP(B93,'2.1.trackMPD'!$R$7:$R$29,'2.1.trackMPD'!$T$7:$T$29) -> 4 | D93: 5000 | E93: Fiber | F93: Regional | G93: deepocean | H93: AdvInput | I93: {=INDEX('2.1.trackMPD'!L:L/(24*60*60), MATCH(1, (A93='2.1.trackMPD'!A:A)* (C93='2.1.trackMPD'!D:D)* (D93/10^6='2.1.trackMPD'!H:H)* (E93='2.1.trackMPD'!F:F), 0))} -> 4.5944553e-07
A94: North America | B94: HDPE | C94: =_xlfn.XLOOKUP(B94,'2.1.trackMPD'!$R$7:$R$29,'2.1.trackMPD'!$T$7:$T$29) -> 4 | D94: 1 | E94: Film | F94: Regional | G94: sea | H94: VelInput | I94: {=INDEX('2.1.trackMPD'!I:I/(24*60*60), MATCH(1, (A94='2.1.trackMPD'!A:A)* (C94='2.1.trackMPD'!D:D)* (D94/10^6='2.1.trackMPD'!H:H)* (E94='2.1.trackMPD'!F:F), 0))} -> #N/A
A95: North America | B95: HDPE | C95: =_xlfn.XLOOKUP(B95,'2.1.trackMPD'!$R$7:$R$29,'2.1.trackMPD'!$T$7:$T$29) -> 4 | D95: 1 | E95: Film | F95: Regional | G95: deepocean | H95: VelInput | I95: {=INDEX('2.1.trackMPD'!J:J/(24*60*60), MATCH(1, (A95='2.1.trackMPD'!A:A)* (C95='2.1.trackMPD'!D:D)* (D95/10^6='2.1.trackMPD'!H:H)* (E95='2.1.trackMPD'!F:F), 0))} -> #N/A
A96: North America | B96: HDPE | C96: =_xlfn.XLOOKUP(B96,'2.1.trackMPD'!$R$7:$R$29,'2.1.trackMPD'!$T$7:$T$29) -> 4 | D96: 1 | E96: Film | F96: Regional | G96: sea | H96: AdvInput | I96: {=INDEX('2.1.trackMPD'!K:K/(24*60*60), MATCH(1, (A96='2.1.trackMPD'!A:A)* (C96='2.1.trackMPD'!D:D)* (D96/10^6='2.1.trackMPD'!H:H)* (E96='2.1.trackMPD'!F:F), 0))} -> #N/A
A97: North America | B97: HDPE | C97: =_xlfn.XLOOKUP(B97,'2.1.trackMPD'!$R$7:$R$29,'2.1.trackMPD'!$T$7:$T$29) -> 4 | D97: 1 | E97: Film | F97: Regional | G97: deepocean | H97: AdvInput | I97: {=INDEX('2.1.trackMPD'!L:L/(24*60*60), MATCH(1, (A97='2.1.trackMPD'!A:A)* (C97='2.1.trackMPD'!D:D)* (D97/10^6='2.1.trackMPD'!H:H)* (E97='2.1.trackMPD'!F:F), 0))} -> #N/A
A98: North America | B98: HDPE | C98: =_xlfn.XLOOKUP(B98,'2.1.trackMPD'!$R$7:$R$29,'2.1.trackMPD'!$T$7:$T$29) -> 4 | D98: 10 | E98: Film | F98: Regional | G98: sea | H98: VelInput | I98: {=INDEX('2.1.trackMPD'!I:I/(24*60*60), MATCH(1, (A98='2.1.trackMPD'!A:A)* (C98='2.1.trackMPD'!D:D)* (D98/10^6='2.1.trackMPD'!H:H)* (E98='2.1.trackMPD'!F:F), 0))} -> #N/A
A99: North America | B99: HDPE | C99: =_xlfn.XLOOKUP(B99,'2.1.trackMPD'!$R$7:$R$29,'2.1.trackMPD'!$T$7:$T$29) -> 4 | D99: 10 | E99: Film | F99: Regional | G99: deepocean | H99: VelInput | I99: {=INDEX('2.1.trackMPD'!J:J/(24*60*60), MATCH(1, (A99='2.1.trackMPD'!A:A)* (C99='2.1.trackMPD'!D:D)* (D99/10^6='2.1.trackMPD'!H:H)* (E99='2.1.trackMPD'!F:F), 0))} -> #N/A
A100: North America | B100: HDPE | C100: =_xlfn.XLOOKUP(B100,'2.1.trackMPD'!$R$7:$R$29,'2.1.trackMPD'!$T$7:$T$29) -> 4 | D100: 10 | E100: Film | F100: Regional | G100: sea | H100: AdvInput | I100: {=INDEX('2.1.trackMPD'!K:K/(24*60*60), MATCH(1, (A100='2.1.trackMPD'!A:A)* (C100='2.1.trackMPD'!D:D)* (D100/10^6='2.1.trackMPD'!H:H)* (E100='2.1.trackMPD'!F:F), 0))} -> #N/A
...

Sheet 4.1.species_richness
B2: Fractions continental / global for the marine ecosystem
B4: Sheet adapted from Louvet et al. (2026). Based on the IUCN Red List (2024) and FAO (2020)
O5: Update
A6: Region in USEtox | B6: Marine regions in IUCN | C6: Number of coastal species in region (Neritic zone and coastal zone) | D6: Number of coastal species in RoW | E6: Total of coastal species expected | F6: Real total of coastal species | G6: Coastal species in common | H6: Number endemic coastal species | I6: Number RoW only coastal species | J6: Number of species in global water (Marine Oceanic and Marine Deep Benthic) | K6: % of species in Continental scale | L6: % of species in Global scale (RoW) | M6: Total | O6: % of species in Continental scale | P6: % of species in Global scale | Q6: % of species in RoW Continental scale | R6: Sum | T6: % of species in Continental scale | U6: % of species in Global scale
